pdb_id,resolution,year,assay_type,comparison_sign,value_raw,unit_raw,value_M,value_nM,p_value,log10_nM,ligand_id,ligand_path,pocket_path,comment
1zj7,,,Ki,=,0.15,nM,1.5e-10,0.15,9.823908740944319,-0.8239087409443188,,src/data/scPDB 2/1zj7_1/ligand.sdf,src/data/scPDB 2/1zj7_1/site.mol2,bindingdb_scpdb
2j3j,,,Ki,=,1000000.0,nM,0.001,1000000.0,3.0,6.0,,src/data/scPDB 2/2j3j_1/ligand.sdf,src/data/scPDB 2/2j3j_1/site.mol2,bindingdb_scpdb
3uba,,,Ki,=,1000000.0,nM,0.001,1000000.0,3.0,6.0,,src/data/scPDB 2/3uba_1/ligand.sdf,src/data/scPDB 2/3uba_1/site.mol2,bindingdb_scpdb
1l5f,,,Ki,=,138000.0,nM,0.00013800000000000002,138000.0,3.860120913598763,5.139879086401237,,src/data/scPDB 2/1l5f_1/ligand.sdf,src/data/scPDB 2/1l5f_1/site.mol2,bindingdb_scpdb
3huk,,,Ki,=,2580000.0,nM,0.0025800000000000003,2580000.0,2.58838029403677,6.41161970596323,,src/data/scPDB 2/3huk_1/ligand.sdf,src/data/scPDB 2/3huk_1/site.mol2,bindingdb_scpdb
3rnm,,,Ki,=,2580000.0,nM,0.0025800000000000003,2580000.0,2.58838029403677,6.41161970596323,,src/data/scPDB 2/3rnm_1/ligand.sdf,src/data/scPDB 2/3rnm_1/site.mol2,bindingdb_scpdb
2iu8,,,Ki,=,2580000.0,nM,0.0025800000000000003,2580000.0,2.58838029403677,6.41161970596323,,src/data/scPDB 2/2iu8_1/ligand.sdf,src/data/scPDB 2/2iu8_1/site.mol2,bindingdb_scpdb
2x8h,,,Ki,=,2580000.0,nM,0.0025800000000000003,2580000.0,2.58838029403677,6.41161970596323,,src/data/scPDB 2/2x8h_1/ligand.sdf,src/data/scPDB 2/2x8h_1/site.mol2,bindingdb_scpdb
1rx6,,,Ki,=,2580000.0,nM,0.0025800000000000003,2580000.0,2.58838029403677,6.41161970596323,,src/data/scPDB 2/1rx6_1/ligand.sdf,src/data/scPDB 2/1rx6_1/site.mol2,bindingdb_scpdb
1rx3,,,Ki,=,2580000.0,nM,0.0025800000000000003,2580000.0,2.58838029403677,6.41161970596323,,src/data/scPDB 2/1rx3_1/ligand.sdf,src/data/scPDB 2/1rx3_1/site.mol2,bindingdb_scpdb
1rx8,,,Ki,=,2580000.0,nM,0.0025800000000000003,2580000.0,2.58838029403677,6.41161970596323,,src/data/scPDB 2/1rx8_2/ligand.sdf,src/data/scPDB 2/1rx8_2/site.mol2,bindingdb_scpdb
3frz,,,Ki,=,2580000.0,nM,0.0025800000000000003,2580000.0,2.58838029403677,6.41161970596323,,src/data/scPDB 2/3frz_1/ligand.sdf,src/data/scPDB 2/3frz_1/site.mol2,bindingdb_scpdb
1geg,,,Ki,=,2580000.0,nM,0.0025800000000000003,2580000.0,2.58838029403677,6.41161970596323,,src/data/scPDB 2/1geg_5/ligand.sdf,src/data/scPDB 2/1geg_5/site.mol2,bindingdb_scpdb
4x5i,,,Ki,=,2580000.0,nM,0.0025800000000000003,2580000.0,2.58838029403677,6.41161970596323,,src/data/scPDB 2/4x5i_1/ligand.sdf,src/data/scPDB 2/4x5i_1/site.mol2,bindingdb_scpdb
3sjz,,,Ki,=,2580000.0,nM,0.0025800000000000003,2580000.0,2.58838029403677,6.41161970596323,,src/data/scPDB 2/3sjz_1/ligand.sdf,src/data/scPDB 2/3sjz_1/site.mol2,bindingdb_scpdb
4nx6,,,Ki,=,2580000.0,nM,0.0025800000000000003,2580000.0,2.58838029403677,6.41161970596323,,src/data/scPDB 2/4nx6_1/ligand.sdf,src/data/scPDB 2/4nx6_1/site.mol2,bindingdb_scpdb
4lv5,,,Ki,=,2580000.0,nM,0.0025800000000000003,2580000.0,2.58838029403677,6.41161970596323,,src/data/scPDB 2/4lv5_1/ligand.sdf,src/data/scPDB 2/4lv5_1/site.mol2,bindingdb_scpdb
3qyz,,,Ki,=,2580000.0,nM,0.0025800000000000003,2580000.0,2.58838029403677,6.41161970596323,,src/data/scPDB 2/3qyz_1/ligand.sdf,src/data/scPDB 2/3qyz_1/site.mol2,bindingdb_scpdb
1ryd,,,Ki,=,2580000.0,nM,0.0025800000000000003,2580000.0,2.58838029403677,6.41161970596323,,src/data/scPDB 2/1ryd_1/ligand.sdf,src/data/scPDB 2/1ryd_1/site.mol2,bindingdb_scpdb
3t11,,,Ki,=,2580000.0,nM,0.0025800000000000003,2580000.0,2.58838029403677,6.41161970596323,,src/data/scPDB 2/3t11_2/ligand.sdf,src/data/scPDB 2/3t11_2/site.mol2,bindingdb_scpdb
1ha3,,,Ki,=,2580000.0,nM,0.0025800000000000003,2580000.0,2.58838029403677,6.41161970596323,,src/data/scPDB 2/1ha3_2/ligand.sdf,src/data/scPDB 2/1ha3_2/site.mol2,bindingdb_scpdb
4jy2,,,Ki,=,2580000.0,nM,0.0025800000000000003,2580000.0,2.58838029403677,6.41161970596323,,src/data/scPDB 2/4jy2_2/ligand.sdf,src/data/scPDB 2/4jy2_2/site.mol2,bindingdb_scpdb
1ra3,,,Ki,=,2580000.0,nM,0.0025800000000000003,2580000.0,2.58838029403677,6.41161970596323,,src/data/scPDB 2/1ra3_2/ligand.sdf,src/data/scPDB 2/1ra3_2/site.mol2,bindingdb_scpdb
2qhc,,,Ki,=,2580000.0,nM,0.0025800000000000003,2580000.0,2.58838029403677,6.41161970596323,,src/data/scPDB 2/2qhc_1/ligand.sdf,src/data/scPDB 2/2qhc_1/site.mol2,bindingdb_scpdb
4htf,,,Ki,=,2580000.0,nM,0.0025800000000000003,2580000.0,2.58838029403677,6.41161970596323,,src/data/scPDB 2/4htf_2/ligand.sdf,src/data/scPDB 2/4htf_2/site.mol2,bindingdb_scpdb
1n6l,,,Ki,=,2580000.0,nM,0.0025800000000000003,2580000.0,2.58838029403677,6.41161970596323,,src/data/scPDB 2/1n6l_1/ligand.sdf,src/data/scPDB 2/1n6l_1/site.mol2,bindingdb_scpdb
2he5,,,Ki,=,2580000.0,nM,0.0025800000000000003,2580000.0,2.58838029403677,6.41161970596323,,src/data/scPDB 2/2he5_2/ligand.sdf,src/data/scPDB 2/2he5_2/site.mol2,bindingdb_scpdb
3kfn,,,Ki,=,2580000.0,nM,0.0025800000000000003,2580000.0,2.58838029403677,6.41161970596323,,src/data/scPDB 2/3kfn_1/ligand.sdf,src/data/scPDB 2/3kfn_1/site.mol2,bindingdb_scpdb
3caq,,,Ki,=,2580000.0,nM,0.0025800000000000003,2580000.0,2.58838029403677,6.41161970596323,,src/data/scPDB 2/3caq_1/ligand.sdf,src/data/scPDB 2/3caq_1/site.mol2,bindingdb_scpdb
5eso,,,Ki,=,2580000.0,nM,0.0025800000000000003,2580000.0,2.58838029403677,6.41161970596323,,src/data/scPDB 2/5eso_3/ligand.sdf,src/data/scPDB 2/5eso_3/site.mol2,bindingdb_scpdb
3pci,,,Ki,=,2580000.0,nM,0.0025800000000000003,2580000.0,2.58838029403677,6.41161970596323,,src/data/scPDB 2/3pci_1/ligand.sdf,src/data/scPDB 2/3pci_1/site.mol2,bindingdb_scpdb
3kfr,,,Ki,=,2580000.0,nM,0.0025800000000000003,2580000.0,2.58838029403677,6.41161970596323,,src/data/scPDB 2/3kfr_1/ligand.sdf,src/data/scPDB 2/3kfr_1/site.mol2,bindingdb_scpdb
3kf0,,,Ki,=,2580000.0,nM,0.0025800000000000003,2580000.0,2.58838029403677,6.41161970596323,,src/data/scPDB 2/3kf0_1/ligand.sdf,src/data/scPDB 2/3kf0_1/site.mol2,bindingdb_scpdb
2y6p,,,Ki,=,2580000.0,nM,0.0025800000000000003,2580000.0,2.58838029403677,6.41161970596323,,src/data/scPDB 2/2y6p_1/ligand.sdf,src/data/scPDB 2/2y6p_1/site.mol2,bindingdb_scpdb
2o48,,,Ki,=,2580000.0,nM,0.0025800000000000003,2580000.0,2.58838029403677,6.41161970596323,,src/data/scPDB 2/2o48_1/ligand.sdf,src/data/scPDB 2/2o48_1/site.mol2,bindingdb_scpdb
3cv6,,,Ki,=,2580000.0,nM,0.0025800000000000003,2580000.0,2.58838029403677,6.41161970596323,,src/data/scPDB 2/3cv6_2/ligand.sdf,src/data/scPDB 2/3cv6_2/site.mol2,bindingdb_scpdb
4xxb,,,Ki,=,2580000.0,nM,0.0025800000000000003,2580000.0,2.58838029403677,6.41161970596323,,src/data/scPDB 2/4xxb_1/ligand.sdf,src/data/scPDB 2/4xxb_1/site.mol2,bindingdb_scpdb
3kfp,,,Ki,=,2580000.0,nM,0.0025800000000000003,2580000.0,2.58838029403677,6.41161970596323,,src/data/scPDB 2/3kfp_1/ligand.sdf,src/data/scPDB 2/3kfp_1/site.mol2,bindingdb_scpdb
2wme,,,Ki,=,2580000.0,nM,0.0025800000000000003,2580000.0,2.58838029403677,6.41161970596323,,src/data/scPDB 2/2wme_5/ligand.sdf,src/data/scPDB 2/2wme_5/site.mol2,bindingdb_scpdb
1rje,,,Ki,=,2580000.0,nM,0.0025800000000000003,2580000.0,2.58838029403677,6.41161970596323,,src/data/scPDB 2/1rje_2/ligand.sdf,src/data/scPDB 2/1rje_2/site.mol2,bindingdb_scpdb
2qo7,,,Ki,=,2580000.0,nM,0.0025800000000000003,2580000.0,2.58838029403677,6.41161970596323,,src/data/scPDB 2/2qo7_1/ligand.sdf,src/data/scPDB 2/2qo7_1/site.mol2,bindingdb_scpdb
4h2n,,,Ki,=,2580000.0,nM,0.0025800000000000003,2580000.0,2.58838029403677,6.41161970596323,,src/data/scPDB 2/4h2n_1/ligand.sdf,src/data/scPDB 2/4h2n_1/site.mol2,bindingdb_scpdb
4jnn,,,Ki,=,2580000.0,nM,0.0025800000000000003,2580000.0,2.58838029403677,6.41161970596323,,src/data/scPDB 2/4jnn_1/ligand.sdf,src/data/scPDB 2/4jnn_1/site.mol2,bindingdb_scpdb
4b1h,,,Ki,=,2580000.0,nM,0.0025800000000000003,2580000.0,2.58838029403677,6.41161970596323,,src/data/scPDB 2/4b1h_1/ligand.sdf,src/data/scPDB 2/4b1h_1/site.mol2,bindingdb_scpdb
3mfl,,,Ki,=,2580000.0,nM,0.0025800000000000003,2580000.0,2.58838029403677,6.41161970596323,,src/data/scPDB 2/3mfl_1/ligand.sdf,src/data/scPDB 2/3mfl_1/site.mol2,bindingdb_scpdb
1qip,,,Ki,=,2580000.0,nM,0.0025800000000000003,2580000.0,2.58838029403677,6.41161970596323,,src/data/scPDB 2/1qip_4/ligand.sdf,src/data/scPDB 2/1qip_4/site.mol2,bindingdb_scpdb
4ewq,,,Ki,=,2580000.0,nM,0.0025800000000000003,2580000.0,2.58838029403677,6.41161970596323,,src/data/scPDB 2/4ewq_2/ligand.sdf,src/data/scPDB 2/4ewq_2/site.mol2,bindingdb_scpdb
3alj,,,Ki,=,2580000.0,nM,0.0025800000000000003,2580000.0,2.58838029403677,6.41161970596323,,src/data/scPDB 2/3alj_1/ligand.sdf,src/data/scPDB 2/3alj_1/site.mol2,bindingdb_scpdb
3all,,,Ki,=,2580000.0,nM,0.0025800000000000003,2580000.0,2.58838029403677,6.41161970596323,,src/data/scPDB 2/3all_2/ligand.sdf,src/data/scPDB 2/3all_2/site.mol2,bindingdb_scpdb
2cmf,,,Ki,=,210.0,nM,2.1e-07,210.0,6.6777807052660805,2.322219294733919,,src/data/scPDB 2/2cmf_1/ligand.sdf,src/data/scPDB 2/2cmf_1/site.mol2,bindingdb_scpdb
2ckm,,,Ki,=,1.3,nM,1.3e-09,1.3,8.886056647693163,0.11394335230683679,,src/data/scPDB 2/2ckm_1/ligand.sdf,src/data/scPDB 2/2ckm_1/site.mol2,bindingdb_scpdb
2cek,,,Ki,=,250.0,nM,2.5000000000000004e-07,250.0,6.6020599913279625,2.3979400086720375,,src/data/scPDB 2/2cek_1/ligand.sdf,src/data/scPDB 2/2cek_1/site.mol2,bindingdb_scpdb
4fj2,,,Ki,=,12000.0,nM,1.2e-05,12000.0,4.920818753952375,4.079181246047625,,src/data/scPDB 2/4fj2_1/ligand.sdf,src/data/scPDB 2/4fj2_1/site.mol2,bindingdb_scpdb
1gqs,,,Ki,=,700.0,nM,7.000000000000001e-07,700.0,6.154901959985743,2.845098040014257,,src/data/scPDB 2/1gqs_1/ligand.sdf,src/data/scPDB 2/1gqs_1/site.mol2,bindingdb_scpdb
3tvx,,,Ki,=,37000.0,nM,3.7000000000000005e-05,37000.0,4.431798275933005,4.568201724066995,,src/data/scPDB 2/3tvx_1/ligand.sdf,src/data/scPDB 2/3tvx_1/site.mol2,bindingdb_scpdb
1aj0,,,Ki,=,25000.0,nM,2.5e-05,25000.0,4.6020599913279625,4.3979400086720375,,src/data/scPDB 2/1aj0_1/ligand.sdf,src/data/scPDB 2/1aj0_1/site.mol2,bindingdb_scpdb
3l14,,,Ki,=,8400.0,nM,8.400000000000001e-06,8400.0,5.075720713938118,3.9242792860618816,,src/data/scPDB 2/3l14_1/ligand.sdf,src/data/scPDB 2/3l14_1/site.mol2,bindingdb_scpdb
3w6h,,,Ki,=,250.0,nM,2.5000000000000004e-07,250.0,6.6020599913279625,2.3979400086720375,,src/data/scPDB 2/3w6h_1/ligand.sdf,src/data/scPDB 2/3w6h_1/site.mol2,bindingdb_scpdb
4xiw,,,Ki,=,250.0,nM,2.5000000000000004e-07,250.0,6.6020599913279625,2.3979400086720375,,src/data/scPDB 2/4xiw_1/ligand.sdf,src/data/scPDB 2/4xiw_1/site.mol2,bindingdb_scpdb
1rj6,,,Ki,=,250.0,nM,2.5000000000000004e-07,250.0,6.6020599913279625,2.3979400086720375,,src/data/scPDB 2/1rj6_2/ligand.sdf,src/data/scPDB 2/1rj6_2/site.mol2,bindingdb_scpdb
1zsb,,,Ki,=,250.0,nM,2.5000000000000004e-07,250.0,6.6020599913279625,2.3979400086720375,,src/data/scPDB 2/1zsb_1/ligand.sdf,src/data/scPDB 2/1zsb_1/site.mol2,bindingdb_scpdb
2xtk,,,Ki,=,250.0,nM,2.5000000000000004e-07,250.0,6.6020599913279625,2.3979400086720375,,src/data/scPDB 2/2xtk_1/ligand.sdf,src/data/scPDB 2/2xtk_1/site.mol2,bindingdb_scpdb
4k0z,,,Ki,=,50.0,nM,5.0000000000000004e-08,50.0,7.301029995663981,1.6989700043360187,,src/data/scPDB 2/4k0z_1/ligand.sdf,src/data/scPDB 2/4k0z_1/site.mol2,bindingdb_scpdb
4k13,,,Ki,=,50000.0,nM,5e-05,50000.0,4.301029995663981,4.698970004336019,,src/data/scPDB 2/4k13_1/ligand.sdf,src/data/scPDB 2/4k13_1/site.mol2,bindingdb_scpdb
3fw3,,,Ki,=,50000.0,nM,5e-05,50000.0,4.301029995663981,4.698970004336019,,src/data/scPDB 2/3fw3_1/ligand.sdf,src/data/scPDB 2/3fw3_1/site.mol2,bindingdb_scpdb
3csd,,,Ki,=,1850.0,nM,1.85e-06,1850.0,5.732828271596986,3.2671717284030137,,src/data/scPDB 2/3csd_1/ligand.sdf,src/data/scPDB 2/3csd_1/site.mol2,bindingdb_scpdb
3q9x,,,Ki,=,1850.0,nM,1.85e-06,1850.0,5.732828271596986,3.2671717284030137,,src/data/scPDB 2/3q9x_1/ligand.sdf,src/data/scPDB 2/3q9x_1/site.mol2,bindingdb_scpdb
1f0q,,,Ki,=,1850.0,nM,1.85e-06,1850.0,5.732828271596986,3.2671717284030137,,src/data/scPDB 2/1f0q_1/ligand.sdf,src/data/scPDB 2/1f0q_1/site.mol2,bindingdb_scpdb
4hkk,,,Ki,=,740.0,nM,7.4e-07,740.0,6.130768280269024,2.8692317197309762,,src/data/scPDB 2/4hkk_2/ligand.sdf,src/data/scPDB 2/4hkk_2/site.mol2,bindingdb_scpdb
3amy,,,Ki,=,740.0,nM,7.4e-07,740.0,6.130768280269024,2.8692317197309762,,src/data/scPDB 2/3amy_1/ligand.sdf,src/data/scPDB 2/3amy_1/site.mol2,bindingdb_scpdb
3bpt,,,Ki,=,1180.0,nM,1.1800000000000001e-06,1180.0,5.928117992693874,3.0718820073061255,,src/data/scPDB 2/3bpt_1/ligand.sdf,src/data/scPDB 2/3bpt_1/site.mol2,bindingdb_scpdb
2hck,,,Ki,=,1180.0,nM,1.1800000000000001e-06,1180.0,5.928117992693874,3.0718820073061255,,src/data/scPDB 2/2hck_2/ligand.sdf,src/data/scPDB 2/2hck_2/site.mol2,bindingdb_scpdb
4lmu,,,Ki,=,1180.0,nM,1.1800000000000001e-06,1180.0,5.928117992693874,3.0718820073061255,,src/data/scPDB 2/4lmu_1/ligand.sdf,src/data/scPDB 2/4lmu_1/site.mol2,bindingdb_scpdb
5fli,,,Ki,=,1180.0,nM,1.1800000000000001e-06,1180.0,5.928117992693874,3.0718820073061255,,src/data/scPDB 2/5fli_7/ligand.sdf,src/data/scPDB 2/5fli_7/site.mol2,bindingdb_scpdb
3bxx,,,Ki,=,1180.0,nM,1.1800000000000001e-06,1180.0,5.928117992693874,3.0718820073061255,,src/data/scPDB 2/3bxx_6/ligand.sdf,src/data/scPDB 2/3bxx_6/site.mol2,bindingdb_scpdb
1gp6,,,Ki,=,1180.0,nM,1.1800000000000001e-06,1180.0,5.928117992693874,3.0718820073061255,,src/data/scPDB 2/1gp6_1/ligand.sdf,src/data/scPDB 2/1gp6_1/site.mol2,bindingdb_scpdb
1e8w,,,Ki,=,1180.0,nM,1.1800000000000001e-06,1180.0,5.928117992693874,3.0718820073061255,,src/data/scPDB 2/1e8w_1/ligand.sdf,src/data/scPDB 2/1e8w_1/site.mol2,bindingdb_scpdb
5a4v,,,Ki,=,1180.0,nM,1.1800000000000001e-06,1180.0,5.928117992693874,3.0718820073061255,,src/data/scPDB 2/5a4v_2/ligand.sdf,src/data/scPDB 2/5a4v_2/site.mol2,bindingdb_scpdb
2uxh,,,Ki,=,1180.0,nM,1.1800000000000001e-06,1180.0,5.928117992693874,3.0718820073061255,,src/data/scPDB 2/2uxh_1/ligand.sdf,src/data/scPDB 2/2uxh_1/site.mol2,bindingdb_scpdb
2jj2,,,Ki,=,1180.0,nM,1.1800000000000001e-06,1180.0,5.928117992693874,3.0718820073061255,,src/data/scPDB 2/2jj2_6/ligand.sdf,src/data/scPDB 2/2jj2_6/site.mol2,bindingdb_scpdb
3oho,,,Ki,=,30.0,nM,3.0000000000000004e-08,30.0,7.522878745280337,1.4771212547196624,,src/data/scPDB 2/3oho_1/ligand.sdf,src/data/scPDB 2/3oho_1/site.mol2,bindingdb_scpdb
1i8z,,,Ki,=,0.15,nM,1.5e-10,0.15,9.823908740944319,-0.8239087409443188,,src/data/scPDB 2/1i8z_1/ligand.sdf,src/data/scPDB 2/1i8z_1/site.mol2,bindingdb_scpdb
1bnm,,,Kd,=,0.1,nM,1.0000000000000002e-10,0.1,10.0,-1.0,,src/data/scPDB 2/1bnm_1/ligand.sdf,src/data/scPDB 2/1bnm_1/site.mol2,bindingdb_scpdb
5jad,,,Kd,=,4030.0,nM,4.03e-06,4030.0,5.39469495385889,3.6053050461411096,,src/data/scPDB 2/5jad_1/ligand.sdf,src/data/scPDB 2/5jad_1/site.mol2,bindingdb_scpdb
2jnp,,,Ki,=,133.0,nM,1.33e-07,133.0,6.876148359032914,2.123851640967086,,src/data/scPDB 2/2jnp_1/ligand.sdf,src/data/scPDB 2/2jnp_1/site.mol2,bindingdb_scpdb
4g9l,,,Ki,=,133.0,nM,1.33e-07,133.0,6.876148359032914,2.123851640967086,,src/data/scPDB 2/4g9l_1/ligand.sdf,src/data/scPDB 2/4g9l_1/site.mol2,bindingdb_scpdb
2jsd,,,Ki,=,133.0,nM,1.33e-07,133.0,6.876148359032914,2.123851640967086,,src/data/scPDB 2/2jsd_1/ligand.sdf,src/data/scPDB 2/2jsd_1/site.mol2,bindingdb_scpdb
3qlg,,,Kd,=,0.5,nM,5e-10,0.5,9.301029995663981,-0.3010299956639812,,src/data/scPDB 2/3qlg_2/ligand.sdf,src/data/scPDB 2/3qlg_2/site.mol2,bindingdb_scpdb
4xli,,,Kd,=,0.5,nM,5e-10,0.5,9.301029995663981,-0.3010299956639812,,src/data/scPDB 2/4xli_1/ligand.sdf,src/data/scPDB 2/4xli_1/site.mol2,bindingdb_scpdb
3oht,,,Kd,=,0.5,nM,5e-10,0.5,9.301029995663981,-0.3010299956639812,,src/data/scPDB 2/3oht_2/ligand.sdf,src/data/scPDB 2/3oht_2/site.mol2,bindingdb_scpdb
2y6o,,,Kd,=,0.5,nM,5e-10,0.5,9.301029995663981,-0.3010299956639812,,src/data/scPDB 2/2y6o_1/ligand.sdf,src/data/scPDB 2/2y6o_1/site.mol2,bindingdb_scpdb
2gqg,,,Kd,=,0.5,nM,5e-10,0.5,9.301029995663981,-0.3010299956639812,,src/data/scPDB 2/2gqg_1/ligand.sdf,src/data/scPDB 2/2gqg_1/site.mol2,bindingdb_scpdb
4qms,,,Kd,=,0.5,nM,5e-10,0.5,9.301029995663981,-0.3010299956639812,,src/data/scPDB 2/4qms_1/ligand.sdf,src/data/scPDB 2/4qms_1/site.mol2,bindingdb_scpdb
2hzi,,,Kd,=,1.0,nM,1e-09,1.0,9.0,0.0,,src/data/scPDB 2/2hzi_1/ligand.sdf,src/data/scPDB 2/2hzi_1/site.mol2,bindingdb_scpdb
1lqd,,,Ki,=,9.0,nM,9.000000000000001e-09,9.0,8.045757490560675,0.9542425094393249,,src/data/scPDB 2/1lqd_1/ligand.sdf,src/data/scPDB 2/1lqd_1/site.mol2,bindingdb_scpdb
3tku,,,Ki,=,530.0,nM,5.3e-07,530.0,6.275724130399211,2.724275869600789,,src/data/scPDB 2/3tku_1/ligand.sdf,src/data/scPDB 2/3tku_1/site.mol2,bindingdb_scpdb
2ohl,,,Ki,=,220000.0,nM,0.00022,220000.0,3.6575773191777934,5.342422680822207,,src/data/scPDB 2/2ohl_1/ligand.sdf,src/data/scPDB 2/2ohl_1/site.mol2,bindingdb_scpdb
3qyo,,,Ki,=,1200000.0,nM,0.0012000000000000001,1200000.0,2.920818753952375,6.079181246047625,,src/data/scPDB 2/3qyo_1/ligand.sdf,src/data/scPDB 2/3qyo_1/site.mol2,bindingdb_scpdb
1tbb,,,Ki,=,7940.0,nM,7.94e-06,7940.0,5.100179497572904,3.8998205024270964,,src/data/scPDB 2/1tbb_1/ligand.sdf,src/data/scPDB 2/1tbb_1/site.mol2,bindingdb_scpdb
2wey,,,Ki,=,17.0,nM,1.7e-08,17.0,7.769551078621726,1.2304489213782739,,src/data/scPDB 2/2wey_1/ligand.sdf,src/data/scPDB 2/2wey_1/site.mol2,bindingdb_scpdb
3o8t,,,Kd,=,1160.0,nM,1.1600000000000001e-06,1160.0,5.935542010773082,3.0644579892269186,,src/data/scPDB 2/3o8t_1/ligand.sdf,src/data/scPDB 2/3o8t_1/site.mol2,bindingdb_scpdb
3o8u,,,Kd,=,1160.0,nM,1.1600000000000001e-06,1160.0,5.935542010773082,3.0644579892269186,,src/data/scPDB 2/3o8u_1/ligand.sdf,src/data/scPDB 2/3o8u_1/site.mol2,bindingdb_scpdb
1e90,,,Kd,=,170.0,nM,1.7000000000000001e-07,170.0,6.769551078621726,2.230448921378274,,src/data/scPDB 2/1e90_1/ligand.sdf,src/data/scPDB 2/1e90_1/site.mol2,bindingdb_scpdb
3c1t,,,Kd,=,170.0,nM,1.7000000000000001e-07,170.0,6.769551078621726,2.230448921378274,,src/data/scPDB 2/3c1t_8/ligand.sdf,src/data/scPDB 2/3c1t_8/site.mol2,bindingdb_scpdb
1uh5,,,Ki,=,220.0,nM,2.2e-07,220.0,6.657577319177793,2.342422680822206,,src/data/scPDB 2/1uh5_2/ligand.sdf,src/data/scPDB 2/1uh5_2/site.mol2,bindingdb_scpdb
2b35,,,Ki,=,220.0,nM,2.2e-07,220.0,6.657577319177793,2.342422680822206,,src/data/scPDB 2/2b35_4/ligand.sdf,src/data/scPDB 2/2b35_4/site.mol2,bindingdb_scpdb
3nrc,,,Ki,=,220.0,nM,2.2e-07,220.0,6.657577319177793,2.342422680822206,,src/data/scPDB 2/3nrc_2/ligand.sdf,src/data/scPDB 2/3nrc_2/site.mol2,bindingdb_scpdb
3am3,,,Ki,=,220.0,nM,2.2e-07,220.0,6.657577319177793,2.342422680822206,,src/data/scPDB 2/3am3_2/ligand.sdf,src/data/scPDB 2/3am3_2/site.mol2,bindingdb_scpdb
3am5,,,Ki,=,220.0,nM,2.2e-07,220.0,6.657577319177793,2.342422680822206,,src/data/scPDB 2/3am5_2/ligand.sdf,src/data/scPDB 2/3am5_2/site.mol2,bindingdb_scpdb
4w9n,,,Ki,=,220.0,nM,2.2e-07,220.0,6.657577319177793,2.342422680822206,,src/data/scPDB 2/4w9n_6/ligand.sdf,src/data/scPDB 2/4w9n_6/site.mol2,bindingdb_scpdb
2b36,,,Ki,=,11.8,nM,1.1800000000000001e-08,11.8,7.928117992693874,1.0718820073061255,,src/data/scPDB 2/2b36_1/ligand.sdf,src/data/scPDB 2/2b36_1/site.mol2,bindingdb_scpdb
2b37,,,Ki,=,1.1,nM,1.1000000000000001e-09,1.1,8.958607314841775,0.04139268515822508,,src/data/scPDB 2/2b37_6/ligand.sdf,src/data/scPDB 2/2b37_6/site.mol2,bindingdb_scpdb
1az1,,,Ki,=,2000.0,nM,2.0000000000000003e-06,2000.0,5.698970004336019,3.3010299956639813,,src/data/scPDB 2/1az1_2/ligand.sdf,src/data/scPDB 2/1az1_2/site.mol2,bindingdb_scpdb
2ine,,,Ki,=,96000.0,nM,9.6e-05,96000.0,4.017728766960432,4.982271233039568,,src/data/scPDB 2/2ine_1/ligand.sdf,src/data/scPDB 2/2ine_1/site.mol2,bindingdb_scpdb
1k5q,,,Ki,=,96000.0,nM,9.6e-05,96000.0,4.017728766960432,4.982271233039568,,src/data/scPDB 2/1k5q_1/ligand.sdf,src/data/scPDB 2/1k5q_1/site.mol2,bindingdb_scpdb
2isf,,,Ki,=,96000.0,nM,9.6e-05,96000.0,4.017728766960432,4.982271233039568,,src/data/scPDB 2/2isf_1/ligand.sdf,src/data/scPDB 2/2isf_1/site.mol2,bindingdb_scpdb
1pnl,,,Ki,=,96000.0,nM,9.6e-05,96000.0,4.017728766960432,4.982271233039568,,src/data/scPDB 2/1pnl_1/ligand.sdf,src/data/scPDB 2/1pnl_1/site.mol2,bindingdb_scpdb
2inz,,,Ki,=,3500.0,nM,3.5000000000000004e-06,3500.0,5.455931955649724,3.5440680443502757,,src/data/scPDB 2/2inz_1/ligand.sdf,src/data/scPDB 2/2inz_1/site.mol2,bindingdb_scpdb
3nz4,,,Ki,=,280000.0,nM,0.00028000000000000003,280000.0,3.5528419686577806,5.447158031342219,,src/data/scPDB 2/3nz4_2/ligand.sdf,src/data/scPDB 2/3nz4_2/site.mol2,bindingdb_scpdb
2iq0,,,Ki,=,68600.0,nM,6.86e-05,68600.0,4.163675884293248,4.836324115706752,,src/data/scPDB 2/2iq0_1/ligand.sdf,src/data/scPDB 2/2iq0_1/site.mol2,bindingdb_scpdb
1wor,,,Ki,=,950.0,nM,9.5e-07,950.0,6.022276394711152,2.9777236052888476,,src/data/scPDB 2/1wor_1/ligand.sdf,src/data/scPDB 2/1wor_1/site.mol2,bindingdb_scpdb
2pix,,,Ki,=,140.0,nM,1.4e-07,140.0,6.853871964321762,2.146128035678238,,src/data/scPDB 2/2pix_1/ligand.sdf,src/data/scPDB 2/2pix_1/site.mol2,bindingdb_scpdb
1s2c,,,Ki,=,140.0,nM,1.4e-07,140.0,6.853871964321762,2.146128035678238,,src/data/scPDB 2/1s2c_1/ligand.sdf,src/data/scPDB 2/1s2c_1/site.mol2,bindingdb_scpdb
2bxm,,,Ki,=,270.0,nM,2.7e-07,270.0,6.568636235841012,2.4313637641589874,,src/data/scPDB 2/2bxm_2/ligand.sdf,src/data/scPDB 2/2bxm_2/site.mol2,bindingdb_scpdb
4jq4,,,Ki,=,270.0,nM,2.7e-07,270.0,6.568636235841012,2.4313637641589874,,src/data/scPDB 2/4jq4_2/ligand.sdf,src/data/scPDB 2/4jq4_2/site.mol2,bindingdb_scpdb
3ugr,,,Ki,=,270.0,nM,2.7e-07,270.0,6.568636235841012,2.4313637641589874,,src/data/scPDB 2/3ugr_1/ligand.sdf,src/data/scPDB 2/3ugr_1/site.mol2,bindingdb_scpdb
2oth,,,Ki,=,270.0,nM,2.7e-07,270.0,6.568636235841012,2.4313637641589874,,src/data/scPDB 2/2oth_2/ligand.sdf,src/data/scPDB 2/2oth_2/site.mol2,bindingdb_scpdb
3fo7,,,Ki,=,270.0,nM,2.7e-07,270.0,6.568636235841012,2.4313637641589874,,src/data/scPDB 2/3fo7_1/ligand.sdf,src/data/scPDB 2/3fo7_1/site.mol2,bindingdb_scpdb
4eix,,,Ki,=,270.0,nM,2.7e-07,270.0,6.568636235841012,2.4313637641589874,,src/data/scPDB 2/4eix_2/ligand.sdf,src/data/scPDB 2/4eix_2/site.mol2,bindingdb_scpdb
3tq8,,,Ki,=,40.0,nM,4e-08,40.0,7.3979400086720375,1.6020599913279623,,src/data/scPDB 2/3tq8_1/ligand.sdf,src/data/scPDB 2/3tq8_1/site.mol2,bindingdb_scpdb
1dg5,,,Ki,=,40.0,nM,4e-08,40.0,7.3979400086720375,1.6020599913279623,,src/data/scPDB 2/1dg5_1/ligand.sdf,src/data/scPDB 2/1dg5_1/site.mol2,bindingdb_scpdb
2bfm,,,Ki,=,40.0,nM,4e-08,40.0,7.3979400086720375,1.6020599913279623,,src/data/scPDB 2/2bfm_2/ligand.sdf,src/data/scPDB 2/2bfm_2/site.mol2,bindingdb_scpdb
2w3a,,,Ki,=,40.0,nM,4e-08,40.0,7.3979400086720375,1.6020599913279623,,src/data/scPDB 2/2w3a_1/ligand.sdf,src/data/scPDB 2/2w3a_1/site.mol2,bindingdb_scpdb
2w9g,,,Ki,=,40.0,nM,4e-08,40.0,7.3979400086720375,1.6020599913279623,,src/data/scPDB 2/2w9g_1/ligand.sdf,src/data/scPDB 2/2w9g_1/site.mol2,bindingdb_scpdb
2w9s,,,Ki,=,40.0,nM,4e-08,40.0,7.3979400086720375,1.6020599913279623,,src/data/scPDB 2/2w9s_5/ligand.sdf,src/data/scPDB 2/2w9s_5/site.mol2,bindingdb_scpdb
4ofr,,,Ki,=,0.3,nM,3e-10,0.3,9.522878745280337,-0.5228787452803376,,src/data/scPDB 2/4ofr_1/ligand.sdf,src/data/scPDB 2/4ofr_1/site.mol2,bindingdb_scpdb
4ofu,,,Ki,=,0.3,nM,3e-10,0.3,9.522878745280337,-0.5228787452803376,,src/data/scPDB 2/4ofu_1/ligand.sdf,src/data/scPDB 2/4ofu_1/site.mol2,bindingdb_scpdb
1xj7,,,Ki,=,0.3,nM,3e-10,0.3,9.522878745280337,-0.5228787452803376,,src/data/scPDB 2/1xj7_1/ligand.sdf,src/data/scPDB 2/1xj7_1/site.mol2,bindingdb_scpdb
4oey,,,Ki,=,0.3,nM,3e-10,0.3,9.522878745280337,-0.5228787452803376,,src/data/scPDB 2/4oey_1/ligand.sdf,src/data/scPDB 2/4oey_1/site.mol2,bindingdb_scpdb
4oez,,,Ki,=,0.3,nM,3e-10,0.3,9.522878745280337,-0.5228787452803376,,src/data/scPDB 2/4oez_1/ligand.sdf,src/data/scPDB 2/4oez_1/site.mol2,bindingdb_scpdb
1t65,,,Ki,=,0.3,nM,3e-10,0.3,9.522878745280337,-0.5228787452803376,,src/data/scPDB 2/1t65_1/ligand.sdf,src/data/scPDB 2/1t65_1/site.mol2,bindingdb_scpdb
1t63,,,Ki,=,0.3,nM,3e-10,0.3,9.522878745280337,-0.5228787452803376,,src/data/scPDB 2/1t63_1/ligand.sdf,src/data/scPDB 2/1t63_1/site.mol2,bindingdb_scpdb
2pit,,,Ki,=,0.3,nM,3e-10,0.3,9.522878745280337,-0.5228787452803376,,src/data/scPDB 2/2pit_1/ligand.sdf,src/data/scPDB 2/2pit_1/site.mol2,bindingdb_scpdb
2piw,,,Ki,=,0.3,nM,3e-10,0.3,9.522878745280337,-0.5228787452803376,,src/data/scPDB 2/2piw_1/ligand.sdf,src/data/scPDB 2/2piw_1/site.mol2,bindingdb_scpdb
2piq,,,Ki,=,0.3,nM,3e-10,0.3,9.522878745280337,-0.5228787452803376,,src/data/scPDB 2/2piq_1/ligand.sdf,src/data/scPDB 2/2piq_1/site.mol2,bindingdb_scpdb
2pip,,,Ki,=,0.3,nM,3e-10,0.3,9.522878745280337,-0.5228787452803376,,src/data/scPDB 2/2pip_1/ligand.sdf,src/data/scPDB 2/2pip_1/site.mol2,bindingdb_scpdb
2pio,,,Ki,=,0.3,nM,3e-10,0.3,9.522878745280337,-0.5228787452803376,,src/data/scPDB 2/2pio_1/ligand.sdf,src/data/scPDB 2/2pio_1/site.mol2,bindingdb_scpdb
1t79,,,Ki,=,0.3,nM,3e-10,0.3,9.522878745280337,-0.5228787452803376,,src/data/scPDB 2/1t79_1/ligand.sdf,src/data/scPDB 2/1t79_1/site.mol2,bindingdb_scpdb
1t7f,,,Ki,=,0.3,nM,3e-10,0.3,9.522878745280337,-0.5228787452803376,,src/data/scPDB 2/1t7f_1/ligand.sdf,src/data/scPDB 2/1t7f_1/site.mol2,bindingdb_scpdb
1t7r,,,Ki,=,0.3,nM,3e-10,0.3,9.522878745280337,-0.5228787452803376,,src/data/scPDB 2/1t7r_1/ligand.sdf,src/data/scPDB 2/1t7r_1/site.mol2,bindingdb_scpdb
1t7t,,,Ki,=,0.3,nM,3e-10,0.3,9.522878745280337,-0.5228787452803376,,src/data/scPDB 2/1t7t_1/ligand.sdf,src/data/scPDB 2/1t7t_1/site.mol2,bindingdb_scpdb
2qpy,,,Ki,=,0.3,nM,3e-10,0.3,9.522878745280337,-0.5228787452803376,,src/data/scPDB 2/2qpy_1/ligand.sdf,src/data/scPDB 2/2qpy_1/site.mol2,bindingdb_scpdb
1t5z,,,Ki,=,0.3,nM,3e-10,0.3,9.522878745280337,-0.5228787452803376,,src/data/scPDB 2/1t5z_1/ligand.sdf,src/data/scPDB 2/1t5z_1/site.mol2,bindingdb_scpdb
3klm,,,Ki,=,0.3,nM,3e-10,0.3,9.522878745280337,-0.5228787452803376,,src/data/scPDB 2/3klm_1/ligand.sdf,src/data/scPDB 2/3klm_1/site.mol2,bindingdb_scpdb
1kdm,,,Ki,=,0.3,nM,3e-10,0.3,9.522878745280337,-0.5228787452803376,,src/data/scPDB 2/1kdm_1/ligand.sdf,src/data/scPDB 2/1kdm_1/site.mol2,bindingdb_scpdb
4olm,,,Ki,=,70.0,nM,7e-08,70.0,7.154901959985743,1.845098040014257,,src/data/scPDB 2/4olm_1/ligand.sdf,src/data/scPDB 2/4olm_1/site.mol2,bindingdb_scpdb
4la0,,,Ki,=,70.0,nM,7e-08,70.0,7.154901959985743,1.845098040014257,,src/data/scPDB 2/4la0_2/ligand.sdf,src/data/scPDB 2/4la0_2/site.mol2,bindingdb_scpdb
4okt,,,Ki,=,70.0,nM,7e-08,70.0,7.154901959985743,1.845098040014257,,src/data/scPDB 2/4okt_1/ligand.sdf,src/data/scPDB 2/4okt_1/site.mol2,bindingdb_scpdb
4okx,,,Ki,=,70.0,nM,7e-08,70.0,7.154901959985743,1.845098040014257,,src/data/scPDB 2/4okx_1/ligand.sdf,src/data/scPDB 2/4okx_1/site.mol2,bindingdb_scpdb
4ok1,,,Ki,=,70.0,nM,7e-08,70.0,7.154901959985743,1.845098040014257,,src/data/scPDB 2/4ok1_1/ligand.sdf,src/data/scPDB 2/4ok1_1/site.mol2,bindingdb_scpdb
3um8,,,Ki,=,0.3,nM,3e-10,0.3,9.522878745280337,-0.5228787452803376,,src/data/scPDB 2/3um8_2/ligand.sdf,src/data/scPDB 2/3um8_2/site.mol2,bindingdb_scpdb
3irn,,,Ki,=,0.3,nM,3e-10,0.3,9.522878745280337,-0.5228787452803376,,src/data/scPDB 2/3irn_3/ligand.sdf,src/data/scPDB 2/3irn_3/site.mol2,bindingdb_scpdb
3irm,,,Ki,=,0.3,nM,3e-10,0.3,9.522878745280337,-0.5228787452803376,,src/data/scPDB 2/3irm_3/ligand.sdf,src/data/scPDB 2/3irm_3/site.mol2,bindingdb_scpdb
1j3k,,,Ki,=,0.011,nM,1.1e-11,0.011,10.958607314841775,-1.958607314841775,,src/data/scPDB 2/1j3k_2/ligand.sdf,src/data/scPDB 2/1j3k_2/site.mol2,bindingdb_scpdb
1j3i,,,Ki,=,0.011,nM,1.1e-11,0.011,10.958607314841775,-1.958607314841775,,src/data/scPDB 2/1j3i_1/ligand.sdf,src/data/scPDB 2/1j3i_1/site.mol2,bindingdb_scpdb
3rg9,,,Ki,=,0.011,nM,1.1e-11,0.011,10.958607314841775,-1.958607314841775,,src/data/scPDB 2/3rg9_1/ligand.sdf,src/data/scPDB 2/3rg9_1/site.mol2,bindingdb_scpdb
1mei,,,Ki,=,33.0,nM,3.3000000000000004e-08,33.0,7.481486060122112,1.5185139398778875,,src/data/scPDB 2/1mei_1/ligand.sdf,src/data/scPDB 2/1mei_1/site.mol2,bindingdb_scpdb
3c0z,,,Ki,=,48.0,nM,4.8000000000000006e-08,48.0,7.318758762624412,1.6812412373755872,,src/data/scPDB 2/3c0z_2/ligand.sdf,src/data/scPDB 2/3c0z_2/site.mol2,bindingdb_scpdb
1zz1,,,Ki,=,48.0,nM,4.8000000000000006e-08,48.0,7.318758762624412,1.6812412373755872,,src/data/scPDB 2/1zz1_1/ligand.sdf,src/data/scPDB 2/1zz1_1/site.mol2,bindingdb_scpdb
4qa2,,,Ki,=,48.0,nM,4.8000000000000006e-08,48.0,7.318758762624412,1.6812412373755872,,src/data/scPDB 2/4qa2_2/ligand.sdf,src/data/scPDB 2/4qa2_2/site.mol2,bindingdb_scpdb
4c1i,,,Ki,=,37.0,nM,3.7e-08,37.0,7.431798275933005,1.568201724066995,,src/data/scPDB 2/4c1i_1/ligand.sdf,src/data/scPDB 2/4c1i_1/site.mol2,bindingdb_scpdb
4qoh,,,Ki,=,169.0,nM,1.6900000000000002e-07,169.0,6.772113295386326,2.2278867046136734,,src/data/scPDB 2/4qoh_2/ligand.sdf,src/data/scPDB 2/4qoh_2/site.mol2,bindingdb_scpdb
2l98,,,Ki,=,169.0,nM,1.6900000000000002e-07,169.0,6.772113295386326,2.2278867046136734,,src/data/scPDB 2/2l98_1/ligand.sdf,src/data/scPDB 2/2l98_1/site.mol2,bindingdb_scpdb
2ydx,,,Ki,=,169.0,nM,1.6900000000000002e-07,169.0,6.772113295386326,2.2278867046136734,,src/data/scPDB 2/2ydx_9/ligand.sdf,src/data/scPDB 2/2ydx_9/site.mol2,bindingdb_scpdb
1z1f,,,Ki,=,169.0,nM,1.6900000000000002e-07,169.0,6.772113295386326,2.2278867046136734,,src/data/scPDB 2/1z1f_1/ligand.sdf,src/data/scPDB 2/1z1f_1/site.mol2,bindingdb_scpdb
1sg0,,,Ki,=,169.0,nM,1.6900000000000002e-07,169.0,6.772113295386326,2.2278867046136734,,src/data/scPDB 2/1sg0_2/ligand.sdf,src/data/scPDB 2/1sg0_2/site.mol2,bindingdb_scpdb
1cgz,,,Ki,=,169.0,nM,1.6900000000000002e-07,169.0,6.772113295386326,2.2278867046136734,,src/data/scPDB 2/1cgz_1/ligand.sdf,src/data/scPDB 2/1cgz_1/site.mol2,bindingdb_scpdb
4jaz,,,Ki,=,169.0,nM,1.6900000000000002e-07,169.0,6.772113295386326,2.2278867046136734,,src/data/scPDB 2/4jaz_1/ligand.sdf,src/data/scPDB 2/4jaz_1/site.mol2,bindingdb_scpdb
2jiz,,,Ki,=,169.0,nM,1.6900000000000002e-07,169.0,6.772113295386326,2.2278867046136734,,src/data/scPDB 2/2jiz_6/ligand.sdf,src/data/scPDB 2/2jiz_6/site.mol2,bindingdb_scpdb
3wze,,,Ki,=,30000.0,nM,3e-05,30000.0,4.522878745280337,4.477121254719663,,src/data/scPDB 2/3wze_1/ligand.sdf,src/data/scPDB 2/3wze_1/site.mol2,bindingdb_scpdb
2oub,,,Kd,=,219.0,nM,2.1900000000000002e-07,219.0,6.6595558851598815,2.3404441148401185,,src/data/scPDB 2/2oub_1/ligand.sdf,src/data/scPDB 2/2oub_1/site.mol2,bindingdb_scpdb
3d4s,,,Kd,=,5.35,nM,5.35e-09,5.35,8.271646217978772,0.7283537820212285,,src/data/scPDB 2/3d4s_1/ligand.sdf,src/data/scPDB 2/3d4s_1/site.mol2,bindingdb_scpdb
3ny8,,,Kd,=,302.0,nM,3.0200000000000003e-07,302.0,6.51999305704285,2.4800069429571505,,src/data/scPDB 2/3ny8_3/ligand.sdf,src/data/scPDB 2/3ny8_3/site.mol2,bindingdb_scpdb
2vku,,,Kd,=,28000.0,nM,2.8000000000000003e-05,28000.0,4.552841968657781,4.447158031342219,,src/data/scPDB 2/2vku_3/ligand.sdf,src/data/scPDB 2/2vku_3/site.mol2,bindingdb_scpdb
2ci0,,,Kd,=,5000.0,nM,5e-06,5000.0,5.301029995663981,3.6989700043360187,,src/data/scPDB 2/2ci0_1/ligand.sdf,src/data/scPDB 2/2ci0_1/site.mol2,bindingdb_scpdb
2cib,,,Kd,=,5000.0,nM,5e-06,5000.0,5.301029995663981,3.6989700043360187,,src/data/scPDB 2/2cib_1/ligand.sdf,src/data/scPDB 2/2cib_1/site.mol2,bindingdb_scpdb
3l4d,,,Kd,=,30000.0,nM,3e-05,30000.0,4.522878745280337,4.477121254719663,,src/data/scPDB 2/3l4d_1/ligand.sdf,src/data/scPDB 2/3l4d_1/site.mol2,bindingdb_scpdb
1ea1,,,Kd,=,30000.0,nM,3e-05,30000.0,4.522878745280337,4.477121254719663,,src/data/scPDB 2/1ea1_1/ligand.sdf,src/data/scPDB 2/1ea1_1/site.mol2,bindingdb_scpdb
4zdz,,,Kd,=,30000.0,nM,3e-05,30000.0,4.522878745280337,4.477121254719663,,src/data/scPDB 2/4zdz_1/ligand.sdf,src/data/scPDB 2/4zdz_1/site.mol2,bindingdb_scpdb
2wx2,,,Kd,=,30000.0,nM,3e-05,30000.0,4.522878745280337,4.477121254719663,,src/data/scPDB 2/2wx2_1/ligand.sdf,src/data/scPDB 2/2wx2_1/site.mol2,bindingdb_scpdb
2ij7,,,Kd,=,30000.0,nM,3e-05,30000.0,4.522878745280337,4.477121254719663,,src/data/scPDB 2/2ij7_2/ligand.sdf,src/data/scPDB 2/2ij7_2/site.mol2,bindingdb_scpdb
3ik6,,,Ki,=,328.0,nM,3.28e-07,328.0,6.484126156288321,2.515873843711679,,src/data/scPDB 2/3ik6_1/ligand.sdf,src/data/scPDB 2/3ik6_1/site.mol2,bindingdb_scpdb
3f4x,,,Ki,=,348.0,nM,3.4800000000000005e-07,348.0,6.458420756053419,2.5415792439465807,,src/data/scPDB 2/3f4x_1/ligand.sdf,src/data/scPDB 2/3f4x_1/site.mol2,bindingdb_scpdb
2itz,,,Kd,=,53.5,nM,5.35e-08,53.5,7.2716462179787715,1.7283537820212285,,src/data/scPDB 2/2itz_1/ligand.sdf,src/data/scPDB 2/2itz_1/site.mol2,bindingdb_scpdb
4wkq,,,Kd,=,53.5,nM,5.35e-08,53.5,7.2716462179787715,1.7283537820212285,,src/data/scPDB 2/4wkq_1/ligand.sdf,src/data/scPDB 2/4wkq_1/site.mol2,bindingdb_scpdb
2pzv,,,Ki,=,10200.0,nM,1.02e-05,10200.0,4.991399828238082,4.008600171761918,,src/data/scPDB 2/2pzv_2/ligand.sdf,src/data/scPDB 2/2pzv_2/site.mol2,bindingdb_scpdb
3aiy,,,Ki,=,10200.0,nM,1.02e-05,10200.0,4.991399828238082,4.008600171761918,,src/data/scPDB 2/3aiy_6/ligand.sdf,src/data/scPDB 2/3aiy_6/site.mol2,bindingdb_scpdb
1jhy,,,Ki,=,10200.0,nM,1.02e-05,10200.0,4.991399828238082,4.008600171761918,,src/data/scPDB 2/1jhy_1/ligand.sdf,src/data/scPDB 2/1jhy_1/site.mol2,bindingdb_scpdb
1wav,,,Ki,=,10200.0,nM,1.02e-05,10200.0,4.991399828238082,4.008600171761918,,src/data/scPDB 2/1wav_5/ligand.sdf,src/data/scPDB 2/1wav_5/site.mol2,bindingdb_scpdb
4w5r,,,Ki,=,10200.0,nM,1.02e-05,10200.0,4.991399828238082,4.008600171761918,,src/data/scPDB 2/4w5r_3/ligand.sdf,src/data/scPDB 2/4w5r_3/site.mol2,bindingdb_scpdb
1aiy,,,Ki,=,10200.0,nM,1.02e-05,10200.0,4.991399828238082,4.008600171761918,,src/data/scPDB 2/1aiy_6/ligand.sdf,src/data/scPDB 2/1aiy_6/site.mol2,bindingdb_scpdb
2ws7,,,Ki,=,10200.0,nM,1.02e-05,10200.0,4.991399828238082,4.008600171761918,,src/data/scPDB 2/2ws7_1/ligand.sdf,src/data/scPDB 2/2ws7_1/site.mol2,bindingdb_scpdb
5bqq,,,Ki,=,10200.0,nM,1.02e-05,10200.0,4.991399828238082,4.008600171761918,,src/data/scPDB 2/5bqq_3/ligand.sdf,src/data/scPDB 2/5bqq_3/site.mol2,bindingdb_scpdb
2aiy,,,Ki,=,10200.0,nM,1.02e-05,10200.0,4.991399828238082,4.008600171761918,,src/data/scPDB 2/2aiy_5/ligand.sdf,src/data/scPDB 2/2aiy_5/site.mol2,bindingdb_scpdb
2buy,,,Ki,=,4003000.0,nM,0.0040030000000000005,4003000.0,2.397614409894895,6.602385590105105,,src/data/scPDB 2/2buy_2/ligand.sdf,src/data/scPDB 2/2buy_2/site.mol2,bindingdb_scpdb
4zxt,,,Ki,=,4003000.0,nM,0.0040030000000000005,4003000.0,2.397614409894895,6.602385590105105,,src/data/scPDB 2/4zxt_1/ligand.sdf,src/data/scPDB 2/4zxt_1/site.mol2,bindingdb_scpdb
3o4m,,,Ki,=,4003000.0,nM,0.0040030000000000005,4003000.0,2.397614409894895,6.602385590105105,,src/data/scPDB 2/3o4m_1/ligand.sdf,src/data/scPDB 2/3o4m_1/site.mol2,bindingdb_scpdb
1knd,,,Ki,=,4003000.0,nM,0.0040030000000000005,4003000.0,2.397614409894895,6.602385590105105,,src/data/scPDB 2/1knd_1/ligand.sdf,src/data/scPDB 2/1knd_1/site.mol2,bindingdb_scpdb
4oow,,,Ki,=,4003000.0,nM,0.0040030000000000005,4003000.0,2.397614409894895,6.602385590105105,,src/data/scPDB 2/4oow_1/ligand.sdf,src/data/scPDB 2/4oow_1/site.mol2,bindingdb_scpdb
3bpx,,,Ki,=,9900.0,nM,9.9e-06,9900.0,5.004364805402449,3.99563519459755,,src/data/scPDB 2/3bpx_1/ligand.sdf,src/data/scPDB 2/3bpx_1/site.mol2,bindingdb_scpdb
3n8y,,,Ki,=,9900.0,nM,9.9e-06,9900.0,5.004364805402449,3.99563519459755,,src/data/scPDB 2/3n8y_1/ligand.sdf,src/data/scPDB 2/3n8y_1/site.mol2,bindingdb_scpdb
4hvr,,,Ki,=,9900.0,nM,9.9e-06,9900.0,5.004364805402449,3.99563519459755,,src/data/scPDB 2/4hvr_1/ligand.sdf,src/data/scPDB 2/4hvr_1/site.mol2,bindingdb_scpdb
2i30,,,Ki,=,9900.0,nM,9.9e-06,9900.0,5.004364805402449,3.99563519459755,,src/data/scPDB 2/2i30_1/ligand.sdf,src/data/scPDB 2/2i30_1/site.mol2,bindingdb_scpdb
3njz,,,Ki,=,9900.0,nM,9.9e-06,9900.0,5.004364805402449,3.99563519459755,,src/data/scPDB 2/3njz_1/ligand.sdf,src/data/scPDB 2/3njz_1/site.mol2,bindingdb_scpdb
5f1a,,,Ki,=,9900.0,nM,9.9e-06,9900.0,5.004364805402449,3.99563519459755,,src/data/scPDB 2/5f1a_1/ligand.sdf,src/data/scPDB 2/5f1a_1/site.mol2,bindingdb_scpdb
3b9m,,,Ki,=,9900.0,nM,9.9e-06,9900.0,5.004364805402449,3.99563519459755,,src/data/scPDB 2/3b9m_1/ligand.sdf,src/data/scPDB 2/3b9m_1/site.mol2,bindingdb_scpdb
4l39,,,Ki,=,9900.0,nM,9.9e-06,9900.0,5.004364805402449,3.99563519459755,,src/data/scPDB 2/4l39_1/ligand.sdf,src/data/scPDB 2/4l39_1/site.mol2,bindingdb_scpdb
1wyg,,,Ki,=,9900.0,nM,9.9e-06,9900.0,5.004364805402449,3.99563519459755,,src/data/scPDB 2/1wyg_2/ligand.sdf,src/data/scPDB 2/1wyg_2/site.mol2,bindingdb_scpdb
3w1w,,,Ki,=,9900.0,nM,9.9e-06,9900.0,5.004364805402449,3.99563519459755,,src/data/scPDB 2/3w1w_1/ligand.sdf,src/data/scPDB 2/3w1w_1/site.mol2,bindingdb_scpdb
2y7w,,,Ki,=,9900.0,nM,9.9e-06,9900.0,5.004364805402449,3.99563519459755,,src/data/scPDB 2/2y7w_1/ligand.sdf,src/data/scPDB 2/2y7w_1/site.mol2,bindingdb_scpdb
3hgx,,,Ki,=,9900.0,nM,9.9e-06,9900.0,5.004364805402449,3.99563519459755,,src/data/scPDB 2/3hgx_1/ligand.sdf,src/data/scPDB 2/3hgx_1/site.mol2,bindingdb_scpdb
3hgr,,,Ki,=,9800.0,nM,9.800000000000001e-06,9800.0,5.008773924307505,3.9912260756924947,,src/data/scPDB 2/3hgr_1/ligand.sdf,src/data/scPDB 2/3hgr_1/site.mol2,bindingdb_scpdb
1d7l,,,Ki,=,9800.0,nM,9.800000000000001e-06,9800.0,5.008773924307505,3.9912260756924947,,src/data/scPDB 2/1d7l_1/ligand.sdf,src/data/scPDB 2/1d7l_1/site.mol2,bindingdb_scpdb
3qvr,,,Ki,=,6000000.0,nM,0.006,6000000.0,2.221848749616356,6.778151250383644,,src/data/scPDB 2/3qvr_1/ligand.sdf,src/data/scPDB 2/3qvr_1/site.mol2,bindingdb_scpdb
3qvp,,,Ki,=,6000000.0,nM,0.006,6000000.0,2.221848749616356,6.778151250383644,,src/data/scPDB 2/3qvp_1/ligand.sdf,src/data/scPDB 2/3qvp_1/site.mol2,bindingdb_scpdb
3n65,,,Ki,=,6000000.0,nM,0.006,6000000.0,2.221848749616356,6.778151250383644,,src/data/scPDB 2/3n65_2/ligand.sdf,src/data/scPDB 2/3n65_2/site.mol2,bindingdb_scpdb
3n66,,,Ki,=,6000000.0,nM,0.006,6000000.0,2.221848749616356,6.778151250383644,,src/data/scPDB 2/3n66_2/ligand.sdf,src/data/scPDB 2/3n66_2/site.mol2,bindingdb_scpdb
3n61,,,Ki,=,6000000.0,nM,0.006,6000000.0,2.221848749616356,6.778151250383644,,src/data/scPDB 2/3n61_3/ligand.sdf,src/data/scPDB 2/3n61_3/site.mol2,bindingdb_scpdb
3n62,,,Ki,=,6000000.0,nM,0.006,6000000.0,2.221848749616356,6.778151250383644,,src/data/scPDB 2/3n62_1/ligand.sdf,src/data/scPDB 2/3n62_1/site.mol2,bindingdb_scpdb
5cae,,,Ki,=,6000000.0,nM,0.006,6000000.0,2.221848749616356,6.778151250383644,,src/data/scPDB 2/5cae_1/ligand.sdf,src/data/scPDB 2/5cae_1/site.mol2,bindingdb_scpdb
1z4u,,,Ki,=,6000000.0,nM,0.006,6000000.0,2.221848749616356,6.778151250383644,,src/data/scPDB 2/1z4u_1/ligand.sdf,src/data/scPDB 2/1z4u_1/site.mol2,bindingdb_scpdb
2buf,,,Ki,=,6000000.0,nM,0.006,6000000.0,2.221848749616356,6.778151250383644,,src/data/scPDB 2/2buf_18/ligand.sdf,src/data/scPDB 2/2buf_18/site.mol2,bindingdb_scpdb
4c13,,,Ki,=,6000000.0,nM,0.006,6000000.0,2.221848749616356,6.778151250383644,,src/data/scPDB 2/4c13_1/ligand.sdf,src/data/scPDB 2/4c13_1/site.mol2,bindingdb_scpdb
4imu,,,Ki,=,6000000.0,nM,0.006,6000000.0,2.221848749616356,6.778151250383644,,src/data/scPDB 2/4imu_4/ligand.sdf,src/data/scPDB 2/4imu_4/site.mol2,bindingdb_scpdb
4imf,,,Ki,=,6000000.0,nM,0.006,6000000.0,2.221848749616356,6.778151250383644,,src/data/scPDB 2/4imf_1/ligand.sdf,src/data/scPDB 2/4imf_1/site.mol2,bindingdb_scpdb
4gbi,,,Ki,=,6000000.0,nM,0.006,6000000.0,2.221848749616356,6.778151250383644,,src/data/scPDB 2/4gbi_2/ligand.sdf,src/data/scPDB 2/4gbi_2/site.mol2,bindingdb_scpdb
4gbc,,,Ki,=,6000000.0,nM,0.006,6000000.0,2.221848749616356,6.778151250383644,,src/data/scPDB 2/4gbc_2/ligand.sdf,src/data/scPDB 2/4gbc_2/site.mol2,bindingdb_scpdb
2dxe,,,Ki,=,6000000.0,nM,0.006,6000000.0,2.221848749616356,6.778151250383644,,src/data/scPDB 2/2dxe_1/ligand.sdf,src/data/scPDB 2/2dxe_1/site.mol2,bindingdb_scpdb
4aux,,,Ki,=,6000000.0,nM,0.006,6000000.0,2.221848749616356,6.778151250383644,,src/data/scPDB 2/4aux_1/ligand.sdf,src/data/scPDB 2/4aux_1/site.mol2,bindingdb_scpdb
2fjn,,,Ki,=,6000000.0,nM,0.006,6000000.0,2.221848749616356,6.778151250383644,,src/data/scPDB 2/2fjn_1/ligand.sdf,src/data/scPDB 2/2fjn_1/site.mol2,bindingdb_scpdb
3w6x,,,Ki,=,6000000.0,nM,0.006,6000000.0,2.221848749616356,6.778151250383644,,src/data/scPDB 2/3w6x_2/ligand.sdf,src/data/scPDB 2/3w6x_2/site.mol2,bindingdb_scpdb
1hbm,,,Ki,=,6000000.0,nM,0.006,6000000.0,2.221848749616356,6.778151250383644,,src/data/scPDB 2/1hbm_2/ligand.sdf,src/data/scPDB 2/1hbm_2/site.mol2,bindingdb_scpdb
3jw2,,,Ki,=,6000000.0,nM,0.006,6000000.0,2.221848749616356,6.778151250383644,,src/data/scPDB 2/3jw2_1/ligand.sdf,src/data/scPDB 2/3jw2_1/site.mol2,bindingdb_scpdb
1o6z,,,Ki,=,6000000.0,nM,0.006,6000000.0,2.221848749616356,6.778151250383644,,src/data/scPDB 2/1o6z_2/ligand.sdf,src/data/scPDB 2/1o6z_2/site.mol2,bindingdb_scpdb
3vrz,,,Ki,=,6000000.0,nM,0.006,6000000.0,2.221848749616356,6.778151250383644,,src/data/scPDB 2/3vrz_1/ligand.sdf,src/data/scPDB 2/3vrz_1/site.mol2,bindingdb_scpdb
1nrx,,,Ki,=,6000000.0,nM,0.006,6000000.0,2.221848749616356,6.778151250383644,,src/data/scPDB 2/1nrx_1/ligand.sdf,src/data/scPDB 2/1nrx_1/site.mol2,bindingdb_scpdb
3toz,,,Ki,=,6000000.0,nM,0.006,6000000.0,2.221848749616356,6.778151250383644,,src/data/scPDB 2/3toz_4/ligand.sdf,src/data/scPDB 2/3toz_4/site.mol2,bindingdb_scpdb
3uq9,,,Ki,=,6000000.0,nM,0.006,6000000.0,2.221848749616356,6.778151250383644,,src/data/scPDB 2/3uq9_3/ligand.sdf,src/data/scPDB 2/3uq9_3/site.mol2,bindingdb_scpdb
4b2w,,,Ki,=,6000000.0,nM,0.006,6000000.0,2.221848749616356,6.778151250383644,,src/data/scPDB 2/4b2w_4/ligand.sdf,src/data/scPDB 2/4b2w_4/site.mol2,bindingdb_scpdb
2w5b,,,Ki,=,6000000.0,nM,0.006,6000000.0,2.221848749616356,6.778151250383644,,src/data/scPDB 2/2w5b_1/ligand.sdf,src/data/scPDB 2/2w5b_1/site.mol2,bindingdb_scpdb
3nwb,,,Ki,=,6000000.0,nM,0.006,6000000.0,2.221848749616356,6.778151250383644,,src/data/scPDB 2/3nwb_1/ligand.sdf,src/data/scPDB 2/3nwb_1/site.mol2,bindingdb_scpdb
3nwe,,,Ki,=,6000000.0,nM,0.006,6000000.0,2.221848749616356,6.778151250383644,,src/data/scPDB 2/3nwe_1/ligand.sdf,src/data/scPDB 2/3nwe_1/site.mol2,bindingdb_scpdb
3cqe,,,Ki,=,6000000.0,nM,0.006,6000000.0,2.221848749616356,6.778151250383644,,src/data/scPDB 2/3cqe_1/ligand.sdf,src/data/scPDB 2/3cqe_1/site.mol2,bindingdb_scpdb
3au2,,,Ki,=,6000000.0,nM,0.006,6000000.0,2.221848749616356,6.778151250383644,,src/data/scPDB 2/3au2_1/ligand.sdf,src/data/scPDB 2/3au2_1/site.mol2,bindingdb_scpdb
2ovx,,,Ki,=,6000000.0,nM,0.006,6000000.0,2.221848749616356,6.778151250383644,,src/data/scPDB 2/2ovx_2/ligand.sdf,src/data/scPDB 2/2ovx_2/site.mol2,bindingdb_scpdb
2ov2,,,Ki,=,6000000.0,nM,0.006,6000000.0,2.221848749616356,6.778151250383644,,src/data/scPDB 2/2ov2_2/ligand.sdf,src/data/scPDB 2/2ov2_2/site.mol2,bindingdb_scpdb
3vy5,,,Ki,=,6000000.0,nM,0.006,6000000.0,2.221848749616356,6.778151250383644,,src/data/scPDB 2/3vy5_1/ligand.sdf,src/data/scPDB 2/3vy5_1/site.mol2,bindingdb_scpdb
1s4o,,,Ki,=,6000000.0,nM,0.006,6000000.0,2.221848749616356,6.778151250383644,,src/data/scPDB 2/1s4o_2/ligand.sdf,src/data/scPDB 2/1s4o_2/site.mol2,bindingdb_scpdb
2v2z,,,Ki,=,6000000.0,nM,0.006,6000000.0,2.221848749616356,6.778151250383644,,src/data/scPDB 2/2v2z_2/ligand.sdf,src/data/scPDB 2/2v2z_2/site.mol2,bindingdb_scpdb
3u04,,,Ki,=,6000000.0,nM,0.006,6000000.0,2.221848749616356,6.778151250383644,,src/data/scPDB 2/3u04_1/ligand.sdf,src/data/scPDB 2/3u04_1/site.mol2,bindingdb_scpdb
2xxv,,,Ki,=,6000000.0,nM,0.006,6000000.0,2.221848749616356,6.778151250383644,,src/data/scPDB 2/2xxv_1/ligand.sdf,src/data/scPDB 2/2xxv_1/site.mol2,bindingdb_scpdb
2hc0,,,Ki,=,4000000.0,nM,0.004,4000000.0,2.3979400086720375,6.6020599913279625,,src/data/scPDB 2/2hc0_1/ligand.sdf,src/data/scPDB 2/2hc0_1/site.mol2,bindingdb_scpdb
4u9y,,,Ki,=,4000000.0,nM,0.004,4000000.0,2.3979400086720375,6.6020599913279625,,src/data/scPDB 2/4u9y_1/ligand.sdf,src/data/scPDB 2/4u9y_1/site.mol2,bindingdb_scpdb
4tm4,,,Ki,=,4000000.0,nM,0.004,4000000.0,2.3979400086720375,6.6020599913279625,,src/data/scPDB 2/4tm4_4/ligand.sdf,src/data/scPDB 2/4tm4_4/site.mol2,bindingdb_scpdb
3zoz,,,Ki,=,4000000.0,nM,0.004,4000000.0,2.3979400086720375,6.6020599913279625,,src/data/scPDB 2/3zoz_1/ligand.sdf,src/data/scPDB 2/3zoz_1/site.mol2,bindingdb_scpdb
5av2,,,Ki,=,4000000.0,nM,0.004,4000000.0,2.3979400086720375,6.6020599913279625,,src/data/scPDB 2/5av2_1/ligand.sdf,src/data/scPDB 2/5av2_1/site.mol2,bindingdb_scpdb
5av4,,,Ki,=,4000000.0,nM,0.004,4000000.0,2.3979400086720375,6.6020599913279625,,src/data/scPDB 2/5av4_1/ligand.sdf,src/data/scPDB 2/5av4_1/site.mol2,bindingdb_scpdb
1vp6,,,Ki,=,4000000.0,nM,0.004,4000000.0,2.3979400086720375,6.6020599913279625,,src/data/scPDB 2/1vp6_1/ligand.sdf,src/data/scPDB 2/1vp6_1/site.mol2,bindingdb_scpdb
2vf3,,,Ki,=,4000000.0,nM,0.004,4000000.0,2.3979400086720375,6.6020599913279625,,src/data/scPDB 2/2vf3_2/ligand.sdf,src/data/scPDB 2/2vf3_2/site.mol2,bindingdb_scpdb
3fpj,,,Ki,=,4000000.0,nM,0.004,4000000.0,2.3979400086720375,6.6020599913279625,,src/data/scPDB 2/3fpj_1/ligand.sdf,src/data/scPDB 2/3fpj_1/site.mol2,bindingdb_scpdb
2j6l,,,Ki,=,4000000.0,nM,0.004,4000000.0,2.3979400086720375,6.6020599913279625,,src/data/scPDB 2/2j6l_4/ligand.sdf,src/data/scPDB 2/2j6l_4/site.mol2,bindingdb_scpdb
3ld5,,,Ki,=,4000000.0,nM,0.004,4000000.0,2.3979400086720375,6.6020599913279625,,src/data/scPDB 2/3ld5_1/ligand.sdf,src/data/scPDB 2/3ld5_1/site.mol2,bindingdb_scpdb
2ojt,,,Ki,=,4000000.0,nM,0.004,4000000.0,2.3979400086720375,6.6020599913279625,,src/data/scPDB 2/2ojt_2/ligand.sdf,src/data/scPDB 2/2ojt_2/site.mol2,bindingdb_scpdb
3upt,,,Ki,=,4000000.0,nM,0.004,4000000.0,2.3979400086720375,6.6020599913279625,,src/data/scPDB 2/3upt_1/ligand.sdf,src/data/scPDB 2/3upt_1/site.mol2,bindingdb_scpdb
3lql,,,Ki,=,4000000.0,nM,0.004,4000000.0,2.3979400086720375,6.6020599913279625,,src/data/scPDB 2/3lql_1/ligand.sdf,src/data/scPDB 2/3lql_1/site.mol2,bindingdb_scpdb
4er6,,,Ki,=,4000000.0,nM,0.004,4000000.0,2.3979400086720375,6.6020599913279625,,src/data/scPDB 2/4er6_1/ligand.sdf,src/data/scPDB 2/4er6_1/site.mol2,bindingdb_scpdb
5cyq,,,Ki,=,4000000.0,nM,0.004,4000000.0,2.3979400086720375,6.6020599913279625,,src/data/scPDB 2/5cyq_1/ligand.sdf,src/data/scPDB 2/5cyq_1/site.mol2,bindingdb_scpdb
3k9u,,,Ki,=,4000000.0,nM,0.004,4000000.0,2.3979400086720375,6.6020599913279625,,src/data/scPDB 2/3k9u_2/ligand.sdf,src/data/scPDB 2/3k9u_2/site.mol2,bindingdb_scpdb
4b0o,,,Ki,=,4000000.0,nM,0.004,4000000.0,2.3979400086720375,6.6020599913279625,,src/data/scPDB 2/4b0o_1/ligand.sdf,src/data/scPDB 2/4b0o_1/site.mol2,bindingdb_scpdb
3biy,,,Ki,=,4000000.0,nM,0.004,4000000.0,2.3979400086720375,6.6020599913279625,,src/data/scPDB 2/3biy_1/ligand.sdf,src/data/scPDB 2/3biy_1/site.mol2,bindingdb_scpdb
3m4h,,,Ki,=,4000000.0,nM,0.004,4000000.0,2.3979400086720375,6.6020599913279625,,src/data/scPDB 2/3m4h_1/ligand.sdf,src/data/scPDB 2/3m4h_1/site.mol2,bindingdb_scpdb
4l4e,,,Ki,=,500.0,nM,5.000000000000001e-07,500.0,6.301029995663981,2.6989700043360187,,src/data/scPDB 2/4l4e_1/ligand.sdf,src/data/scPDB 2/4l4e_1/site.mol2,bindingdb_scpdb
4c9o,,,Ki,=,500.0,nM,5.000000000000001e-07,500.0,6.301029995663981,2.6989700043360187,,src/data/scPDB 2/4c9o_1/ligand.sdf,src/data/scPDB 2/4c9o_1/site.mol2,bindingdb_scpdb
4l4d,,,Ki,=,500.0,nM,5.000000000000001e-07,500.0,6.301029995663981,2.6989700043360187,,src/data/scPDB 2/4l4d_1/ligand.sdf,src/data/scPDB 2/4l4d_1/site.mol2,bindingdb_scpdb
1o76,,,Ki,=,500.0,nM,5.000000000000001e-07,500.0,6.301029995663981,2.6989700043360187,,src/data/scPDB 2/1o76_2/ligand.sdf,src/data/scPDB 2/1o76_2/site.mol2,bindingdb_scpdb
2qbm,,,Ki,=,500.0,nM,5.000000000000001e-07,500.0,6.301029995663981,2.6989700043360187,,src/data/scPDB 2/2qbm_1/ligand.sdf,src/data/scPDB 2/2qbm_1/site.mol2,bindingdb_scpdb
1ppj,,,Ki,=,1200.0,nM,1.2000000000000002e-06,1200.0,5.920818753952375,3.0791812460476247,,src/data/scPDB 2/1ppj_2/ligand.sdf,src/data/scPDB 2/1ppj_2/site.mol2,bindingdb_scpdb
3n7u,,,Ki,=,1200.0,nM,1.2000000000000002e-06,1200.0,5.920818753952375,3.0791812460476247,,src/data/scPDB 2/3n7u_12/ligand.sdf,src/data/scPDB 2/3n7u_12/site.mol2,bindingdb_scpdb
2nad,,,Ki,=,1200.0,nM,1.2000000000000002e-06,1200.0,5.920818753952375,3.0791812460476247,,src/data/scPDB 2/2nad_1/ligand.sdf,src/data/scPDB 2/2nad_1/site.mol2,bindingdb_scpdb
2ck3,,,Ki,=,1200.0,nM,1.2000000000000002e-06,1200.0,5.920818753952375,3.0791812460476247,,src/data/scPDB 2/2ck3_1/ligand.sdf,src/data/scPDB 2/2ck3_1/site.mol2,bindingdb_scpdb
4xyb,,,Ki,=,1200.0,nM,1.2000000000000002e-06,1200.0,5.920818753952375,3.0791812460476247,,src/data/scPDB 2/4xyb_2/ligand.sdf,src/data/scPDB 2/4xyb_2/site.mol2,bindingdb_scpdb
2jj1,,,Ki,=,1200.0,nM,1.2000000000000002e-06,1200.0,5.920818753952375,3.0791812460476247,,src/data/scPDB 2/2jj1_6/ligand.sdf,src/data/scPDB 2/2jj1_6/site.mol2,bindingdb_scpdb
1opm,,,Ki,=,1200.0,nM,1.2000000000000002e-06,1200.0,5.920818753952375,3.0791812460476247,,src/data/scPDB 2/1opm_1/ligand.sdf,src/data/scPDB 2/1opm_1/site.mol2,bindingdb_scpdb
4lcg,,,Ki,=,7000000.0,nM,0.007,7000000.0,2.154901959985743,6.845098040014257,,src/data/scPDB 2/4lcg_1/ligand.sdf,src/data/scPDB 2/4lcg_1/site.mol2,bindingdb_scpdb
4lcf,,,Ki,=,7000000.0,nM,0.007,7000000.0,2.154901959985743,6.845098040014257,,src/data/scPDB 2/4lcf_1/ligand.sdf,src/data/scPDB 2/4lcf_1/site.mol2,bindingdb_scpdb
2xm9,,,Ki,=,7000000.0,nM,0.007,7000000.0,2.154901959985743,6.845098040014257,,src/data/scPDB 2/2xm9_1/ligand.sdf,src/data/scPDB 2/2xm9_1/site.mol2,bindingdb_scpdb
3iid,,,Ki,=,7000000.0,nM,0.007,7000000.0,2.154901959985743,6.845098040014257,,src/data/scPDB 2/3iid_1/ligand.sdf,src/data/scPDB 2/3iid_1/site.mol2,bindingdb_scpdb
4nr5,,,Ki,=,7000000.0,nM,0.007,7000000.0,2.154901959985743,6.845098040014257,,src/data/scPDB 2/4nr5_1/ligand.sdf,src/data/scPDB 2/4nr5_1/site.mol2,bindingdb_scpdb
4a9l,,,Ki,=,7000000.0,nM,0.007,7000000.0,2.154901959985743,6.845098040014257,,src/data/scPDB 2/4a9l_1/ligand.sdf,src/data/scPDB 2/4a9l_1/site.mol2,bindingdb_scpdb
4gvz,,,Ki,=,7000000.0,nM,0.007,7000000.0,2.154901959985743,6.845098040014257,,src/data/scPDB 2/4gvz_1/ligand.sdf,src/data/scPDB 2/4gvz_1/site.mol2,bindingdb_scpdb
4c2u,,,Ki,=,7000000.0,nM,0.007,7000000.0,2.154901959985743,6.845098040014257,,src/data/scPDB 2/4c2u_2/ligand.sdf,src/data/scPDB 2/4c2u_2/site.mol2,bindingdb_scpdb
4a9t,,,Ki,=,7000000.0,nM,0.007,7000000.0,2.154901959985743,6.845098040014257,,src/data/scPDB 2/4a9t_1/ligand.sdf,src/data/scPDB 2/4a9t_1/site.mol2,bindingdb_scpdb
2ycr,,,Ki,=,7000000.0,nM,0.007,7000000.0,2.154901959985743,6.845098040014257,,src/data/scPDB 2/2ycr_1/ligand.sdf,src/data/scPDB 2/2ycr_1/site.mol2,bindingdb_scpdb
2ycs,,,Ki,=,7000000.0,nM,0.007,7000000.0,2.154901959985743,6.845098040014257,,src/data/scPDB 2/2ycs_1/ligand.sdf,src/data/scPDB 2/2ycs_1/site.mol2,bindingdb_scpdb
4f1q,,,Ki,=,7000000.0,nM,0.007,7000000.0,2.154901959985743,6.845098040014257,,src/data/scPDB 2/4f1q_2/ligand.sdf,src/data/scPDB 2/4f1q_2/site.mol2,bindingdb_scpdb
2fe4,,,Ki,=,7000000.0,nM,0.007,7000000.0,2.154901959985743,6.845098040014257,,src/data/scPDB 2/2fe4_1/ligand.sdf,src/data/scPDB 2/2fe4_1/site.mol2,bindingdb_scpdb
4bdh,,,Ki,=,7000000.0,nM,0.007,7000000.0,2.154901959985743,6.845098040014257,,src/data/scPDB 2/4bdh_1/ligand.sdf,src/data/scPDB 2/4bdh_1/site.mol2,bindingdb_scpdb
4bda,,,Ki,=,7000000.0,nM,0.007,7000000.0,2.154901959985743,6.845098040014257,,src/data/scPDB 2/4bda_1/ligand.sdf,src/data/scPDB 2/4bda_1/site.mol2,bindingdb_scpdb
1smc,,,Ki,=,7000000.0,nM,0.007,7000000.0,2.154901959985743,6.845098040014257,,src/data/scPDB 2/1smc_1/ligand.sdf,src/data/scPDB 2/1smc_1/site.mol2,bindingdb_scpdb
3k3b,,,Ki,=,7000000.0,nM,0.007,7000000.0,2.154901959985743,6.845098040014257,,src/data/scPDB 2/3k3b_1/ligand.sdf,src/data/scPDB 2/3k3b_1/site.mol2,bindingdb_scpdb
4f07,,,Ki,=,7000000.0,nM,0.007,7000000.0,2.154901959985743,6.845098040014257,,src/data/scPDB 2/4f07_11/ligand.sdf,src/data/scPDB 2/4f07_11/site.mol2,bindingdb_scpdb
3cw9,,,Ki,=,7000000.0,nM,0.007,7000000.0,2.154901959985743,6.845098040014257,,src/data/scPDB 2/3cw9_2/ligand.sdf,src/data/scPDB 2/3cw9_2/site.mol2,bindingdb_scpdb
4rf8,,,Ki,=,7000000.0,nM,0.007,7000000.0,2.154901959985743,6.845098040014257,,src/data/scPDB 2/4rf8_2/ligand.sdf,src/data/scPDB 2/4rf8_2/site.mol2,bindingdb_scpdb
4eqk,,,Ki,=,7000000.0,nM,0.007,7000000.0,2.154901959985743,6.845098040014257,,src/data/scPDB 2/4eqk_1/ligand.sdf,src/data/scPDB 2/4eqk_1/site.mol2,bindingdb_scpdb
4k4p,,,Ki,=,7000000.0,nM,0.007,7000000.0,2.154901959985743,6.845098040014257,,src/data/scPDB 2/4k4p_1/ligand.sdf,src/data/scPDB 2/4k4p_1/site.mol2,bindingdb_scpdb
2xvj,,,Ki,=,7000000.0,nM,0.007,7000000.0,2.154901959985743,6.845098040014257,,src/data/scPDB 2/2xvj_3/ligand.sdf,src/data/scPDB 2/2xvj_3/site.mol2,bindingdb_scpdb
1zb6,,,Ki,=,7000000.0,nM,0.007,7000000.0,2.154901959985743,6.845098040014257,,src/data/scPDB 2/1zb6_1/ligand.sdf,src/data/scPDB 2/1zb6_1/site.mol2,bindingdb_scpdb
5g3s,,,Ki,=,7000000.0,nM,0.007,7000000.0,2.154901959985743,6.845098040014257,,src/data/scPDB 2/5g3s_1/ligand.sdf,src/data/scPDB 2/5g3s_1/site.mol2,bindingdb_scpdb
1p9b,,,Ki,=,7000000.0,nM,0.007,7000000.0,2.154901959985743,6.845098040014257,,src/data/scPDB 2/1p9b_1/ligand.sdf,src/data/scPDB 2/1p9b_1/site.mol2,bindingdb_scpdb
1snf,,,Ki,=,7000000.0,nM,0.007,7000000.0,2.154901959985743,6.845098040014257,,src/data/scPDB 2/1snf_3/ligand.sdf,src/data/scPDB 2/1snf_3/site.mol2,bindingdb_scpdb
2yiq,,,Ki,=,7000000.0,nM,0.007,7000000.0,2.154901959985743,6.845098040014257,,src/data/scPDB 2/2yiq_1/ligand.sdf,src/data/scPDB 2/2yiq_1/site.mol2,bindingdb_scpdb
2yir,,,Ki,=,7000000.0,nM,0.007,7000000.0,2.154901959985743,6.845098040014257,,src/data/scPDB 2/2yir_1/ligand.sdf,src/data/scPDB 2/2yir_1/site.mol2,bindingdb_scpdb
2yit,,,Ki,=,7000000.0,nM,0.007,7000000.0,2.154901959985743,6.845098040014257,,src/data/scPDB 2/2yit_1/ligand.sdf,src/data/scPDB 2/2yit_1/site.mol2,bindingdb_scpdb
4a1z,,,Ki,=,7000000.0,nM,0.007,7000000.0,2.154901959985743,6.845098040014257,,src/data/scPDB 2/4a1z_1/ligand.sdf,src/data/scPDB 2/4a1z_1/site.mol2,bindingdb_scpdb
2wtd,,,Ki,=,7000000.0,nM,0.007,7000000.0,2.154901959985743,6.845098040014257,,src/data/scPDB 2/2wtd_1/ligand.sdf,src/data/scPDB 2/2wtd_1/site.mol2,bindingdb_scpdb
2wtj,,,Ki,=,7000000.0,nM,0.007,7000000.0,2.154901959985743,6.845098040014257,,src/data/scPDB 2/2wtj_1/ligand.sdf,src/data/scPDB 2/2wtj_1/site.mol2,bindingdb_scpdb
4x30,,,Ki,=,70000.0,nM,7.000000000000001e-05,70000.0,4.154901959985743,4.845098040014257,,src/data/scPDB 2/4x30_1/ligand.sdf,src/data/scPDB 2/4x30_1/site.mol2,bindingdb_scpdb
3hco,,,Ki,=,6600000.0,nM,0.006600000000000001,6600000.0,2.1804560644581317,6.819543935541868,,src/data/scPDB 2/3hco_1/ligand.sdf,src/data/scPDB 2/3hco_1/site.mol2,bindingdb_scpdb
2bgs,,,Ki,=,6600000.0,nM,0.006600000000000001,6600000.0,2.1804560644581317,6.819543935541868,,src/data/scPDB 2/2bgs_1/ligand.sdf,src/data/scPDB 2/2bgs_1/site.mol2,bindingdb_scpdb
2j7y,,,Ki,=,6600000.0,nM,0.006600000000000001,6600000.0,2.1804560644581317,6.819543935541868,,src/data/scPDB 2/2j7y_1/ligand.sdf,src/data/scPDB 2/2j7y_1/site.mol2,bindingdb_scpdb
2j7x,,,Ki,=,6600000.0,nM,0.006600000000000001,6600000.0,2.1804560644581317,6.819543935541868,,src/data/scPDB 2/2j7x_1/ligand.sdf,src/data/scPDB 2/2j7x_1/site.mol2,bindingdb_scpdb
4klr,,,Ki,=,6600000.0,nM,0.006600000000000001,6600000.0,2.1804560644581317,6.819543935541868,,src/data/scPDB 2/4klr_2/ligand.sdf,src/data/scPDB 2/4klr_2/site.mol2,bindingdb_scpdb
4i4z,,,Ki,=,6600000.0,nM,0.006600000000000001,6600000.0,2.1804560644581317,6.819543935541868,,src/data/scPDB 2/4i4z_1/ligand.sdf,src/data/scPDB 2/4i4z_1/site.mol2,bindingdb_scpdb
4i42,,,Ki,=,6600000.0,nM,0.006600000000000001,6600000.0,2.1804560644581317,6.819543935541868,,src/data/scPDB 2/4i42_4/ligand.sdf,src/data/scPDB 2/4i42_4/site.mol2,bindingdb_scpdb
1zsk,,,Ki,=,6600000.0,nM,0.006600000000000001,6600000.0,2.1804560644581317,6.819543935541868,,src/data/scPDB 2/1zsk_1/ligand.sdf,src/data/scPDB 2/1zsk_1/site.mol2,bindingdb_scpdb
5fbh,,,Ki,=,6600000.0,nM,0.006600000000000001,6600000.0,2.1804560644581317,6.819543935541868,,src/data/scPDB 2/5fbh_2/ligand.sdf,src/data/scPDB 2/5fbh_2/site.mol2,bindingdb_scpdb
3jzf,,,Ki,=,5700000.0,nM,0.0057,5700000.0,2.2441251443275085,6.7558748556724915,,src/data/scPDB 2/3jzf_1/ligand.sdf,src/data/scPDB 2/3jzf_1/site.mol2,bindingdb_scpdb
4g77,,,Ki,=,5700000.0,nM,0.0057,5700000.0,2.2441251443275085,6.7558748556724915,,src/data/scPDB 2/4g77_1/ligand.sdf,src/data/scPDB 2/4g77_1/site.mol2,bindingdb_scpdb
1tz8,,,Ki,=,5700000.0,nM,0.0057,5700000.0,2.2441251443275085,6.7558748556724915,,src/data/scPDB 2/1tz8_1/ligand.sdf,src/data/scPDB 2/1tz8_1/site.mol2,bindingdb_scpdb
1kzi,,,Ki,=,5700000.0,nM,0.0057,5700000.0,2.2441251443275085,6.7558748556724915,,src/data/scPDB 2/1kzi_2/ligand.sdf,src/data/scPDB 2/1kzi_2/site.mol2,bindingdb_scpdb
4for,,,Ki,=,5700000.0,nM,0.0057,5700000.0,2.2441251443275085,6.7558748556724915,,src/data/scPDB 2/4for_1/ligand.sdf,src/data/scPDB 2/4for_1/site.mol2,bindingdb_scpdb
4grk,,,Ki,=,5700000.0,nM,0.0057,5700000.0,2.2441251443275085,6.7558748556724915,,src/data/scPDB 2/4grk_1/ligand.sdf,src/data/scPDB 2/4grk_1/site.mol2,bindingdb_scpdb
4ffl,,,Ki,=,5700000.0,nM,0.0057,5700000.0,2.2441251443275085,6.7558748556724915,,src/data/scPDB 2/4ffl_1/ligand.sdf,src/data/scPDB 2/4ffl_1/site.mol2,bindingdb_scpdb
2yqu,,,Ki,=,5700000.0,nM,0.0057,5700000.0,2.2441251443275085,6.7558748556724915,,src/data/scPDB 2/2yqu_2/ligand.sdf,src/data/scPDB 2/2yqu_2/site.mol2,bindingdb_scpdb
1kph,,,Ki,=,5700000.0,nM,0.0057,5700000.0,2.2441251443275085,6.7558748556724915,,src/data/scPDB 2/1kph_4/ligand.sdf,src/data/scPDB 2/1kph_4/site.mol2,bindingdb_scpdb
1kpg,,,Ki,=,5700000.0,nM,0.0057,5700000.0,2.2441251443275085,6.7558748556724915,,src/data/scPDB 2/1kpg_8/ligand.sdf,src/data/scPDB 2/1kpg_8/site.mol2,bindingdb_scpdb
3kr5,,,Ki,=,5700000.0,nM,0.0057,5700000.0,2.2441251443275085,6.7558748556724915,,src/data/scPDB 2/3kr5_2/ligand.sdf,src/data/scPDB 2/3kr5_2/site.mol2,bindingdb_scpdb
2a2s,,,Ki,=,5700000.0,nM,0.0057,5700000.0,2.2441251443275085,6.7558748556724915,,src/data/scPDB 2/2a2s_1/ligand.sdf,src/data/scPDB 2/2a2s_1/site.mol2,bindingdb_scpdb
3u8q,,,Ki,=,5700000.0,nM,0.0057,5700000.0,2.2441251443275085,6.7558748556724915,,src/data/scPDB 2/3u8q_1/ligand.sdf,src/data/scPDB 2/3u8q_1/site.mol2,bindingdb_scpdb
4fjp,,,Ki,=,5700000.0,nM,0.0057,5700000.0,2.2441251443275085,6.7558748556724915,,src/data/scPDB 2/4fjp_1/ligand.sdf,src/data/scPDB 2/4fjp_1/site.mol2,bindingdb_scpdb
1vyw,,,Ki,=,9000000.0,nM,0.009000000000000001,9000000.0,2.045757490560675,6.954242509439325,,src/data/scPDB 2/1vyw_2/ligand.sdf,src/data/scPDB 2/1vyw_2/site.mol2,bindingdb_scpdb
2np8,,,Ki,=,9000000.0,nM,0.009000000000000001,9000000.0,2.045757490560675,6.954242509439325,,src/data/scPDB 2/2np8_1/ligand.sdf,src/data/scPDB 2/2np8_1/site.mol2,bindingdb_scpdb
2zd1,,,Ki,=,9000000.0,nM,0.009000000000000001,9000000.0,2.045757490560675,6.954242509439325,,src/data/scPDB 2/2zd1_1/ligand.sdf,src/data/scPDB 2/2zd1_1/site.mol2,bindingdb_scpdb
4m1e,,,Ki,=,9000000.0,nM,0.009000000000000001,9000000.0,2.045757490560675,6.954242509439325,,src/data/scPDB 2/4m1e_2/ligand.sdf,src/data/scPDB 2/4m1e_2/site.mol2,bindingdb_scpdb
2x4f,,,Ki,=,9000000.0,nM,0.009000000000000001,9000000.0,2.045757490560675,6.954242509439325,,src/data/scPDB 2/2x4f_2/ligand.sdf,src/data/scPDB 2/2x4f_2/site.mol2,bindingdb_scpdb
3qv2,,,Ki,=,9000000.0,nM,0.009000000000000001,9000000.0,2.045757490560675,6.954242509439325,,src/data/scPDB 2/3qv2_1/ligand.sdf,src/data/scPDB 2/3qv2_1/site.mol2,bindingdb_scpdb
1ihy,,,Ki,=,9000000.0,nM,0.009000000000000001,9000000.0,2.045757490560675,6.954242509439325,,src/data/scPDB 2/1ihy_3/ligand.sdf,src/data/scPDB 2/1ihy_3/site.mol2,bindingdb_scpdb
3n6u,,,Ki,=,9000000.0,nM,0.009000000000000001,9000000.0,2.045757490560675,6.954242509439325,,src/data/scPDB 2/3n6u_1/ligand.sdf,src/data/scPDB 2/3n6u_1/site.mol2,bindingdb_scpdb
1g3l,,,Ki,=,9000000.0,nM,0.009000000000000001,9000000.0,2.045757490560675,6.954242509439325,,src/data/scPDB 2/1g3l_5/ligand.sdf,src/data/scPDB 2/1g3l_5/site.mol2,bindingdb_scpdb
2bu9,,,Ki,=,9000000.0,nM,0.009000000000000001,9000000.0,2.045757490560675,6.954242509439325,,src/data/scPDB 2/2bu9_1/ligand.sdf,src/data/scPDB 2/2bu9_1/site.mol2,bindingdb_scpdb
2q7j,,,Ki,=,9000000.0,nM,0.009000000000000001,9000000.0,2.045757490560675,6.954242509439325,,src/data/scPDB 2/2q7j_1/ligand.sdf,src/data/scPDB 2/2q7j_1/site.mol2,bindingdb_scpdb
2q7k,,,Ki,=,9000000.0,nM,0.009000000000000001,9000000.0,2.045757490560675,6.954242509439325,,src/data/scPDB 2/2q7k_1/ligand.sdf,src/data/scPDB 2/2q7k_1/site.mol2,bindingdb_scpdb
2pzp,,,Ki,=,9000000.0,nM,0.009000000000000001,9000000.0,2.045757490560675,6.954242509439325,,src/data/scPDB 2/2pzp_2/ligand.sdf,src/data/scPDB 2/2pzp_2/site.mol2,bindingdb_scpdb
2pzr,,,Ki,=,9000000.0,nM,0.009000000000000001,9000000.0,2.045757490560675,6.954242509439325,,src/data/scPDB 2/2pzr_1/ligand.sdf,src/data/scPDB 2/2pzr_1/site.mol2,bindingdb_scpdb
3nxv,,,Ki,=,9000000.0,nM,0.009000000000000001,9000000.0,2.045757490560675,6.954242509439325,,src/data/scPDB 2/3nxv_1/ligand.sdf,src/data/scPDB 2/3nxv_1/site.mol2,bindingdb_scpdb
1cf2,,,Ki,=,9000000.0,nM,0.009000000000000001,9000000.0,2.045757490560675,6.954242509439325,,src/data/scPDB 2/1cf2_3/ligand.sdf,src/data/scPDB 2/1cf2_3/site.mol2,bindingdb_scpdb
3rdp,,,Ki,=,9000000.0,nM,0.009000000000000001,9000000.0,2.045757490560675,6.954242509439325,,src/data/scPDB 2/3rdp_2/ligand.sdf,src/data/scPDB 2/3rdp_2/site.mol2,bindingdb_scpdb
2ldb,,,Ki,=,9000000.0,nM,0.009000000000000001,9000000.0,2.045757490560675,6.954242509439325,,src/data/scPDB 2/2ldb_4/ligand.sdf,src/data/scPDB 2/2ldb_4/site.mol2,bindingdb_scpdb
4c1h,,,Ki,=,9000000.0,nM,0.009000000000000001,9000000.0,2.045757490560675,6.954242509439325,,src/data/scPDB 2/4c1h_1/ligand.sdf,src/data/scPDB 2/4c1h_1/site.mol2,bindingdb_scpdb
1eu1,,,Ki,=,9000000.0,nM,0.009000000000000001,9000000.0,2.045757490560675,6.954242509439325,,src/data/scPDB 2/1eu1_2/ligand.sdf,src/data/scPDB 2/1eu1_2/site.mol2,bindingdb_scpdb
4dne,,,Ki,=,9000000.0,nM,0.009000000000000001,9000000.0,2.045757490560675,6.954242509439325,,src/data/scPDB 2/4dne_1/ligand.sdf,src/data/scPDB 2/4dne_1/site.mol2,bindingdb_scpdb
1h85,,,Ki,=,9000000.0,nM,0.009000000000000001,9000000.0,2.045757490560675,6.954242509439325,,src/data/scPDB 2/1h85_1/ligand.sdf,src/data/scPDB 2/1h85_1/site.mol2,bindingdb_scpdb
1fm8,,,Ki,=,9000000.0,nM,0.009000000000000001,9000000.0,2.045757490560675,6.954242509439325,,src/data/scPDB 2/1fm8_1/ligand.sdf,src/data/scPDB 2/1fm8_1/site.mol2,bindingdb_scpdb
1hb1,,,Ki,=,9000000.0,nM,0.009000000000000001,9000000.0,2.045757490560675,6.954242509439325,,src/data/scPDB 2/1hb1_1/ligand.sdf,src/data/scPDB 2/1hb1_1/site.mol2,bindingdb_scpdb
1hb3,,,Ki,=,9000000.0,nM,0.009000000000000001,9000000.0,2.045757490560675,6.954242509439325,,src/data/scPDB 2/1hb3_1/ligand.sdf,src/data/scPDB 2/1hb3_1/site.mol2,bindingdb_scpdb
3e9z,,,Ki,=,9000000.0,nM,0.009000000000000001,9000000.0,2.045757490560675,6.954242509439325,,src/data/scPDB 2/3e9z_1/ligand.sdf,src/data/scPDB 2/3e9z_1/site.mol2,bindingdb_scpdb
3v8w,,,Ki,=,9000000.0,nM,0.009000000000000001,9000000.0,2.045757490560675,6.954242509439325,,src/data/scPDB 2/3v8w_2/ligand.sdf,src/data/scPDB 2/3v8w_2/site.mol2,bindingdb_scpdb
3v8t,,,Ki,=,9000000.0,nM,0.009000000000000001,9000000.0,2.045757490560675,6.954242509439325,,src/data/scPDB 2/3v8t_2/ligand.sdf,src/data/scPDB 2/3v8t_2/site.mol2,bindingdb_scpdb
3pej,,,Ki,=,9000000.0,nM,0.009000000000000001,9000000.0,2.045757490560675,6.954242509439325,,src/data/scPDB 2/3pej_1/ligand.sdf,src/data/scPDB 2/3pej_1/site.mol2,bindingdb_scpdb
3peh,,,Ki,=,9000000.0,nM,0.009000000000000001,9000000.0,2.045757490560675,6.954242509439325,,src/data/scPDB 2/3peh_1/ligand.sdf,src/data/scPDB 2/3peh_1/site.mol2,bindingdb_scpdb
1vdc,,,Ki,=,9000000.0,nM,0.009000000000000001,9000000.0,2.045757490560675,6.954242509439325,,src/data/scPDB 2/1vdc_1/ligand.sdf,src/data/scPDB 2/1vdc_1/site.mol2,bindingdb_scpdb
3vri,,,Ki,=,9000000.0,nM,0.009000000000000001,9000000.0,2.045757490560675,6.954242509439325,,src/data/scPDB 2/3vri_1/ligand.sdf,src/data/scPDB 2/3vri_1/site.mol2,bindingdb_scpdb
1grq,,,Ki,=,9000000.0,nM,0.009000000000000001,9000000.0,2.045757490560675,6.954242509439325,,src/data/scPDB 2/1grq_1/ligand.sdf,src/data/scPDB 2/1grq_1/site.mol2,bindingdb_scpdb
4a8v,,,Ki,=,9000000.0,nM,0.009000000000000001,9000000.0,2.045757490560675,6.954242509439325,,src/data/scPDB 2/4a8v_1/ligand.sdf,src/data/scPDB 2/4a8v_1/site.mol2,bindingdb_scpdb
4a81,,,Ki,=,9000000.0,nM,0.009000000000000001,9000000.0,2.045757490560675,6.954242509439325,,src/data/scPDB 2/4a81_2/ligand.sdf,src/data/scPDB 2/4a81_2/site.mol2,bindingdb_scpdb
4a80,,,Ki,=,9000000.0,nM,0.009000000000000001,9000000.0,2.045757490560675,6.954242509439325,,src/data/scPDB 2/4a80_1/ligand.sdf,src/data/scPDB 2/4a80_1/site.mol2,bindingdb_scpdb
4a83,,,Ki,=,9000000.0,nM,0.009000000000000001,9000000.0,2.045757490560675,6.954242509439325,,src/data/scPDB 2/4a83_2/ligand.sdf,src/data/scPDB 2/4a83_2/site.mol2,bindingdb_scpdb
4a86,,,Ki,=,9000000.0,nM,0.009000000000000001,9000000.0,2.045757490560675,6.954242509439325,,src/data/scPDB 2/4a86_2/ligand.sdf,src/data/scPDB 2/4a86_2/site.mol2,bindingdb_scpdb
4olf,,,Ki,=,9000000.0,nM,0.009000000000000001,9000000.0,2.045757490560675,6.954242509439325,,src/data/scPDB 2/4olf_1/ligand.sdf,src/data/scPDB 2/4olf_1/site.mol2,bindingdb_scpdb
3hbb,,,Ki,=,9000000.0,nM,0.009000000000000001,9000000.0,2.045757490560675,6.954242509439325,,src/data/scPDB 2/3hbb_6/ligand.sdf,src/data/scPDB 2/3hbb_6/site.mol2,bindingdb_scpdb
3flk,,,Ki,=,9000000.0,nM,0.009000000000000001,9000000.0,2.045757490560675,6.954242509439325,,src/data/scPDB 2/3flk_1/ligand.sdf,src/data/scPDB 2/3flk_1/site.mol2,bindingdb_scpdb
3nw2,,,Ki,=,9000000.0,nM,0.009000000000000001,9000000.0,2.045757490560675,6.954242509439325,,src/data/scPDB 2/3nw2_3/ligand.sdf,src/data/scPDB 2/3nw2_3/site.mol2,bindingdb_scpdb
3nwz,,,Ki,=,9000000.0,nM,0.009000000000000001,9000000.0,2.045757490560675,6.954242509439325,,src/data/scPDB 2/3nwz_1/ligand.sdf,src/data/scPDB 2/3nwz_1/site.mol2,bindingdb_scpdb
3nwx,,,Ki,=,9000000.0,nM,0.009000000000000001,9000000.0,2.045757490560675,6.954242509439325,,src/data/scPDB 2/3nwx_1/ligand.sdf,src/data/scPDB 2/3nwx_1/site.mol2,bindingdb_scpdb
3mb6,,,Ki,=,9000000.0,nM,0.009000000000000001,9000000.0,2.045757490560675,6.954242509439325,,src/data/scPDB 2/3mb6_1/ligand.sdf,src/data/scPDB 2/3mb6_1/site.mol2,bindingdb_scpdb
3mb7,,,Ki,=,9000000.0,nM,0.009000000000000001,9000000.0,2.045757490560675,6.954242509439325,,src/data/scPDB 2/3mb7_1/ligand.sdf,src/data/scPDB 2/3mb7_1/site.mol2,bindingdb_scpdb
3cq5,,,Ki,=,9000000.0,nM,0.009000000000000001,9000000.0,2.045757490560675,6.954242509439325,,src/data/scPDB 2/3cq5_1/ligand.sdf,src/data/scPDB 2/3cq5_1/site.mol2,bindingdb_scpdb
1ya8,,,Ki,=,9000000.0,nM,0.009000000000000001,9000000.0,2.045757490560675,6.954242509439325,,src/data/scPDB 2/1ya8_1/ligand.sdf,src/data/scPDB 2/1ya8_1/site.mol2,bindingdb_scpdb
4gyy,,,Ki,=,9000000.0,nM,0.009000000000000001,9000000.0,2.045757490560675,6.954242509439325,,src/data/scPDB 2/4gyy_1/ligand.sdf,src/data/scPDB 2/4gyy_1/site.mol2,bindingdb_scpdb
1fx9,,,Ki,=,9000000.0,nM,0.009000000000000001,9000000.0,2.045757490560675,6.954242509439325,,src/data/scPDB 2/1fx9_1/ligand.sdf,src/data/scPDB 2/1fx9_1/site.mol2,bindingdb_scpdb
1jkh,,,Ki,=,30.0,nM,3.0000000000000004e-08,30.0,7.522878745280337,1.4771212547196624,,src/data/scPDB 2/1jkh_1/ligand.sdf,src/data/scPDB 2/1jkh_1/site.mol2,bindingdb_scpdb
1ikw,,,Ki,=,30.0,nM,3.0000000000000004e-08,30.0,7.522878745280337,1.4771212547196624,,src/data/scPDB 2/1ikw_1/ligand.sdf,src/data/scPDB 2/1ikw_1/site.mol2,bindingdb_scpdb
1ikv,,,Ki,=,30.0,nM,3.0000000000000004e-08,30.0,7.522878745280337,1.4771212547196624,,src/data/scPDB 2/1ikv_1/ligand.sdf,src/data/scPDB 2/1ikv_1/site.mol2,bindingdb_scpdb
3g49,,,Ki,=,287.0,nM,2.87e-07,287.0,6.542118103266008,2.4578818967339924,,src/data/scPDB 2/3g49_3/ligand.sdf,src/data/scPDB 2/3g49_3/site.mol2,bindingdb_scpdb
3gwv,,,Ki,=,6670.0,nM,6.6700000000000005e-06,6670.0,5.175874166083451,3.824125833916549,,src/data/scPDB 2/3gwv_1/ligand.sdf,src/data/scPDB 2/3gwv_1/site.mol2,bindingdb_scpdb
1m17,,,Kd,=,190.0,nM,1.9e-07,190.0,6.721246399047171,2.278753600952829,,src/data/scPDB 2/1m17_1/ligand.sdf,src/data/scPDB 2/1m17_1/site.mol2,bindingdb_scpdb
5dr6,,,Kd,=,68.0,nM,6.8e-08,68.0,7.167491087293763,1.8325089127062364,,src/data/scPDB 2/5dr6_1/ligand.sdf,src/data/scPDB 2/5dr6_1/site.mol2,bindingdb_scpdb
4qmu,,,Kd,=,68.0,nM,6.8e-08,68.0,7.167491087293763,1.8325089127062364,,src/data/scPDB 2/4qmu_1/ligand.sdf,src/data/scPDB 2/4qmu_1/site.mol2,bindingdb_scpdb
5dt0,,,Kd,=,68.0,nM,6.8e-08,68.0,7.167491087293763,1.8325089127062364,,src/data/scPDB 2/5dt0_1/ligand.sdf,src/data/scPDB 2/5dt0_1/site.mol2,bindingdb_scpdb
3efl,,,Kd,=,1900.0,nM,1.9e-06,1900.0,5.721246399047171,3.278753600952829,,src/data/scPDB 2/3efl_1/ligand.sdf,src/data/scPDB 2/3efl_1/site.mol2,bindingdb_scpdb
1fm6,,,Kd,=,0.8,nM,8.000000000000001e-10,0.8,9.096910013008056,-0.09691001300805639,,src/data/scPDB 2/1fm6_3/ligand.sdf,src/data/scPDB 2/1fm6_3/site.mol2,bindingdb_scpdb
3uvv,,,Kd,=,0.8,nM,8.000000000000001e-10,0.8,9.096910013008056,-0.09691001300805639,,src/data/scPDB 2/3uvv_2/ligand.sdf,src/data/scPDB 2/3uvv_2/site.mol2,bindingdb_scpdb
1xiu,,,Kd,=,0.8,nM,8.000000000000001e-10,0.8,9.096910013008056,-0.09691001300805639,,src/data/scPDB 2/1xiu_1/ligand.sdf,src/data/scPDB 2/1xiu_1/site.mol2,bindingdb_scpdb
1xls,,,Kd,=,0.8,nM,8.000000000000001e-10,0.8,9.096910013008056,-0.09691001300805639,,src/data/scPDB 2/1xls_1/ligand.sdf,src/data/scPDB 2/1xls_1/site.mol2,bindingdb_scpdb
1xdk,,,Kd,=,0.8,nM,8.000000000000001e-10,0.8,9.096910013008056,-0.09691001300805639,,src/data/scPDB 2/1xdk_2/ligand.sdf,src/data/scPDB 2/1xdk_2/site.mol2,bindingdb_scpdb
2nnh,,,Kd,=,0.8,nM,8.000000000000001e-10,0.8,9.096910013008056,-0.09691001300805639,,src/data/scPDB 2/2nnh_3/ligand.sdf,src/data/scPDB 2/2nnh_3/site.mol2,bindingdb_scpdb
1k74,,,Kd,=,0.8,nM,8.000000000000001e-10,0.8,9.096910013008056,-0.09691001300805639,,src/data/scPDB 2/1k74_1/ligand.sdf,src/data/scPDB 2/1k74_1/site.mol2,bindingdb_scpdb
1fby,,,Kd,=,0.8,nM,8.000000000000001e-10,0.8,9.096910013008056,-0.09691001300805639,,src/data/scPDB 2/1fby_2/ligand.sdf,src/data/scPDB 2/1fby_2/site.mol2,bindingdb_scpdb
4at5,,,Kd,=,1.6,nM,1.6000000000000003e-09,1.6,8.795880017344075,0.2041199826559248,,src/data/scPDB 2/4at5_1/ligand.sdf,src/data/scPDB 2/4at5_1/site.mol2,bindingdb_scpdb
3zsi,,,Kd,=,2600.0,nM,2.6e-06,2600.0,5.585026652029182,3.4149733479708178,,src/data/scPDB 2/3zsi_1/ligand.sdf,src/data/scPDB 2/3zsi_1/site.mol2,bindingdb_scpdb
3oct,,,Kd,=,5000.0,nM,5e-06,5000.0,5.301029995663981,3.6989700043360187,,src/data/scPDB 2/3oct_1/ligand.sdf,src/data/scPDB 2/3oct_1/site.mol2,bindingdb_scpdb
2x81,,,Kd,=,1000.0,nM,1.0000000000000002e-06,1000.0,6.0,3.0,,src/data/scPDB 2/2x81_1/ligand.sdf,src/data/scPDB 2/2x81_1/site.mol2,bindingdb_scpdb
4ks8,,,Kd,=,1.8,nM,1.8000000000000002e-09,1.8,8.744727494896694,0.25527250510330607,,src/data/scPDB 2/4ks8_1/ligand.sdf,src/data/scPDB 2/4ks8_1/site.mol2,bindingdb_scpdb
2y7j,,,Kd,=,1.8,nM,1.8000000000000002e-09,1.8,8.744727494896694,0.25527250510330607,,src/data/scPDB 2/2y7j_3/ligand.sdf,src/data/scPDB 2/2y7j_3/site.mol2,bindingdb_scpdb
3ti1,,,Kd,=,1.8,nM,1.8000000000000002e-09,1.8,8.744727494896694,0.25527250510330607,,src/data/scPDB 2/3ti1_1/ligand.sdf,src/data/scPDB 2/3ti1_1/site.mol2,bindingdb_scpdb
4qmz,,,Kd,=,1.8,nM,1.8000000000000002e-09,1.8,8.744727494896694,0.25527250510330607,,src/data/scPDB 2/4qmz_1/ligand.sdf,src/data/scPDB 2/4qmz_1/site.mol2,bindingdb_scpdb
2f4j,,,Kd,=,100.0,nM,1.0000000000000001e-07,100.0,7.0,2.0,,src/data/scPDB 2/2f4j_1/ligand.sdf,src/data/scPDB 2/2f4j_1/site.mol2,bindingdb_scpdb
4b8m,,,Kd,=,100.0,nM,1.0000000000000001e-07,100.0,7.0,2.0,,src/data/scPDB 2/4b8m_2/ligand.sdf,src/data/scPDB 2/4b8m_2/site.mol2,bindingdb_scpdb
4jbq,,,Kd,=,100.0,nM,1.0000000000000001e-07,100.0,7.0,2.0,,src/data/scPDB 2/4jbq_1/ligand.sdf,src/data/scPDB 2/4jbq_1/site.mol2,bindingdb_scpdb
4af3,,,Kd,=,100.0,nM,1.0000000000000001e-07,100.0,7.0,2.0,,src/data/scPDB 2/4af3_1/ligand.sdf,src/data/scPDB 2/4af3_1/site.mol2,bindingdb_scpdb
3blr,,,Kd,=,5000.0,nM,5e-06,5000.0,5.301029995663981,3.6989700043360187,,src/data/scPDB 2/3blr_1/ligand.sdf,src/data/scPDB 2/3blr_1/site.mol2,bindingdb_scpdb
1uu3,,,Kd,=,210.0,nM,2.1e-07,210.0,6.6777807052660805,2.322219294733919,,src/data/scPDB 2/1uu3_1/ligand.sdf,src/data/scPDB 2/1uu3_1/site.mol2,bindingdb_scpdb
4k0t,,,Ki,=,1293.0,nM,1.2930000000000002e-06,1293.0,5.888401475119606,3.111598524880394,,src/data/scPDB 2/4k0t_1/ligand.sdf,src/data/scPDB 2/4k0t_1/site.mol2,bindingdb_scpdb
1kv2,,,Kd,=,5000.0,nM,5e-06,5000.0,5.301029995663981,3.6989700043360187,,src/data/scPDB 2/1kv2_1/ligand.sdf,src/data/scPDB 2/1kv2_1/site.mol2,bindingdb_scpdb
3fzs,,,Kd,=,5000.0,nM,5e-06,5000.0,5.301029995663981,3.6989700043360187,,src/data/scPDB 2/3fzs_1/ligand.sdf,src/data/scPDB 2/3fzs_1/site.mol2,bindingdb_scpdb
4r7i,,,Kd,=,1500.0,nM,1.5e-06,1500.0,5.823908740944319,3.1760912590556813,,src/data/scPDB 2/4r7i_1/ligand.sdf,src/data/scPDB 2/4r7i_1/site.mol2,bindingdb_scpdb
3oez,,,Kd,=,1500.0,nM,1.5e-06,1500.0,5.823908740944319,3.1760912590556813,,src/data/scPDB 2/3oez_1/ligand.sdf,src/data/scPDB 2/3oez_1/site.mol2,bindingdb_scpdb
1t3r,,,Ki,=,0.016,nM,1.6000000000000003e-11,0.016,10.795880017344075,-1.7958800173440752,,src/data/scPDB 2/1t3r_1/ligand.sdf,src/data/scPDB 2/1t3r_1/site.mol2,bindingdb_scpdb
3oxw,,,Ki,=,0.016,nM,1.6000000000000003e-11,0.016,10.795880017344075,-1.7958800173440752,,src/data/scPDB 2/3oxw_1/ligand.sdf,src/data/scPDB 2/3oxw_1/site.mol2,bindingdb_scpdb
3so9,,,Ki,=,0.016,nM,1.6000000000000003e-11,0.016,10.795880017344075,-1.7958800173440752,,src/data/scPDB 2/3so9_1/ligand.sdf,src/data/scPDB 2/3so9_1/site.mol2,bindingdb_scpdb
3em6,,,Ki,=,0.016,nM,1.6000000000000003e-11,0.016,10.795880017344075,-1.7958800173440752,,src/data/scPDB 2/3em6_1/ligand.sdf,src/data/scPDB 2/3em6_1/site.mol2,bindingdb_scpdb
4njt,,,Ki,=,0.016,nM,1.6000000000000003e-11,0.016,10.795880017344075,-1.7958800173440752,,src/data/scPDB 2/4njt_2/ligand.sdf,src/data/scPDB 2/4njt_2/site.mol2,bindingdb_scpdb
3jvy,,,Ki,=,0.016,nM,1.6000000000000003e-11,0.016,10.795880017344075,-1.7958800173440752,,src/data/scPDB 2/3jvy_1/ligand.sdf,src/data/scPDB 2/3jvy_1/site.mol2,bindingdb_scpdb
3oy4,,,Ki,=,0.016,nM,1.6000000000000003e-11,0.016,10.795880017344075,-1.7958800173440752,,src/data/scPDB 2/3oy4_1/ligand.sdf,src/data/scPDB 2/3oy4_1/site.mol2,bindingdb_scpdb
3t3f,,,Ki,=,4800.0,nM,4.800000000000001e-06,4800.0,5.318758762624412,3.681241237375587,,src/data/scPDB 2/3t3f_1/ligand.sdf,src/data/scPDB 2/3t3f_1/site.mol2,bindingdb_scpdb
3gxf,,,Ki,=,9000000.0,nM,0.009000000000000001,9000000.0,2.045757490560675,6.954242509439325,,src/data/scPDB 2/3gxf_1/ligand.sdf,src/data/scPDB 2/3gxf_1/site.mol2,bindingdb_scpdb
1aq1,,,Kd,=,8.0,nM,8e-09,8.0,8.096910013008056,0.9030899869919435,,src/data/scPDB 2/1aq1_1/ligand.sdf,src/data/scPDB 2/1aq1_1/site.mol2,bindingdb_scpdb
1byg,,,Kd,=,8.0,nM,8e-09,8.0,8.096910013008056,0.9030899869919435,,src/data/scPDB 2/1byg_1/ligand.sdf,src/data/scPDB 2/1byg_1/site.mol2,bindingdb_scpdb
1e8z,,,Kd,=,8.0,nM,8e-09,8.0,8.096910013008056,0.9030899869919435,,src/data/scPDB 2/1e8z_1/ligand.sdf,src/data/scPDB 2/1e8z_1/site.mol2,bindingdb_scpdb
1nxk,,,Kd,=,8.0,nM,8e-09,8.0,8.096910013008056,0.9030899869919435,,src/data/scPDB 2/1nxk_1/ligand.sdf,src/data/scPDB 2/1nxk_1/site.mol2,bindingdb_scpdb
1oky,,,Kd,=,8.0,nM,8e-09,8.0,8.096910013008056,0.9030899869919435,,src/data/scPDB 2/1oky_1/ligand.sdf,src/data/scPDB 2/1oky_1/site.mol2,bindingdb_scpdb
1q3d,,,Kd,=,8.0,nM,8e-09,8.0,8.096910013008056,0.9030899869919435,,src/data/scPDB 2/1q3d_1/ligand.sdf,src/data/scPDB 2/1q3d_1/site.mol2,bindingdb_scpdb
1qpj,,,Kd,=,8.0,nM,8e-09,8.0,8.096910013008056,0.9030899869919435,,src/data/scPDB 2/1qpj_1/ligand.sdf,src/data/scPDB 2/1qpj_1/site.mol2,bindingdb_scpdb
1sm2,,,Kd,=,8.0,nM,8e-09,8.0,8.096910013008056,0.9030899869919435,,src/data/scPDB 2/1sm2_1/ligand.sdf,src/data/scPDB 2/1sm2_1/site.mol2,bindingdb_scpdb
1wvy,,,Kd,=,8.0,nM,8e-09,8.0,8.096910013008056,0.9030899869919435,,src/data/scPDB 2/1wvy_1/ligand.sdf,src/data/scPDB 2/1wvy_1/site.mol2,bindingdb_scpdb
1yhs,,,Kd,=,8.0,nM,8e-09,8.0,8.096910013008056,0.9030899869919435,,src/data/scPDB 2/1yhs_1/ligand.sdf,src/data/scPDB 2/1yhs_1/site.mol2,bindingdb_scpdb
2clq,,,Kd,=,8.0,nM,8e-09,8.0,8.096910013008056,0.9030899869919435,,src/data/scPDB 2/2clq_1/ligand.sdf,src/data/scPDB 2/2clq_1/site.mol2,bindingdb_scpdb
2dq7,,,Kd,=,8.0,nM,8e-09,8.0,8.096910013008056,0.9030899869919435,,src/data/scPDB 2/2dq7_1/ligand.sdf,src/data/scPDB 2/2dq7_1/site.mol2,bindingdb_scpdb
2gcd,,,Kd,=,8.0,nM,8e-09,8.0,8.096910013008056,0.9030899869919435,,src/data/scPDB 2/2gcd_1/ligand.sdf,src/data/scPDB 2/2gcd_1/site.mol2,bindingdb_scpdb
2itq,,,Kd,=,8.0,nM,8e-09,8.0,8.096910013008056,0.9030899869919435,,src/data/scPDB 2/2itq_1/ligand.sdf,src/data/scPDB 2/2itq_1/site.mol2,bindingdb_scpdb
2itu,,,Kd,=,8.0,nM,8e-09,8.0,8.096910013008056,0.9030899869919435,,src/data/scPDB 2/2itu_1/ligand.sdf,src/data/scPDB 2/2itu_1/site.mol2,bindingdb_scpdb
2nry,,,Kd,=,8.0,nM,8e-09,8.0,8.096910013008056,0.9030899869919435,,src/data/scPDB 2/2nry_3/ligand.sdf,src/data/scPDB 2/2nry_3/site.mol2,bindingdb_scpdb
3vkx,,,Kd,=,0.058,nM,5.8000000000000007e-11,0.058,10.236572006437063,-1.2365720064370627,,src/data/scPDB 2/3vkx_1/ligand.sdf,src/data/scPDB 2/3vkx_1/site.mol2,bindingdb_scpdb
1fdu,,,Ki,=,0.65,nM,6.5e-10,0.65,9.187086643357144,-0.18708664335714442,,src/data/scPDB 2/1fdu_5/ligand.sdf,src/data/scPDB 2/1fdu_5/site.mol2,bindingdb_scpdb
1fdw,,,Ki,=,0.65,nM,6.5e-10,0.65,9.187086643357144,-0.18708664335714442,,src/data/scPDB 2/1fdw_1/ligand.sdf,src/data/scPDB 2/1fdw_1/site.mol2,bindingdb_scpdb
1fdt,,,Ki,=,0.65,nM,6.5e-10,0.65,9.187086643357144,-0.18708664335714442,,src/data/scPDB 2/1fdt_1/ligand.sdf,src/data/scPDB 2/1fdt_1/site.mol2,bindingdb_scpdb
1fds,,,Ki,=,0.65,nM,6.5e-10,0.65,9.187086643357144,-0.18708664335714442,,src/data/scPDB 2/1fds_1/ligand.sdf,src/data/scPDB 2/1fds_1/site.mol2,bindingdb_scpdb
3ols,,,Ki,=,0.65,nM,6.5e-10,0.65,9.187086643357144,-0.18708664335714442,,src/data/scPDB 2/3ols_2/ligand.sdf,src/data/scPDB 2/3ols_2/site.mol2,bindingdb_scpdb
4j24,,,Ki,=,0.65,nM,6.5e-10,0.65,9.187086643357144,-0.18708664335714442,,src/data/scPDB 2/4j24_1/ligand.sdf,src/data/scPDB 2/4j24_1/site.mol2,bindingdb_scpdb
1iol,,,Ki,=,0.65,nM,6.5e-10,0.65,9.187086643357144,-0.18708664335714442,,src/data/scPDB 2/1iol_1/ligand.sdf,src/data/scPDB 2/1iol_1/site.mol2,bindingdb_scpdb
1g50,,,Ki,=,0.65,nM,6.5e-10,0.65,9.187086643357144,-0.18708664335714442,,src/data/scPDB 2/1g50_2/ligand.sdf,src/data/scPDB 2/1g50_2/site.mol2,bindingdb_scpdb
5dxg,,,Ki,=,0.65,nM,6.5e-10,0.65,9.187086643357144,-0.18708664335714442,,src/data/scPDB 2/5dxg_1/ligand.sdf,src/data/scPDB 2/5dxg_1/site.mol2,bindingdb_scpdb
3ozc,,,Kd,=,0.021,nM,2.1000000000000002e-11,0.021,10.67778070526608,-1.6777807052660807,,src/data/scPDB 2/3ozc_1/ligand.sdf,src/data/scPDB 2/3ozc_1/site.mol2,bindingdb_scpdb
3ocs,,,Kd,=,1.5,nM,1.5000000000000002e-09,1.5,8.823908740944319,0.17609125905568124,,src/data/scPDB 2/3ocs_1/ligand.sdf,src/data/scPDB 2/3ocs_1/site.mol2,bindingdb_scpdb
4y93,,,Kd,=,1.5,nM,1.5000000000000002e-09,1.5,8.823908740944319,0.17609125905568124,,src/data/scPDB 2/4y93_1/ligand.sdf,src/data/scPDB 2/4y93_1/site.mol2,bindingdb_scpdb
3f4b,,,Ki,=,0.051,nM,5.1e-11,0.051,10.292429823902063,-1.2924298239020637,,src/data/scPDB 2/3f4b_2/ligand.sdf,src/data/scPDB 2/3f4b_2/site.mol2,bindingdb_scpdb
2pv7,,,Ki,=,25000.0,nM,2.5e-05,25000.0,4.6020599913279625,4.3979400086720375,,src/data/scPDB 2/2pv7_2/ligand.sdf,src/data/scPDB 2/2pv7_2/site.mol2,bindingdb_scpdb
3ggg,,,Ki,=,25000.0,nM,2.5e-05,25000.0,4.6020599913279625,4.3979400086720375,,src/data/scPDB 2/3ggg_4/ligand.sdf,src/data/scPDB 2/3ggg_4/site.mol2,bindingdb_scpdb
1c9h,,,Ki,=,1.0,nM,1e-09,1.0,9.0,0.0,,src/data/scPDB 2/1c9h_1/ligand.sdf,src/data/scPDB 2/1c9h_1/site.mol2,bindingdb_scpdb
4dri,,,Ki,=,1.0,nM,1e-09,1.0,9.0,0.0,,src/data/scPDB 2/4dri_1/ligand.sdf,src/data/scPDB 2/4dri_1/site.mol2,bindingdb_scpdb
1fap,,,Ki,=,1.0,nM,1e-09,1.0,9.0,0.0,,src/data/scPDB 2/1fap_1/ligand.sdf,src/data/scPDB 2/1fap_1/site.mol2,bindingdb_scpdb
4qt3,,,Ki,=,1.0,nM,1e-09,1.0,9.0,0.0,,src/data/scPDB 2/4qt3_1/ligand.sdf,src/data/scPDB 2/4qt3_1/site.mol2,bindingdb_scpdb
2dg4,,,Ki,=,1.0,nM,1e-09,1.0,9.0,0.0,,src/data/scPDB 2/2dg4_1/ligand.sdf,src/data/scPDB 2/2dg4_1/site.mol2,bindingdb_scpdb
2dg3,,,Ki,=,1.0,nM,1e-09,1.0,9.0,0.0,,src/data/scPDB 2/2dg3_1/ligand.sdf,src/data/scPDB 2/2dg3_1/site.mol2,bindingdb_scpdb
2dg9,,,Ki,=,1.0,nM,1e-09,1.0,9.0,0.0,,src/data/scPDB 2/2dg9_1/ligand.sdf,src/data/scPDB 2/2dg9_1/site.mol2,bindingdb_scpdb
1nsg,,,Ki,=,4.0,nM,4e-09,4.0,8.397940008672037,0.6020599913279624,,src/data/scPDB 2/1nsg_1/ligand.sdf,src/data/scPDB 2/1nsg_1/site.mol2,bindingdb_scpdb
3jvw,,,Ki,=,0.31,nM,3.1e-10,0.31,9.508638306165727,-0.5086383061657274,,src/data/scPDB 2/3jvw_1/ligand.sdf,src/data/scPDB 2/3jvw_1/site.mol2,bindingdb_scpdb
1bvg,,,Ki,=,0.31,nM,3.1e-10,0.31,9.508638306165727,-0.5086383061657274,,src/data/scPDB 2/1bvg_1/ligand.sdf,src/data/scPDB 2/1bvg_1/site.mol2,bindingdb_scpdb
1bve,,,Ki,=,0.31,nM,3.1e-10,0.31,9.508638306165727,-0.5086383061657274,,src/data/scPDB 2/1bve_1/ligand.sdf,src/data/scPDB 2/1bve_1/site.mol2,bindingdb_scpdb
1mer,,,Ki,=,0.3,nM,3e-10,0.3,9.522878745280337,-0.5228787452803376,,src/data/scPDB 2/1mer_1/ligand.sdf,src/data/scPDB 2/1mer_1/site.mol2,bindingdb_scpdb
1rq9,,,Ki,=,0.3,nM,3e-10,0.3,9.522878745280337,-0.5228787452803376,,src/data/scPDB 2/1rq9_1/ligand.sdf,src/data/scPDB 2/1rq9_1/site.mol2,bindingdb_scpdb
2b7z,,,Ki,=,0.37,nM,3.7e-10,0.37,9.431798275933005,-0.431798275933005,,src/data/scPDB 2/2b7z_1/ligand.sdf,src/data/scPDB 2/2b7z_1/site.mol2,bindingdb_scpdb
1c6z,,,Ki,=,0.15,nM,1.5e-10,0.15,9.823908740944319,-0.8239087409443188,,src/data/scPDB 2/1c6z_1/ligand.sdf,src/data/scPDB 2/1c6z_1/site.mol2,bindingdb_scpdb
1fb7,,,Ki,=,0.15,nM,1.5e-10,0.15,9.823908740944319,-0.8239087409443188,,src/data/scPDB 2/1fb7_1/ligand.sdf,src/data/scPDB 2/1fb7_1/site.mol2,bindingdb_scpdb
2qak,,,Ki,=,0.53,nM,5.3e-10,0.53,9.275724130399212,-0.27572413039921095,,src/data/scPDB 2/2qak_1/ligand.sdf,src/data/scPDB 2/2qak_1/site.mol2,bindingdb_scpdb
3nxu,,,Ki,=,0.37,nM,3.7e-10,0.37,9.431798275933005,-0.431798275933005,,src/data/scPDB 2/3nxu_1/ligand.sdf,src/data/scPDB 2/3nxu_1/site.mol2,bindingdb_scpdb
1rl8,,,Ki,=,0.37,nM,3.7e-10,0.37,9.431798275933005,-0.431798275933005,,src/data/scPDB 2/1rl8_1/ligand.sdf,src/data/scPDB 2/1rl8_1/site.mol2,bindingdb_scpdb
3ndx,,,Ki,=,0.37,nM,3.7e-10,0.37,9.431798275933005,-0.431798275933005,,src/data/scPDB 2/3ndx_1/ligand.sdf,src/data/scPDB 2/3ndx_1/site.mol2,bindingdb_scpdb
3ndw,,,Ki,=,0.37,nM,3.7e-10,0.37,9.431798275933005,-0.431798275933005,,src/data/scPDB 2/3ndw_1/ligand.sdf,src/data/scPDB 2/3ndw_1/site.mol2,bindingdb_scpdb
4njv,,,Ki,=,0.37,nM,3.7e-10,0.37,9.431798275933005,-0.431798275933005,,src/data/scPDB 2/4njv_1/ligand.sdf,src/data/scPDB 2/4njv_1/site.mol2,bindingdb_scpdb
2b60,,,Ki,=,0.37,nM,3.7e-10,0.37,9.431798275933005,-0.431798275933005,,src/data/scPDB 2/2b60_1/ligand.sdf,src/data/scPDB 2/2b60_1/site.mol2,bindingdb_scpdb
3q70,,,Ki,=,0.37,nM,3.7e-10,0.37,9.431798275933005,-0.431798275933005,,src/data/scPDB 2/3q70_1/ligand.sdf,src/data/scPDB 2/3q70_1/site.mol2,bindingdb_scpdb
1exa,,,Ki,=,1.5,nM,1.5000000000000002e-09,1.5,8.823908740944319,0.17609125905568124,,src/data/scPDB 2/1exa_1/ligand.sdf,src/data/scPDB 2/1exa_1/site.mol2,bindingdb_scpdb
3ddq,,,Kd,=,3400.0,nM,3.4e-06,3400.0,5.468521082957745,3.531478917042255,,src/data/scPDB 2/3ddq_1/ligand.sdf,src/data/scPDB 2/3ddq_1/site.mol2,bindingdb_scpdb
2a4l,,,Kd,=,3400.0,nM,3.4e-06,3400.0,5.468521082957745,3.531478917042255,,src/data/scPDB 2/2a4l_1/ligand.sdf,src/data/scPDB 2/2a4l_1/site.mol2,bindingdb_scpdb
1unl,,,Kd,=,3400.0,nM,3.4e-06,3400.0,5.468521082957745,3.531478917042255,,src/data/scPDB 2/1unl_1/ligand.sdf,src/data/scPDB 2/1unl_1/site.mol2,bindingdb_scpdb
2b0q,,,Kd,=,5.0,nM,5e-09,5.0,8.301029995663981,0.6989700043360189,,src/data/scPDB 2/2b0q_1/ligand.sdf,src/data/scPDB 2/2b0q_1/site.mol2,bindingdb_scpdb
4xuh,,,Ki,=,7520.0,nM,7.520000000000001e-06,7520.0,5.123782159408358,3.876217840591642,,src/data/scPDB 2/4xuh_1/ligand.sdf,src/data/scPDB 2/4xuh_1/site.mol2,bindingdb_scpdb
3r33,,,Ki,=,1100.0,nM,1.1e-06,1100.0,5.958607314841775,3.041392685158225,,src/data/scPDB 2/3r33_1/ligand.sdf,src/data/scPDB 2/3r33_1/site.mol2,bindingdb_scpdb
1ia2,,,Ki,=,150.0,nM,1.5000000000000002e-07,150.0,6.823908740944319,2.1760912590556813,,src/data/scPDB 2/1ia2_2/ligand.sdf,src/data/scPDB 2/1ia2_2/site.mol2,bindingdb_scpdb
3kfy,,,Ki,=,38.0,nM,3.8e-08,38.0,7.42021640338319,1.5797835966168101,,src/data/scPDB 2/3kfy_1/ligand.sdf,src/data/scPDB 2/3kfy_1/site.mol2,bindingdb_scpdb
4kpd,,,Ki,=,0.38,nM,3.8000000000000003e-10,0.38,9.42021640338319,-0.42021640338318983,,src/data/scPDB 2/4kpd_1/ligand.sdf,src/data/scPDB 2/4kpd_1/site.mol2,bindingdb_scpdb
4kqs,,,Ki,=,0.38,nM,3.8000000000000003e-10,0.38,9.42021640338319,-0.42021640338318983,,src/data/scPDB 2/4kqs_1/ligand.sdf,src/data/scPDB 2/4kqs_1/site.mol2,bindingdb_scpdb
4nke,,,Ki,=,0.38,nM,3.8000000000000003e-10,0.38,9.42021640338319,-0.42021640338318983,,src/data/scPDB 2/4nke_1/ligand.sdf,src/data/scPDB 2/4nke_1/site.mol2,bindingdb_scpdb
4q23,,,Ki,=,0.38,nM,3.8000000000000003e-10,0.38,9.42021640338319,-0.42021640338318983,,src/data/scPDB 2/4q23_1/ligand.sdf,src/data/scPDB 2/4q23_1/site.mol2,bindingdb_scpdb
1yv5,,,Ki,=,0.38,nM,3.8000000000000003e-10,0.38,9.42021640338319,-0.42021640338318983,,src/data/scPDB 2/1yv5_1/ligand.sdf,src/data/scPDB 2/1yv5_1/site.mol2,bindingdb_scpdb
1zw5,,,Ki,=,0.05,nM,5.000000000000001e-11,0.05,10.301029995663981,-1.3010299956639813,,src/data/scPDB 2/1zw5_2/ligand.sdf,src/data/scPDB 2/1zw5_2/site.mol2,bindingdb_scpdb
3ez3,,,Ki,=,0.05,nM,5.000000000000001e-11,0.05,10.301029995663981,-1.3010299956639813,,src/data/scPDB 2/3ez3_2/ligand.sdf,src/data/scPDB 2/3ez3_2/site.mol2,bindingdb_scpdb
2qmz,,,Ki,=,240.0,nM,2.4000000000000003e-07,240.0,6.619788758288394,2.380211241711606,,src/data/scPDB 2/2qmz_1/ligand.sdf,src/data/scPDB 2/2qmz_1/site.mol2,bindingdb_scpdb
4xp1,,,Ki,=,240.0,nM,2.4000000000000003e-07,240.0,6.619788758288394,2.380211241711606,,src/data/scPDB 2/4xp1_1/ligand.sdf,src/data/scPDB 2/4xp1_1/site.mol2,bindingdb_scpdb
4nc3,,,Ki,=,16.0,nM,1.6e-08,16.0,7.795880017344075,1.2041199826559248,,src/data/scPDB 2/4nc3_1/ligand.sdf,src/data/scPDB 2/4nc3_1/site.mol2,bindingdb_scpdb
4iar,,,Ki,=,16.0,nM,1.6e-08,16.0,7.795880017344075,1.2041199826559248,,src/data/scPDB 2/4iar_1/ligand.sdf,src/data/scPDB 2/4iar_1/site.mol2,bindingdb_scpdb
4ib4,,,Ki,=,16.0,nM,1.6e-08,16.0,7.795880017344075,1.2041199826559248,,src/data/scPDB 2/4ib4_1/ligand.sdf,src/data/scPDB 2/4ib4_1/site.mol2,bindingdb_scpdb
1th6,,,Ki,=,660.0,nM,6.6e-07,660.0,6.180456064458131,2.8195439355418688,,src/data/scPDB 2/1th6_1/ligand.sdf,src/data/scPDB 2/1th6_1/site.mol2,bindingdb_scpdb
3osh,,,Ki,=,660.0,nM,6.6e-07,660.0,6.180456064458131,2.8195439355418688,,src/data/scPDB 2/3osh_1/ligand.sdf,src/data/scPDB 2/3osh_1/site.mol2,bindingdb_scpdb
3apx,,,Ki,=,590.0,nM,5.900000000000001e-07,590.0,6.229147988357855,2.7708520116421442,,src/data/scPDB 2/3apx_1/ligand.sdf,src/data/scPDB 2/3apx_1/site.mol2,bindingdb_scpdb
2aot,,,Ki,=,3500.0,nM,3.5000000000000004e-06,3500.0,5.455931955649724,3.5440680443502757,,src/data/scPDB 2/2aot_3/ligand.sdf,src/data/scPDB 2/2aot_3/site.mol2,bindingdb_scpdb
3pah,,,Ki,=,65.0,nM,6.5e-08,65.0,7.187086643357144,1.8129133566428555,,src/data/scPDB 2/3pah_1/ligand.sdf,src/data/scPDB 2/3pah_1/site.mol2,bindingdb_scpdb
2q72,,,Ki,=,2900.0,nM,2.9e-06,2900.0,5.537602002101044,3.462397997898956,,src/data/scPDB 2/2q72_1/ligand.sdf,src/data/scPDB 2/2q72_1/site.mol2,bindingdb_scpdb
2y03,,,Ki,=,5600.0,nM,5.600000000000001e-06,5600.0,5.251811972993799,3.7481880270062002,,src/data/scPDB 2/2y03_3/ligand.sdf,src/data/scPDB 2/2y03_3/site.mol2,bindingdb_scpdb
1a29,,,Ki,=,4400.0,nM,4.4e-06,4400.0,5.356547323513812,3.6434526764861874,,src/data/scPDB 2/1a29_1/ligand.sdf,src/data/scPDB 2/1a29_1/site.mol2,bindingdb_scpdb
1lin,,,Ki,=,4400.0,nM,4.4e-06,4400.0,5.356547323513812,3.6434526764861874,,src/data/scPDB 2/1lin_3/ligand.sdf,src/data/scPDB 2/1lin_3/site.mol2,bindingdb_scpdb
1wrl,,,Ki,=,4400.0,nM,4.4e-06,4400.0,5.356547323513812,3.6434526764861874,,src/data/scPDB 2/1wrl_12/ligand.sdf,src/data/scPDB 2/1wrl_12/site.mol2,bindingdb_scpdb
3ko0,,,Ki,=,4400.0,nM,4.4e-06,4400.0,5.356547323513812,3.6434526764861874,,src/data/scPDB 2/3ko0_16/ligand.sdf,src/data/scPDB 2/3ko0_16/site.mol2,bindingdb_scpdb
3t3q,,,Ki,=,9930.0,nM,9.93e-06,9930.0,5.0030507515046185,3.996949248495381,,src/data/scPDB 2/3t3q_3/ligand.sdf,src/data/scPDB 2/3t3q_3/site.mol2,bindingdb_scpdb
2ha4,,,Ki,=,700.0,nM,7.000000000000001e-07,700.0,6.154901959985743,2.845098040014257,,src/data/scPDB 2/2ha4_1/ligand.sdf,src/data/scPDB 2/2ha4_1/site.mol2,bindingdb_scpdb
2bxf,,,Ki,=,19.0,nM,1.9e-08,19.0,7.721246399047171,1.2787536009528289,,src/data/scPDB 2/2bxf_2/ligand.sdf,src/data/scPDB 2/2bxf_2/site.mol2,bindingdb_scpdb
4jlt,,,Ki,=,4897.78,nM,4.89778e-06,4897.78,5.310000726547328,3.689999273452672,,src/data/scPDB 2/4jlt_1/ligand.sdf,src/data/scPDB 2/4jlt_1/site.mol2,bindingdb_scpdb
3v5w,,,Ki,=,4897.78,nM,4.89778e-06,4897.78,5.310000726547328,3.689999273452672,,src/data/scPDB 2/3v5w_1/ligand.sdf,src/data/scPDB 2/3v5w_1/site.mol2,bindingdb_scpdb
4mm4,,,Ki,=,4897.78,nM,4.89778e-06,4897.78,5.310000726547328,3.689999273452672,,src/data/scPDB 2/4mm4_1/ligand.sdf,src/data/scPDB 2/4mm4_1/site.mol2,bindingdb_scpdb
4mmf,,,Ki,=,29.4,nM,2.9400000000000002e-08,29.4,7.531652669587842,1.4683473304121573,,src/data/scPDB 2/4mmf_2/ligand.sdf,src/data/scPDB 2/4mmf_2/site.mol2,bindingdb_scpdb
4uhr,,,Ki,=,3082.0,nM,3.0820000000000003e-06,3082.0,5.5111673656176,3.4888326343824003,,src/data/scPDB 2/4uhr_1/ligand.sdf,src/data/scPDB 2/4uhr_1/site.mol2,bindingdb_scpdb
1bx9,,,Ki,=,100.0,nM,1.0000000000000001e-07,100.0,7.0,2.0,,src/data/scPDB 2/1bx9_1/ligand.sdf,src/data/scPDB 2/1bx9_1/site.mol2,bindingdb_scpdb
4enh,,,Ki,=,3.08,nM,3.08e-09,3.08,8.511449283499555,0.4885507165004443,,src/data/scPDB 2/4enh_1/ligand.sdf,src/data/scPDB 2/4enh_1/site.mol2,bindingdb_scpdb
1dtl,,,Ki,=,547.0,nM,5.47e-07,547.0,6.262012673666569,2.737987326333431,,src/data/scPDB 2/1dtl_1/ligand.sdf,src/data/scPDB 2/1dtl_1/site.mol2,bindingdb_scpdb
3nx2,,,Ki,=,408000.0,nM,0.00040800000000000005,408000.0,3.3893398369101204,5.61066016308988,,src/data/scPDB 2/3nx2_1/ligand.sdf,src/data/scPDB 2/3nx2_1/site.mol2,bindingdb_scpdb
1gw2,,,Ki,=,408000.0,nM,0.00040800000000000005,408000.0,3.3893398369101204,5.61066016308988,,src/data/scPDB 2/1gw2_1/ligand.sdf,src/data/scPDB 2/1gw2_1/site.mol2,bindingdb_scpdb
1kyz,,,Ki,=,408000.0,nM,0.00040800000000000005,408000.0,3.3893398369101204,5.61066016308988,,src/data/scPDB 2/1kyz_3/ligand.sdf,src/data/scPDB 2/1kyz_3/site.mol2,bindingdb_scpdb
3cbg,,,Ki,=,408000.0,nM,0.00040800000000000005,408000.0,3.3893398369101204,5.61066016308988,,src/data/scPDB 2/3cbg_1/ligand.sdf,src/data/scPDB 2/3cbg_1/site.mol2,bindingdb_scpdb
5cxx,,,Ki,=,408000.0,nM,0.00040800000000000005,408000.0,3.3893398369101204,5.61066016308988,,src/data/scPDB 2/5cxx_1/ligand.sdf,src/data/scPDB 2/5cxx_1/site.mol2,bindingdb_scpdb
4qog,,,Ki,=,1.48,nM,1.48e-09,1.48,8.829738284605043,0.17026171539495738,,src/data/scPDB 2/4qog_1/ligand.sdf,src/data/scPDB 2/4qog_1/site.mol2,bindingdb_scpdb
4iyg,,,Ki,=,342.0,nM,3.42e-07,342.0,6.465973893943865,2.534026106056135,,src/data/scPDB 2/4iyg_1/ligand.sdf,src/data/scPDB 2/4iyg_1/site.mol2,bindingdb_scpdb
2r45,,,Ki,=,1000.0,nM,1.0000000000000002e-06,1000.0,6.0,3.0,,src/data/scPDB 2/2r45_1/ligand.sdf,src/data/scPDB 2/2r45_1/site.mol2,bindingdb_scpdb
5c8a,,,Ki,=,269.0,nM,2.6900000000000004e-07,269.0,6.570247719997592,2.429752280002408,,src/data/scPDB 2/5c8a_4/ligand.sdf,src/data/scPDB 2/5c8a_4/site.mol2,bindingdb_scpdb
1i9c,,,Ki,=,269.0,nM,2.6900000000000004e-07,269.0,6.570247719997592,2.429752280002408,,src/data/scPDB 2/1i9c_1/ligand.sdf,src/data/scPDB 2/1i9c_1/site.mol2,bindingdb_scpdb
3kp0,,,Ki,=,269.0,nM,2.6900000000000004e-07,269.0,6.570247719997592,2.429752280002408,,src/data/scPDB 2/3kp0_1/ligand.sdf,src/data/scPDB 2/3kp0_1/site.mol2,bindingdb_scpdb
4s27,,,Ki,=,269.0,nM,2.6900000000000004e-07,269.0,6.570247719997592,2.429752280002408,,src/data/scPDB 2/4s27_1/ligand.sdf,src/data/scPDB 2/4s27_1/site.mol2,bindingdb_scpdb
4req,,,Ki,=,269.0,nM,2.6900000000000004e-07,269.0,6.570247719997592,2.429752280002408,,src/data/scPDB 2/4req_1/ligand.sdf,src/data/scPDB 2/4req_1/site.mol2,bindingdb_scpdb
3o0o,,,Ki,=,269.0,nM,2.6900000000000004e-07,269.0,6.570247719997592,2.429752280002408,,src/data/scPDB 2/3o0o_6/ligand.sdf,src/data/scPDB 2/3o0o_6/site.mol2,bindingdb_scpdb
2fb3,,,Ki,=,269.0,nM,2.6900000000000004e-07,269.0,6.570247719997592,2.429752280002408,,src/data/scPDB 2/2fb3_1/ligand.sdf,src/data/scPDB 2/2fb3_1/site.mol2,bindingdb_scpdb
5c8d,,,Ki,=,269.0,nM,2.6900000000000004e-07,269.0,6.570247719997592,2.429752280002408,,src/data/scPDB 2/5c8d_3/ligand.sdf,src/data/scPDB 2/5c8d_3/site.mol2,bindingdb_scpdb
3koz,,,Ki,=,269.0,nM,2.6900000000000004e-07,269.0,6.570247719997592,2.429752280002408,,src/data/scPDB 2/3koz_2/ligand.sdf,src/data/scPDB 2/3koz_2/site.mol2,bindingdb_scpdb
3koy,,,Ki,=,269.0,nM,2.6900000000000004e-07,269.0,6.570247719997592,2.429752280002408,,src/data/scPDB 2/3koy_1/ligand.sdf,src/data/scPDB 2/3koy_1/site.mol2,bindingdb_scpdb
1if4,,,Kd,=,435.0,nM,4.35e-07,435.0,6.361510743045363,2.6384892569546374,,src/data/scPDB 2/1if4_1/ligand.sdf,src/data/scPDB 2/1if4_1/site.mol2,bindingdb_scpdb
20gs,,,Ki,=,39.2,nM,3.920000000000001e-08,39.2,7.406713932979542,1.5932860670204574,,src/data/scPDB 2/20gs_2/ligand.sdf,src/data/scPDB 2/20gs_2/site.mol2,bindingdb_scpdb
3vi7,,,Ki,=,39.2,nM,3.920000000000001e-08,39.2,7.406713932979542,1.5932860670204574,,src/data/scPDB 2/3vi7_1/ligand.sdf,src/data/scPDB 2/3vi7_1/site.mol2,bindingdb_scpdb
4cf6,,,Ki,=,39.2,nM,3.920000000000001e-08,39.2,7.406713932979542,1.5932860670204574,,src/data/scPDB 2/4cf6_2/ligand.sdf,src/data/scPDB 2/4cf6_2/site.mol2,bindingdb_scpdb
3w78,,,Ki,=,39.2,nM,3.920000000000001e-08,39.2,7.406713932979542,1.5932860670204574,,src/data/scPDB 2/3w78_1/ligand.sdf,src/data/scPDB 2/3w78_1/site.mol2,bindingdb_scpdb
1ftl,,,Ki,=,2090.0,nM,2.0900000000000003e-06,2090.0,5.679853713888946,3.3201462861110542,,src/data/scPDB 2/1ftl_2/ligand.sdf,src/data/scPDB 2/1ftl_2/site.mol2,bindingdb_scpdb
4l17,,,Ki,=,2090.0,nM,2.0900000000000003e-06,2090.0,5.679853713888946,3.3201462861110542,,src/data/scPDB 2/4l17_4/ligand.sdf,src/data/scPDB 2/4l17_4/site.mol2,bindingdb_scpdb
3qj7,,,Ki,=,2000.0,nM,2.0000000000000003e-06,2000.0,5.698970004336019,3.3010299956639813,,src/data/scPDB 2/3qj7_1/ligand.sdf,src/data/scPDB 2/3qj7_1/site.mol2,bindingdb_scpdb
3gcl,,,Ki,=,4450.0,nM,4.450000000000001e-06,4450.0,5.351639989019068,3.6483600109809315,,src/data/scPDB 2/3gcl_1/ligand.sdf,src/data/scPDB 2/3gcl_1/site.mol2,bindingdb_scpdb
1tgm,,,Ki,=,4450.0,nM,4.450000000000001e-06,4450.0,5.351639989019068,3.6483600109809315,,src/data/scPDB 2/1tgm_1/ligand.sdf,src/data/scPDB 2/1tgm_1/site.mol2,bindingdb_scpdb
2x7h,,,Ki,=,2730.0,nM,2.73e-06,2730.0,5.5638373529592435,3.436162647040756,,src/data/scPDB 2/2x7h_1/ligand.sdf,src/data/scPDB 2/2x7h_1/site.mol2,bindingdb_scpdb
1eqg,,,Ki,=,5900.0,nM,5.9e-06,5900.0,5.229147988357855,3.7708520116421442,,src/data/scPDB 2/1eqg_2/ligand.sdf,src/data/scPDB 2/1eqg_2/site.mol2,bindingdb_scpdb
2bxg,,,Ki,=,5900.0,nM,5.9e-06,5900.0,5.229147988357855,3.7708520116421442,,src/data/scPDB 2/2bxg_4/ligand.sdf,src/data/scPDB 2/2bxg_4/site.mol2,bindingdb_scpdb
4jtr,,,Ki,=,5900.0,nM,5.9e-06,5900.0,5.229147988357855,3.7708520116421442,,src/data/scPDB 2/4jtr_1/ligand.sdf,src/data/scPDB 2/4jtr_1/site.mol2,bindingdb_scpdb
4ph9,,,Ki,=,5900.0,nM,5.9e-06,5900.0,5.229147988357855,3.7708520116421442,,src/data/scPDB 2/4ph9_1/ligand.sdf,src/data/scPDB 2/4ph9_1/site.mol2,bindingdb_scpdb
3r43,,,Ki,=,1940.0,nM,1.94e-06,1940.0,5.7121982700697735,3.287801729930226,,src/data/scPDB 2/3r43_1/ligand.sdf,src/data/scPDB 2/3r43_1/site.mol2,bindingdb_scpdb
5ikr,,,Ki,=,1940.0,nM,1.94e-06,1940.0,5.7121982700697735,3.287801729930226,,src/data/scPDB 2/5ikr_1/ligand.sdf,src/data/scPDB 2/5ikr_1/site.mol2,bindingdb_scpdb
3s3g,,,Ki,=,1080.0,nM,1.08e-06,1080.0,5.96657624451305,3.03342375548695,,src/data/scPDB 2/3s3g_1/ligand.sdf,src/data/scPDB 2/3s3g_1/site.mol2,bindingdb_scpdb
1d4d,,,Ki,=,5000000.0,nM,0.005,5000000.0,2.3010299956639813,6.698970004336019,,src/data/scPDB 2/1d4d_1/ligand.sdf,src/data/scPDB 2/1d4d_1/site.mol2,bindingdb_scpdb
4luh,,,Ki,=,5000000.0,nM,0.005,5000000.0,2.3010299956639813,6.698970004336019,,src/data/scPDB 2/4luh_2/ligand.sdf,src/data/scPDB 2/4luh_2/site.mol2,bindingdb_scpdb
4ot2,,,Ki,=,5000000.0,nM,0.005,5000000.0,2.3010299956639813,6.698970004336019,,src/data/scPDB 2/4ot2_2/ligand.sdf,src/data/scPDB 2/4ot2_2/site.mol2,bindingdb_scpdb
2djl,,,Ki,=,5000000.0,nM,0.005,5000000.0,2.3010299956639813,6.698970004336019,,src/data/scPDB 2/2djl_1/ligand.sdf,src/data/scPDB 2/2djl_1/site.mol2,bindingdb_scpdb
4fuf,,,Ki,=,5000000.0,nM,0.005,5000000.0,2.3010299956639813,6.698970004336019,,src/data/scPDB 2/4fuf_1/ligand.sdf,src/data/scPDB 2/4fuf_1/site.mol2,bindingdb_scpdb
5dby,,,Ki,=,5000000.0,nM,0.005,5000000.0,2.3010299956639813,6.698970004336019,,src/data/scPDB 2/5dby_2/ligand.sdf,src/data/scPDB 2/5dby_2/site.mol2,bindingdb_scpdb
4ne0,,,Ki,=,5000000.0,nM,0.005,5000000.0,2.3010299956639813,6.698970004336019,,src/data/scPDB 2/4ne0_1/ligand.sdf,src/data/scPDB 2/4ne0_1/site.mol2,bindingdb_scpdb
4fub,,,Ki,=,5000000.0,nM,0.005,5000000.0,2.3010299956639813,6.698970004336019,,src/data/scPDB 2/4fub_1/ligand.sdf,src/data/scPDB 2/4fub_1/site.mol2,bindingdb_scpdb
4zbq,,,Ki,=,5000000.0,nM,0.005,5000000.0,2.3010299956639813,6.698970004336019,,src/data/scPDB 2/4zbq_2/ligand.sdf,src/data/scPDB 2/4zbq_2/site.mol2,bindingdb_scpdb
4zbr,,,Ki,=,5000000.0,nM,0.005,5000000.0,2.3010299956639813,6.698970004336019,,src/data/scPDB 2/4zbr_3/ligand.sdf,src/data/scPDB 2/4zbr_3/site.mol2,bindingdb_scpdb
4fu8,,,Ki,=,5000000.0,nM,0.005,5000000.0,2.3010299956639813,6.698970004336019,,src/data/scPDB 2/4fu8_1/ligand.sdf,src/data/scPDB 2/4fu8_1/site.mol2,bindingdb_scpdb
4fud,,,Ki,=,5000000.0,nM,0.005,5000000.0,2.3010299956639813,6.698970004336019,,src/data/scPDB 2/4fud_1/ligand.sdf,src/data/scPDB 2/4fud_1/site.mol2,bindingdb_scpdb
4fuj,,,Ki,=,5000000.0,nM,0.005,5000000.0,2.3010299956639813,6.698970004336019,,src/data/scPDB 2/4fuj_1/ligand.sdf,src/data/scPDB 2/4fuj_1/site.mol2,bindingdb_scpdb
2v3o,,,Ki,=,5000000.0,nM,0.005,5000000.0,2.3010299956639813,6.698970004336019,,src/data/scPDB 2/2v3o_1/ligand.sdf,src/data/scPDB 2/2v3o_1/site.mol2,bindingdb_scpdb
2v3h,,,Ki,=,5000000.0,nM,0.005,5000000.0,2.3010299956639813,6.698970004336019,,src/data/scPDB 2/2v3h_1/ligand.sdf,src/data/scPDB 2/2v3h_1/site.mol2,bindingdb_scpdb
5ahs,,,Ki,=,5000000.0,nM,0.005,5000000.0,2.3010299956639813,6.698970004336019,,src/data/scPDB 2/5ahs_7/ligand.sdf,src/data/scPDB 2/5ahs_7/site.mol2,bindingdb_scpdb
4qkn,,,Ki,=,220.0,nM,2.2e-07,220.0,6.657577319177793,2.342422680822206,,src/data/scPDB 2/4qkn_1/ligand.sdf,src/data/scPDB 2/4qkn_1/site.mol2,bindingdb_scpdb
4jq1,,,Ki,=,9300.0,nM,9.3e-06,9300.0,5.031517051446064,3.9684829485539352,,src/data/scPDB 2/4jq1_1/ligand.sdf,src/data/scPDB 2/4jq1_1/site.mol2,bindingdb_scpdb
4jq3,,,Ki,=,430.0,nM,4.3e-07,430.0,6.366531544420413,2.6334684555795866,,src/data/scPDB 2/4jq3_1/ligand.sdf,src/data/scPDB 2/4jq3_1/site.mol2,bindingdb_scpdb
2wm3,,,Ki,=,5400.0,nM,5.4e-06,5400.0,5.267606240177031,3.7323937598229686,,src/data/scPDB 2/2wm3_1/ligand.sdf,src/data/scPDB 2/2wm3_1/site.mol2,bindingdb_scpdb
4da6,,,Ki,=,900.0,nM,9.000000000000001e-07,900.0,6.045757490560675,2.9542425094393248,,src/data/scPDB 2/4da6_1/ligand.sdf,src/data/scPDB 2/4da6_1/site.mol2,bindingdb_scpdb
3x3x,,,Ki,=,8.0,nM,8e-09,8.0,8.096910013008056,0.9030899869919435,,src/data/scPDB 2/3x3x_2/ligand.sdf,src/data/scPDB 2/3x3x_2/site.mol2,bindingdb_scpdb
4ajj,,,Kd,=,280000.0,nM,0.00028000000000000003,280000.0,3.5528419686577806,5.447158031342219,,src/data/scPDB 2/4ajj_3/ligand.sdf,src/data/scPDB 2/4ajj_3/site.mol2,bindingdb_scpdb
4xp4,,,Ki,=,177.0,nM,1.77e-07,177.0,6.752026733638193,2.247973266361807,,src/data/scPDB 2/4xp4_3/ligand.sdf,src/data/scPDB 2/4xp4_3/site.mol2,bindingdb_scpdb
1xom,,,Ki,=,200.0,nM,2.0000000000000002e-07,200.0,6.698970004336019,2.3010299956639813,,src/data/scPDB 2/1xom_1/ligand.sdf,src/data/scPDB 2/1xom_1/site.mol2,bindingdb_scpdb
4phl,,,Ki,=,9.0,nM,9.000000000000001e-09,9.0,8.045757490560675,0.9542425094393249,,src/data/scPDB 2/4phl_2/ligand.sdf,src/data/scPDB 2/4phl_2/site.mol2,bindingdb_scpdb
1xon,,,Ki,=,9.0,nM,9.000000000000001e-09,9.0,8.045757490560675,0.9542425094393249,,src/data/scPDB 2/1xon_2/ligand.sdf,src/data/scPDB 2/1xon_2/site.mol2,bindingdb_scpdb
1xoq,,,Ki,=,3.0,nM,3.0000000000000004e-09,3.0,8.522878745280337,0.47712125471966244,,src/data/scPDB 2/1xoq_2/ligand.sdf,src/data/scPDB 2/1xoq_2/site.mol2,bindingdb_scpdb
3g4l,,,Ki,=,3.0,nM,3.0000000000000004e-09,3.0,8.522878745280337,0.47712125471966244,,src/data/scPDB 2/3g4l_3/ligand.sdf,src/data/scPDB 2/3g4l_3/site.mol2,bindingdb_scpdb
4m83,,,Ki,=,512.86,nM,5.128600000000001e-07,512.86,6.2900011719748115,2.7099988280251885,,src/data/scPDB 2/4m83_2/ligand.sdf,src/data/scPDB 2/4m83_2/site.mol2,bindingdb_scpdb
4mmb,,,Ki,=,0.9,nM,9.000000000000001e-10,0.9,9.045757490560675,-0.045757490560675115,,src/data/scPDB 2/4mmb_1/ligand.sdf,src/data/scPDB 2/4mmb_1/site.mol2,bindingdb_scpdb
1ih8,,,Ki,=,9.0,nM,9.000000000000001e-09,9.0,8.045757490560675,0.9542425094393249,,src/data/scPDB 2/1ih8_1/ligand.sdf,src/data/scPDB 2/1ih8_1/site.mol2,bindingdb_scpdb
2pz8,,,Ki,=,9.0,nM,9.000000000000001e-09,9.0,8.045757490560675,0.9542425094393249,,src/data/scPDB 2/2pz8_1/ligand.sdf,src/data/scPDB 2/2pz8_1/site.mol2,bindingdb_scpdb
4dpg,,,Ki,=,9.0,nM,9.000000000000001e-09,9.0,8.045757490560675,0.9542425094393249,,src/data/scPDB 2/4dpg_8/ligand.sdf,src/data/scPDB 2/4dpg_8/site.mol2,bindingdb_scpdb
3seq,,,Ki,=,9.0,nM,9.000000000000001e-09,9.0,8.045757490560675,0.9542425094393249,,src/data/scPDB 2/3seq_4/ligand.sdf,src/data/scPDB 2/3seq_4/site.mol2,bindingdb_scpdb
1n2b,,,Ki,=,9.0,nM,9.000000000000001e-09,9.0,8.045757490560675,0.9542425094393249,,src/data/scPDB 2/1n2b_1/ligand.sdf,src/data/scPDB 2/1n2b_1/site.mol2,bindingdb_scpdb
1n2g,,,Ki,=,9.0,nM,9.000000000000001e-09,9.0,8.045757490560675,0.9542425094393249,,src/data/scPDB 2/1n2g_2/ligand.sdf,src/data/scPDB 2/1n2g_2/site.mol2,bindingdb_scpdb
1wc5,,,Ki,=,9.0,nM,9.000000000000001e-09,9.0,8.045757490560675,0.9542425094393249,,src/data/scPDB 2/1wc5_2/ligand.sdf,src/data/scPDB 2/1wc5_2/site.mol2,bindingdb_scpdb
4u0z,,,Ki,=,9.0,nM,9.000000000000001e-09,9.0,8.045757490560675,0.9542425094393249,,src/data/scPDB 2/4u0z_1/ligand.sdf,src/data/scPDB 2/4u0z_1/site.mol2,bindingdb_scpdb
2yye,,,Ki,=,9.0,nM,9.000000000000001e-09,9.0,8.045757490560675,0.9542425094393249,,src/data/scPDB 2/2yye_2/ligand.sdf,src/data/scPDB 2/2yye_2/site.mol2,bindingdb_scpdb
4rwn,,,Ki,=,9.0,nM,9.000000000000001e-09,9.0,8.045757490560675,0.9542425094393249,,src/data/scPDB 2/4rwn_1/ligand.sdf,src/data/scPDB 2/4rwn_1/site.mol2,bindingdb_scpdb
1w48,,,Ki,=,9.0,nM,9.000000000000001e-09,9.0,8.045757490560675,0.9542425094393249,,src/data/scPDB 2/1w48_2/ligand.sdf,src/data/scPDB 2/1w48_2/site.mol2,bindingdb_scpdb
4usu,,,Ki,=,9.0,nM,9.000000000000001e-09,9.0,8.045757490560675,0.9542425094393249,,src/data/scPDB 2/4usu_1/ligand.sdf,src/data/scPDB 2/4usu_1/site.mol2,bindingdb_scpdb
5es7,,,Ki,=,9.0,nM,9.000000000000001e-09,9.0,8.045757490560675,0.9542425094393249,,src/data/scPDB 2/5es7_1/ligand.sdf,src/data/scPDB 2/5es7_1/site.mol2,bindingdb_scpdb
3ova,,,Ki,=,9.0,nM,9.000000000000001e-09,9.0,8.045757490560675,0.9542425094393249,,src/data/scPDB 2/3ova_1/ligand.sdf,src/data/scPDB 2/3ova_1/site.mol2,bindingdb_scpdb
4bls,,,Ki,=,9.0,nM,9.000000000000001e-09,9.0,8.045757490560675,0.9542425094393249,,src/data/scPDB 2/4bls_2/ligand.sdf,src/data/scPDB 2/4bls_2/site.mol2,bindingdb_scpdb
3h9j,,,Ki,=,9.0,nM,9.000000000000001e-09,9.0,8.045757490560675,0.9542425094393249,,src/data/scPDB 2/3h9j_6/ligand.sdf,src/data/scPDB 2/3h9j_6/site.mol2,bindingdb_scpdb
1wc3,,,Ki,=,9.0,nM,9.000000000000001e-09,9.0,8.045757490560675,0.9542425094393249,,src/data/scPDB 2/1wc3_1/ligand.sdf,src/data/scPDB 2/1wc3_1/site.mol2,bindingdb_scpdb
2icx,,,Ki,=,2610.0,nM,2.61e-06,2610.0,5.583359492661719,3.416640507338281,,src/data/scPDB 2/2icx_1/ligand.sdf,src/data/scPDB 2/2icx_1/site.mol2,bindingdb_scpdb
2b56,,,Ki,=,2610.0,nM,2.61e-06,2610.0,5.583359492661719,3.416640507338281,,src/data/scPDB 2/2b56_1/ligand.sdf,src/data/scPDB 2/2b56_1/site.mol2,bindingdb_scpdb
3hiy,,,Ki,=,2610.0,nM,2.61e-06,2610.0,5.583359492661719,3.416640507338281,,src/data/scPDB 2/3hiy_2/ligand.sdf,src/data/scPDB 2/3hiy_2/site.mol2,bindingdb_scpdb
4at9,,,Ki,=,2610.0,nM,2.61e-06,2610.0,5.583359492661719,3.416640507338281,,src/data/scPDB 2/4at9_1/ligand.sdf,src/data/scPDB 2/4at9_1/site.mol2,bindingdb_scpdb
2j4l,,,Ki,=,2610.0,nM,2.61e-06,2610.0,5.583359492661719,3.416640507338281,,src/data/scPDB 2/2j4l_6/ligand.sdf,src/data/scPDB 2/2j4l_6/site.mol2,bindingdb_scpdb
4ho9,,,Ki,=,2610.0,nM,2.61e-06,2610.0,5.583359492661719,3.416640507338281,,src/data/scPDB 2/4ho9_3/ligand.sdf,src/data/scPDB 2/4ho9_3/site.mol2,bindingdb_scpdb
4ho6,,,Ki,=,2610.0,nM,2.61e-06,2610.0,5.583359492661719,3.416640507338281,,src/data/scPDB 2/4ho6_1/ligand.sdf,src/data/scPDB 2/4ho6_1/site.mol2,bindingdb_scpdb
2e9z,,,Ki,=,2610.0,nM,2.61e-06,2610.0,5.583359492661719,3.416640507338281,,src/data/scPDB 2/2e9z_1/ligand.sdf,src/data/scPDB 2/2e9z_1/site.mol2,bindingdb_scpdb
4blr,,,Ki,=,2610.0,nM,2.61e-06,2610.0,5.583359492661719,3.416640507338281,,src/data/scPDB 2/4blr_2/ligand.sdf,src/data/scPDB 2/4blr_2/site.mol2,bindingdb_scpdb
2ji5,,,Ki,=,2610.0,nM,2.61e-06,2610.0,5.583359492661719,3.416640507338281,,src/data/scPDB 2/2ji5_2/ligand.sdf,src/data/scPDB 2/2ji5_2/site.mol2,bindingdb_scpdb
5a2y,,,Ki,=,2610.0,nM,2.61e-06,2610.0,5.583359492661719,3.416640507338281,,src/data/scPDB 2/5a2y_2/ligand.sdf,src/data/scPDB 2/5a2y_2/site.mol2,bindingdb_scpdb
4fyx,,,Ki,=,2610.0,nM,2.61e-06,2610.0,5.583359492661719,3.416640507338281,,src/data/scPDB 2/4fyx_1/ligand.sdf,src/data/scPDB 2/4fyx_1/site.mol2,bindingdb_scpdb
4y29,,,Ki,=,660.0,nM,6.6e-07,660.0,6.180456064458131,2.8195439355418688,,src/data/scPDB 2/4y29_1/ligand.sdf,src/data/scPDB 2/4y29_1/site.mol2,bindingdb_scpdb
2ydv,,,Ki,=,20.0,nM,2e-08,20.0,7.698970004336019,1.3010299956639813,,src/data/scPDB 2/2ydv_1/ligand.sdf,src/data/scPDB 2/2ydv_1/site.mol2,bindingdb_scpdb
1ysz,,,Ki,=,20.0,nM,2e-08,20.0,7.698970004336019,1.3010299956639813,,src/data/scPDB 2/1ysz_1/ligand.sdf,src/data/scPDB 2/1ysz_1/site.mol2,bindingdb_scpdb
5g53,,,Ki,=,20.0,nM,2e-08,20.0,7.698970004336019,1.3010299956639813,,src/data/scPDB 2/5g53_2/ligand.sdf,src/data/scPDB 2/5g53_2/site.mol2,bindingdb_scpdb
3uo5,,,Kd,=,39.0,nM,3.9000000000000005e-08,39.0,7.4089353929735005,1.591064607026499,,src/data/scPDB 2/3uo5_1/ligand.sdf,src/data/scPDB 2/3uo5_1/site.mol2,bindingdb_scpdb
4ftu,,,Ki,=,10.0,nM,1e-08,10.0,8.0,1.0,,src/data/scPDB 2/4ftu_1/ligand.sdf,src/data/scPDB 2/4ftu_1/site.mol2,bindingdb_scpdb
4fw3,,,Kd,=,59.0,nM,5.9000000000000006e-08,59.0,7.229147988357855,1.7708520116421442,,src/data/scPDB 2/4fw3_2/ligand.sdf,src/data/scPDB 2/4fw3_2/site.mol2,bindingdb_scpdb
4um1,,,Ki,=,2.2,nM,2.2000000000000003e-09,2.2,8.657577319177793,0.3424226808222063,,src/data/scPDB 2/4um1_5/ligand.sdf,src/data/scPDB 2/4um1_5/site.mol2,bindingdb_scpdb
3u8m,,,Ki,=,1.3,nM,1.3e-09,1.3,8.886056647693163,0.11394335230683679,,src/data/scPDB 2/3u8m_3/ligand.sdf,src/data/scPDB 2/3u8m_3/site.mol2,bindingdb_scpdb
4xe3,,,Kd,=,370.0,nM,3.7e-07,370.0,6.431798275933005,2.568201724066995,,src/data/scPDB 2/4xe3_1/ligand.sdf,src/data/scPDB 2/4xe3_1/site.mol2,bindingdb_scpdb
3mdv,,,Kd,=,370.0,nM,3.7e-07,370.0,6.431798275933005,2.568201724066995,,src/data/scPDB 2/3mdv_1/ligand.sdf,src/data/scPDB 2/3mdv_1/site.mol2,bindingdb_scpdb
3ozu,,,Kd,=,980.0,nM,9.800000000000001e-07,980.0,6.008773924307505,2.9912260756924947,,src/data/scPDB 2/3ozu_1/ligand.sdf,src/data/scPDB 2/3ozu_1/site.mol2,bindingdb_scpdb
4ze0,,,Kd,=,174000.0,nM,0.000174,174000.0,3.7594507517174005,5.2405492482825995,,src/data/scPDB 2/4ze0_1/ligand.sdf,src/data/scPDB 2/4ze0_1/site.mol2,bindingdb_scpdb
3mdt,,,Kd,=,174000.0,nM,0.000174,174000.0,3.7594507517174005,5.2405492482825995,,src/data/scPDB 2/3mdt_2/ligand.sdf,src/data/scPDB 2/3mdt_2/site.mol2,bindingdb_scpdb
5hs1,,,Kd,=,174000.0,nM,0.000174,174000.0,3.7594507517174005,5.2405492482825995,,src/data/scPDB 2/5hs1_1/ligand.sdf,src/data/scPDB 2/5hs1_1/site.mol2,bindingdb_scpdb
3ete,,,Ki,=,5550.0,nM,5.55e-06,5550.0,5.255707016877324,3.7442929831226763,,src/data/scPDB 2/3ete_11/ligand.sdf,src/data/scPDB 2/3ete_11/site.mol2,bindingdb_scpdb
1cgk,,,Ki,=,0.00109662,nM,1.09662e-12,0.00109662,11.959943837779155,-2.959943837779155,,src/data/scPDB 2/1cgk_1/ligand.sdf,src/data/scPDB 2/1cgk_1/site.mol2,bindingdb_scpdb
2brt,,,Ki,=,0.00109662,nM,1.09662e-12,0.00109662,11.959943837779155,-2.959943837779155,,src/data/scPDB 2/2brt_1/ligand.sdf,src/data/scPDB 2/2brt_1/site.mol2,bindingdb_scpdb
1eyq,,,Ki,=,0.00109662,nM,1.09662e-12,0.00109662,11.959943837779155,-2.959943837779155,,src/data/scPDB 2/1eyq_1/ligand.sdf,src/data/scPDB 2/1eyq_1/site.mol2,bindingdb_scpdb
4eh3,,,Ki,=,0.00109662,nM,1.09662e-12,0.00109662,11.959943837779155,-2.959943837779155,,src/data/scPDB 2/4eh3_2/ligand.sdf,src/data/scPDB 2/4eh3_2/site.mol2,bindingdb_scpdb
2wh8,,,Kd,=,1080.0,nM,1.08e-06,1080.0,5.96657624451305,3.03342375548695,,src/data/scPDB 2/2wh8_1/ligand.sdf,src/data/scPDB 2/2wh8_1/site.mol2,bindingdb_scpdb
1l4h,,,Kd,=,25100.0,nM,2.51e-05,25100.0,4.600326278518962,4.399673721481038,,src/data/scPDB 2/1l4h_1/ligand.sdf,src/data/scPDB 2/1l4h_1/site.mol2,bindingdb_scpdb
2b24,,,Kd,=,25100.0,nM,2.51e-05,25100.0,4.600326278518962,4.399673721481038,,src/data/scPDB 2/2b24_2/ligand.sdf,src/data/scPDB 2/2b24_2/site.mol2,bindingdb_scpdb
4e5l,,,Ki,=,70000.0,nM,7.000000000000001e-05,70000.0,4.154901959985743,4.845098040014257,,src/data/scPDB 2/4e5l_3/ligand.sdf,src/data/scPDB 2/4e5l_3/site.mol2,bindingdb_scpdb
3i0a,,,Ki,=,70000.0,nM,7.000000000000001e-05,70000.0,4.154901959985743,4.845098040014257,,src/data/scPDB 2/3i0a_3/ligand.sdf,src/data/scPDB 2/3i0a_3/site.mol2,bindingdb_scpdb
1phh,,,Ki,=,5000.0,nM,5e-06,5000.0,5.301029995663981,3.6989700043360187,,src/data/scPDB 2/1phh_1/ligand.sdf,src/data/scPDB 2/1phh_1/site.mol2,bindingdb_scpdb
3o6r,,,Ki,=,30000.0,nM,3e-05,30000.0,4.522878745280337,4.477121254719663,,src/data/scPDB 2/3o6r_2/ligand.sdf,src/data/scPDB 2/3o6r_2/site.mol2,bindingdb_scpdb
4ug5,,,Ki,=,16100.0,nM,1.6100000000000002e-05,16100.0,4.79317412396815,4.20682587603185,,src/data/scPDB 2/4ug5_2/ligand.sdf,src/data/scPDB 2/4ug5_2/site.mol2,bindingdb_scpdb
1icv,,,Ki,=,2000000.0,nM,0.002,2000000.0,2.6989700043360187,6.301029995663981,,src/data/scPDB 2/1icv_1/ligand.sdf,src/data/scPDB 2/1icv_1/site.mol2,bindingdb_scpdb
1l5l,,,Ki,=,2000000.0,nM,0.002,2000000.0,2.6989700043360187,6.301029995663981,,src/data/scPDB 2/1l5l_1/ligand.sdf,src/data/scPDB 2/1l5l_1/site.mol2,bindingdb_scpdb
1l5m,,,Ki,=,2000000.0,nM,0.002,2000000.0,2.6989700043360187,6.301029995663981,,src/data/scPDB 2/1l5m_2/ligand.sdf,src/data/scPDB 2/1l5m_2/site.mol2,bindingdb_scpdb
1l5k,,,Ki,=,2000000.0,nM,0.002,2000000.0,2.6989700043360187,6.301029995663981,,src/data/scPDB 2/1l5k_1/ligand.sdf,src/data/scPDB 2/1l5k_1/site.mol2,bindingdb_scpdb
1jhv,,,Ki,=,2000000.0,nM,0.002,2000000.0,2.6989700043360187,6.301029995663981,,src/data/scPDB 2/1jhv_2/ligand.sdf,src/data/scPDB 2/1jhv_2/site.mol2,bindingdb_scpdb
3war,,,Ki,=,2000000.0,nM,0.002,2000000.0,2.6989700043360187,6.301029995663981,,src/data/scPDB 2/3war_1/ligand.sdf,src/data/scPDB 2/3war_1/site.mol2,bindingdb_scpdb
1jho,,,Ki,=,2000000.0,nM,0.002,2000000.0,2.6989700043360187,6.301029995663981,,src/data/scPDB 2/1jho_2/ligand.sdf,src/data/scPDB 2/1jho_2/site.mol2,bindingdb_scpdb
1jhq,,,Ki,=,2000000.0,nM,0.002,2000000.0,2.6989700043360187,6.301029995663981,,src/data/scPDB 2/1jhq_2/ligand.sdf,src/data/scPDB 2/1jhq_2/site.mol2,bindingdb_scpdb
1jha,,,Ki,=,2000000.0,nM,0.002,2000000.0,2.6989700043360187,6.301029995663981,,src/data/scPDB 2/1jha_1/ligand.sdf,src/data/scPDB 2/1jha_1/site.mol2,bindingdb_scpdb
3c9t,,,Kd,=,2.3,nM,2.3e-09,2.3,8.638272163982407,0.36172783601759284,,src/data/scPDB 2/3c9t_2/ligand.sdf,src/data/scPDB 2/3c9t_2/site.mol2,bindingdb_scpdb
1g4s,,,Kd,=,2.3,nM,2.3e-09,2.3,8.638272163982407,0.36172783601759284,,src/data/scPDB 2/1g4s_2/ligand.sdf,src/data/scPDB 2/1g4s_2/site.mol2,bindingdb_scpdb
3nl6,,,Kd,=,2.3,nM,2.3e-09,2.3,8.638272163982407,0.36172783601759284,,src/data/scPDB 2/3nl6_3/ligand.sdf,src/data/scPDB 2/3nl6_3/site.mol2,bindingdb_scpdb
1ngs,,,Kd,=,7.4,nM,7.400000000000001e-09,7.4,8.130768280269024,0.8692317197309762,,src/data/scPDB 2/1ngs_1/ligand.sdf,src/data/scPDB 2/1ngs_1/site.mol2,bindingdb_scpdb
1upb,,,Kd,=,7.4,nM,7.400000000000001e-09,7.4,8.130768280269024,0.8692317197309762,,src/data/scPDB 2/1upb_1/ligand.sdf,src/data/scPDB 2/1upb_1/site.mol2,bindingdb_scpdb
1upc,,,Kd,=,7.4,nM,7.400000000000001e-09,7.4,8.130768280269024,0.8692317197309762,,src/data/scPDB 2/1upc_1/ligand.sdf,src/data/scPDB 2/1upc_1/site.mol2,bindingdb_scpdb
1upa,,,Kd,=,7.4,nM,7.400000000000001e-09,7.4,8.130768280269024,0.8692317197309762,,src/data/scPDB 2/1upa_1/ligand.sdf,src/data/scPDB 2/1upa_1/site.mol2,bindingdb_scpdb
1ovm,,,Kd,=,7.4,nM,7.400000000000001e-09,7.4,8.130768280269024,0.8692317197309762,,src/data/scPDB 2/1ovm_2/ligand.sdf,src/data/scPDB 2/1ovm_2/site.mol2,bindingdb_scpdb
1y9d,,,Kd,=,7.4,nM,7.400000000000001e-09,7.4,8.130768280269024,0.8692317197309762,,src/data/scPDB 2/1y9d_7/ligand.sdf,src/data/scPDB 2/1y9d_7/site.mol2,bindingdb_scpdb
2x7j,,,Kd,=,7.4,nM,7.400000000000001e-09,7.4,8.130768280269024,0.8692317197309762,,src/data/scPDB 2/2x7j_4/ligand.sdf,src/data/scPDB 2/2x7j_4/site.mol2,bindingdb_scpdb
2pan,,,Kd,=,7.4,nM,7.400000000000001e-09,7.4,8.130768280269024,0.8692317197309762,,src/data/scPDB 2/2pan_7/ligand.sdf,src/data/scPDB 2/2pan_7/site.mol2,bindingdb_scpdb
3ahj,,,Kd,=,7.4,nM,7.400000000000001e-09,7.4,8.130768280269024,0.8692317197309762,,src/data/scPDB 2/3ahj_1/ligand.sdf,src/data/scPDB 2/3ahj_1/site.mol2,bindingdb_scpdb
1itz,,,Kd,=,7.4,nM,7.400000000000001e-09,7.4,8.130768280269024,0.8692317197309762,,src/data/scPDB 2/1itz_2/ligand.sdf,src/data/scPDB 2/1itz_2/site.mol2,bindingdb_scpdb
1umc,,,Kd,=,7.4,nM,7.400000000000001e-09,7.4,8.130768280269024,0.8692317197309762,,src/data/scPDB 2/1umc_1/ligand.sdf,src/data/scPDB 2/1umc_1/site.mol2,bindingdb_scpdb
4c7x,,,Kd,=,7.4,nM,7.400000000000001e-09,7.4,8.130768280269024,0.8692317197309762,,src/data/scPDB 2/4c7x_1/ligand.sdf,src/data/scPDB 2/4c7x_1/site.mol2,bindingdb_scpdb
5exd,,,Kd,=,7.4,nM,7.400000000000001e-09,7.4,8.130768280269024,0.8692317197309762,,src/data/scPDB 2/5exd_2/ligand.sdf,src/data/scPDB 2/5exd_2/site.mol2,bindingdb_scpdb
3m7i,,,Kd,=,7.4,nM,7.400000000000001e-09,7.4,8.130768280269024,0.8692317197309762,,src/data/scPDB 2/3m7i_1/ligand.sdf,src/data/scPDB 2/3m7i_1/site.mol2,bindingdb_scpdb
3m34,,,Kd,=,7.4,nM,7.400000000000001e-09,7.4,8.130768280269024,0.8692317197309762,,src/data/scPDB 2/3m34_1/ligand.sdf,src/data/scPDB 2/3m34_1/site.mol2,bindingdb_scpdb
1ay0,,,Kd,=,7.4,nM,7.400000000000001e-09,7.4,8.130768280269024,0.8692317197309762,,src/data/scPDB 2/1ay0_1/ligand.sdf,src/data/scPDB 2/1ay0_1/site.mol2,bindingdb_scpdb
2o1x,,,Kd,=,7.4,nM,7.400000000000001e-09,7.4,8.130768280269024,0.8692317197309762,,src/data/scPDB 2/2o1x_4/ligand.sdf,src/data/scPDB 2/2o1x_4/site.mol2,bindingdb_scpdb
3exf,,,Kd,=,7.4,nM,7.400000000000001e-09,7.4,8.130768280269024,0.8692317197309762,,src/data/scPDB 2/3exf_3/ligand.sdf,src/data/scPDB 2/3exf_3/site.mol2,bindingdb_scpdb
2q28,,,Kd,=,7.4,nM,7.400000000000001e-09,7.4,8.130768280269024,0.8692317197309762,,src/data/scPDB 2/2q28_2/ligand.sdf,src/data/scPDB 2/2q28_2/site.mol2,bindingdb_scpdb
3zhq,,,Kd,=,7.4,nM,7.400000000000001e-09,7.4,8.130768280269024,0.8692317197309762,,src/data/scPDB 2/3zhq_4/ligand.sdf,src/data/scPDB 2/3zhq_4/site.mol2,bindingdb_scpdb
1trk,,,Kd,=,7.4,nM,7.400000000000001e-09,7.4,8.130768280269024,0.8692317197309762,,src/data/scPDB 2/1trk_2/ligand.sdf,src/data/scPDB 2/1trk_2/site.mol2,bindingdb_scpdb
1pvd,,,Kd,=,7.4,nM,7.400000000000001e-09,7.4,8.130768280269024,0.8692317197309762,,src/data/scPDB 2/1pvd_2/ligand.sdf,src/data/scPDB 2/1pvd_2/site.mol2,bindingdb_scpdb
2iea,,,Kd,=,7.4,nM,7.400000000000001e-09,7.4,8.130768280269024,0.8692317197309762,,src/data/scPDB 2/2iea_1/ligand.sdf,src/data/scPDB 2/2iea_1/site.mol2,bindingdb_scpdb
1pow,,,Kd,=,7.4,nM,7.400000000000001e-09,7.4,8.130768280269024,0.8692317197309762,,src/data/scPDB 2/1pow_1/ligand.sdf,src/data/scPDB 2/1pow_1/site.mol2,bindingdb_scpdb
1pox,,,Kd,=,7.4,nM,7.400000000000001e-09,7.4,8.130768280269024,0.8692317197309762,,src/data/scPDB 2/1pox_4/ligand.sdf,src/data/scPDB 2/1pox_4/site.mol2,bindingdb_scpdb
2fwn,,,Kd,=,7.4,nM,7.400000000000001e-09,7.4,8.130768280269024,0.8692317197309762,,src/data/scPDB 2/2fwn_1/ligand.sdf,src/data/scPDB 2/2fwn_1/site.mol2,bindingdb_scpdb
2w93,,,Kd,=,7.4,nM,7.400000000000001e-09,7.4,8.130768280269024,0.8692317197309762,,src/data/scPDB 2/2w93_4/ligand.sdf,src/data/scPDB 2/2w93_4/site.mol2,bindingdb_scpdb
1mcz,,,Kd,=,7.4,nM,7.400000000000001e-09,7.4,8.130768280269024,0.8692317197309762,,src/data/scPDB 2/1mcz_26/ligand.sdf,src/data/scPDB 2/1mcz_26/site.mol2,bindingdb_scpdb
4k9o,,,Kd,=,7.4,nM,7.400000000000001e-09,7.4,8.130768280269024,0.8692317197309762,,src/data/scPDB 2/4k9o_2/ligand.sdf,src/data/scPDB 2/4k9o_2/site.mol2,bindingdb_scpdb
2jlc,,,Kd,=,7.4,nM,7.400000000000001e-09,7.4,8.130768280269024,0.8692317197309762,,src/data/scPDB 2/2jlc_1/ligand.sdf,src/data/scPDB 2/2jlc_1/site.mol2,bindingdb_scpdb
1ni4,,,Kd,=,7.4,nM,7.400000000000001e-09,7.4,8.130768280269024,0.8692317197309762,,src/data/scPDB 2/1ni4_1/ligand.sdf,src/data/scPDB 2/1ni4_1/site.mol2,bindingdb_scpdb
4juc,,,Kd,=,7.4,nM,7.400000000000001e-09,7.4,8.130768280269024,0.8692317197309762,,src/data/scPDB 2/4juc_1/ligand.sdf,src/data/scPDB 2/4juc_1/site.mol2,bindingdb_scpdb
2jib,,,Kd,=,7.4,nM,7.400000000000001e-09,7.4,8.130768280269024,0.8692317197309762,,src/data/scPDB 2/2jib_1/ligand.sdf,src/data/scPDB 2/2jib_1/site.mol2,bindingdb_scpdb
1w88,,,Kd,=,7.4,nM,7.400000000000001e-09,7.4,8.130768280269024,0.8692317197309762,,src/data/scPDB 2/1w88_1/ligand.sdf,src/data/scPDB 2/1w88_1/site.mol2,bindingdb_scpdb
2vk4,,,Kd,=,7.4,nM,7.400000000000001e-09,7.4,8.130768280269024,0.8692317197309762,,src/data/scPDB 2/2vk4_2/ligand.sdf,src/data/scPDB 2/2vk4_2/site.mol2,bindingdb_scpdb
2vk8,,,Kd,=,7.4,nM,7.400000000000001e-09,7.4,8.130768280269024,0.8692317197309762,,src/data/scPDB 2/2vk8_1/ligand.sdf,src/data/scPDB 2/2vk8_1/site.mol2,bindingdb_scpdb
3ihk,,,Kd,=,7.4,nM,7.400000000000001e-09,7.4,8.130768280269024,0.8692317197309762,,src/data/scPDB 2/3ihk_3/ligand.sdf,src/data/scPDB 2/3ihk_3/site.mol2,bindingdb_scpdb
4qq8,,,Kd,=,7.4,nM,7.400000000000001e-09,7.4,8.130768280269024,0.8692317197309762,,src/data/scPDB 2/4qq8_2/ligand.sdf,src/data/scPDB 2/4qq8_2/site.mol2,bindingdb_scpdb
2ag0,,,Kd,=,7.4,nM,7.400000000000001e-09,7.4,8.130768280269024,0.8692317197309762,,src/data/scPDB 2/2ag0_1/ligand.sdf,src/data/scPDB 2/2ag0_1/site.mol2,bindingdb_scpdb
1pyd,,,Kd,=,7.4,nM,7.400000000000001e-09,7.4,8.130768280269024,0.8692317197309762,,src/data/scPDB 2/1pyd_2/ligand.sdf,src/data/scPDB 2/1pyd_2/site.mol2,bindingdb_scpdb
5ej9,,,Kd,=,7.4,nM,7.400000000000001e-09,7.4,8.130768280269024,0.8692317197309762,,src/data/scPDB 2/5ej9_7/ligand.sdf,src/data/scPDB 2/5ej9_7/site.mol2,bindingdb_scpdb
5c4i,,,Kd,=,7.4,nM,7.400000000000001e-09,7.4,8.130768280269024,0.8692317197309762,,src/data/scPDB 2/5c4i_1/ligand.sdf,src/data/scPDB 2/5c4i_1/site.mol2,bindingdb_scpdb
2ihv,,,Kd,=,7.4,nM,7.400000000000001e-09,7.4,8.130768280269024,0.8692317197309762,,src/data/scPDB 2/2ihv_3/ligand.sdf,src/data/scPDB 2/2ihv_3/site.mol2,bindingdb_scpdb
2c3o,,,Kd,=,7.4,nM,7.400000000000001e-09,7.4,8.130768280269024,0.8692317197309762,,src/data/scPDB 2/2c3o_1/ligand.sdf,src/data/scPDB 2/2c3o_1/site.mol2,bindingdb_scpdb
2uz1,,,Kd,=,7.4,nM,7.400000000000001e-09,7.4,8.130768280269024,0.8692317197309762,,src/data/scPDB 2/2uz1_2/ligand.sdf,src/data/scPDB 2/2uz1_2/site.mol2,bindingdb_scpdb
2v3w,,,Kd,=,7.4,nM,7.400000000000001e-09,7.4,8.130768280269024,0.8692317197309762,,src/data/scPDB 2/2v3w_3/ligand.sdf,src/data/scPDB 2/2v3w_3/site.mol2,bindingdb_scpdb
2ji8,,,Kd,=,7.4,nM,7.400000000000001e-09,7.4,8.130768280269024,0.8692317197309762,,src/data/scPDB 2/2ji8_2/ligand.sdf,src/data/scPDB 2/2ji8_2/site.mol2,bindingdb_scpdb
2ag1,,,Kd,=,7.4,nM,7.400000000000001e-09,7.4,8.130768280269024,0.8692317197309762,,src/data/scPDB 2/2ag1_2/ligand.sdf,src/data/scPDB 2/2ag1_2/site.mol2,bindingdb_scpdb
4mpr,,,Kd,=,7.4,nM,7.400000000000001e-09,7.4,8.130768280269024,0.8692317197309762,,src/data/scPDB 2/4mpr_1/ligand.sdf,src/data/scPDB 2/4mpr_1/site.mol2,bindingdb_scpdb
5ahk,,,Kd,=,7.4,nM,7.400000000000001e-09,7.4,8.130768280269024,0.8692317197309762,,src/data/scPDB 2/5ahk_4/ligand.sdf,src/data/scPDB 2/5ahk_4/site.mol2,bindingdb_scpdb
1t2d,,,Ki,=,43000.0,nM,4.3e-05,43000.0,4.366531544420414,4.633468455579586,,src/data/scPDB 2/1t2d_1/ligand.sdf,src/data/scPDB 2/1t2d_1/site.mol2,bindingdb_scpdb
1pt8,,,Ki,=,43000.0,nM,4.3e-05,43000.0,4.366531544420414,4.633468455579586,,src/data/scPDB 2/1pt8_1/ligand.sdf,src/data/scPDB 2/1pt8_1/site.mol2,bindingdb_scpdb
4okn,,,Ki,=,43000.0,nM,4.3e-05,43000.0,4.366531544420414,4.633468455579586,,src/data/scPDB 2/4okn_1/ligand.sdf,src/data/scPDB 2/4okn_1/site.mol2,bindingdb_scpdb
1nvm,,,Ki,=,43000.0,nM,4.3e-05,43000.0,4.366531544420414,4.633468455579586,,src/data/scPDB 2/1nvm_3/ligand.sdf,src/data/scPDB 2/1nvm_3/site.mol2,bindingdb_scpdb
1pzh,,,Ki,=,43000.0,nM,4.3e-05,43000.0,4.366531544420414,4.633468455579586,,src/data/scPDB 2/1pzh_1/ligand.sdf,src/data/scPDB 2/1pzh_1/site.mol2,bindingdb_scpdb
1pzf,,,Ki,=,43000.0,nM,4.3e-05,43000.0,4.366531544420414,4.633468455579586,,src/data/scPDB 2/1pzf_3/ligand.sdf,src/data/scPDB 2/1pzf_3/site.mol2,bindingdb_scpdb
1do8,,,Ki,=,43000.0,nM,4.3e-05,43000.0,4.366531544420414,4.633468455579586,,src/data/scPDB 2/1do8_7/ligand.sdf,src/data/scPDB 2/1do8_7/site.mol2,bindingdb_scpdb
3dt4,,,Ki,=,43000.0,nM,4.3e-05,43000.0,4.366531544420414,4.633468455579586,,src/data/scPDB 2/3dt4_1/ligand.sdf,src/data/scPDB 2/3dt4_1/site.mol2,bindingdb_scpdb
3dt2,,,Ki,=,43000.0,nM,4.3e-05,43000.0,4.366531544420414,4.633468455579586,,src/data/scPDB 2/3dt2_1/ligand.sdf,src/data/scPDB 2/3dt2_1/site.mol2,bindingdb_scpdb
3cv2,,,Ki,=,43000.0,nM,4.3e-05,43000.0,4.366531544420414,4.633468455579586,,src/data/scPDB 2/3cv2_1/ligand.sdf,src/data/scPDB 2/3cv2_1/site.mol2,bindingdb_scpdb
4g1n,,,Ki,=,43000.0,nM,4.3e-05,43000.0,4.366531544420414,4.633468455579586,,src/data/scPDB 2/4g1n_2/ligand.sdf,src/data/scPDB 2/4g1n_2/site.mol2,bindingdb_scpdb
1sow,,,Ki,=,43000.0,nM,4.3e-05,43000.0,4.366531544420414,4.633468455579586,,src/data/scPDB 2/1sow_2/ligand.sdf,src/data/scPDB 2/1sow_2/site.mol2,bindingdb_scpdb
4l9z,,,Ki,=,43000.0,nM,4.3e-05,43000.0,4.366531544420414,4.633468455579586,,src/data/scPDB 2/4l9z_6/ligand.sdf,src/data/scPDB 2/4l9z_6/site.mol2,bindingdb_scpdb
2vta,,,Kd,=,1000000.0,nM,0.001,1000000.0,3.0,6.0,,src/data/scPDB 2/2vta_1/ligand.sdf,src/data/scPDB 2/2vta_1/site.mol2,bindingdb_scpdb
4oim,,,Ki,=,0.01,nM,1.0000000000000001e-11,0.01,11.0,-2.0,,src/data/scPDB 2/4oim_1/ligand.sdf,src/data/scPDB 2/4oim_1/site.mol2,bindingdb_scpdb
2ylo,,,Ki,=,3.2,nM,3.2000000000000005e-09,3.2,8.494850021680094,0.505149978319906,,src/data/scPDB 2/2ylo_1/ligand.sdf,src/data/scPDB 2/2ylo_1/site.mol2,bindingdb_scpdb
2ylq,,,Ki,=,3.2,nM,3.2000000000000005e-09,3.2,8.494850021680094,0.505149978319906,,src/data/scPDB 2/2ylq_1/ligand.sdf,src/data/scPDB 2/2ylq_1/site.mol2,bindingdb_scpdb
2ylp,,,Ki,=,3.2,nM,3.2000000000000005e-09,3.2,8.494850021680094,0.505149978319906,,src/data/scPDB 2/2ylp_1/ligand.sdf,src/data/scPDB 2/2ylp_1/site.mol2,bindingdb_scpdb
3uzz,,,Ki,=,3.2,nM,3.2000000000000005e-09,3.2,8.494850021680094,0.505149978319906,,src/data/scPDB 2/3uzz_2/ligand.sdf,src/data/scPDB 2/3uzz_2/site.mol2,bindingdb_scpdb
1jtv,,,Ki,=,3.2,nM,3.2000000000000005e-09,3.2,8.494850021680094,0.505149978319906,,src/data/scPDB 2/1jtv_1/ligand.sdf,src/data/scPDB 2/1jtv_1/site.mol2,bindingdb_scpdb
1afs,,,Ki,=,3.2,nM,3.2000000000000005e-09,3.2,8.494850021680094,0.505149978319906,,src/data/scPDB 2/1afs_1/ligand.sdf,src/data/scPDB 2/1afs_1/site.mol2,bindingdb_scpdb
3zqt,,,Ki,=,3.2,nM,3.2000000000000005e-09,3.2,8.494850021680094,0.505149978319906,,src/data/scPDB 2/3zqt_1/ligand.sdf,src/data/scPDB 2/3zqt_1/site.mol2,bindingdb_scpdb
1q13,,,Ki,=,3.2,nM,3.2000000000000005e-09,3.2,8.494850021680094,0.505149978319906,,src/data/scPDB 2/1q13_1/ligand.sdf,src/data/scPDB 2/1q13_1/site.mol2,bindingdb_scpdb
1j96,,,Ki,=,3.2,nM,3.2000000000000005e-09,3.2,8.494850021680094,0.505149978319906,,src/data/scPDB 2/1j96_2/ligand.sdf,src/data/scPDB 2/1j96_2/site.mol2,bindingdb_scpdb
3sa4,,,Ki,=,0.129,nM,1.2900000000000002e-10,0.129,9.88941028970075,-0.889410289700751,,src/data/scPDB 2/3sa4_1/ligand.sdf,src/data/scPDB 2/3sa4_1/site.mol2,bindingdb_scpdb
3sa5,,,Ki,=,0.07,nM,7.000000000000002e-11,0.07,10.154901959985743,-1.154901959985743,,src/data/scPDB 2/3sa5_1/ligand.sdf,src/data/scPDB 2/3sa5_1/site.mol2,bindingdb_scpdb
3sa8,,,Ki,=,0.194,nM,1.9400000000000003e-10,0.194,9.712198270069774,-0.712198270069774,,src/data/scPDB 2/3sa8_1/ligand.sdf,src/data/scPDB 2/3sa8_1/site.mol2,bindingdb_scpdb
3sa9,,,Ki,=,0.146,nM,1.46e-10,0.146,9.835647144215564,-0.835647144215563,,src/data/scPDB 2/3sa9_1/ligand.sdf,src/data/scPDB 2/3sa9_1/site.mol2,bindingdb_scpdb
3saa,,,Ki,=,0.546,nM,5.460000000000001e-10,0.546,9.262807357295262,-0.2628073572952627,,src/data/scPDB 2/3saa_1/ligand.sdf,src/data/scPDB 2/3saa_1/site.mol2,bindingdb_scpdb
3sab,,,Ki,=,0.437,nM,4.3700000000000004e-10,0.437,9.359518563029578,-0.3595185630295782,,src/data/scPDB 2/3sab_1/ligand.sdf,src/data/scPDB 2/3sab_1/site.mol2,bindingdb_scpdb
4k9v,,,Kd,=,2300.0,nM,2.3e-06,2300.0,5.638272163982407,3.361727836017593,,src/data/scPDB 2/4k9v_1/ligand.sdf,src/data/scPDB 2/4k9v_1/site.mol2,bindingdb_scpdb
4k9x,,,Kd,=,160.0,nM,1.6e-07,160.0,6.795880017344075,2.2041199826559246,,src/data/scPDB 2/4k9x_1/ligand.sdf,src/data/scPDB 2/4k9x_1/site.mol2,bindingdb_scpdb
2wm4,,,Ki,=,35.0,nM,3.5e-08,35.0,7.455931955649724,1.5440680443502757,,src/data/scPDB 2/2wm4_1/ligand.sdf,src/data/scPDB 2/2wm4_1/site.mol2,bindingdb_scpdb
2pmj,,,Ki,=,9300.0,nM,9.3e-06,9300.0,5.031517051446064,3.9684829485539352,,src/data/scPDB 2/2pmj_1/ligand.sdf,src/data/scPDB 2/2pmj_1/site.mol2,bindingdb_scpdb
4cx3,,,Kd,=,212.0,nM,2.1200000000000002e-07,212.0,6.673664139071249,2.326335860928751,,src/data/scPDB 2/4cx3_1/ligand.sdf,src/data/scPDB 2/4cx3_1/site.mol2,bindingdb_scpdb
4cx5,,,Kd,=,212.0,nM,2.1200000000000002e-07,212.0,6.673664139071249,2.326335860928751,,src/data/scPDB 2/4cx5_2/ligand.sdf,src/data/scPDB 2/4cx5_2/site.mol2,bindingdb_scpdb
4cx4,,,Kd,=,198.0,nM,1.98e-07,198.0,6.703334809738469,2.296665190261531,,src/data/scPDB 2/4cx4_4/ligand.sdf,src/data/scPDB 2/4cx4_4/site.mol2,bindingdb_scpdb
3ufv,,,Kd,=,198.0,nM,1.98e-07,198.0,6.703334809738469,2.296665190261531,,src/data/scPDB 2/3ufv_3/ligand.sdf,src/data/scPDB 2/3ufv_3/site.mol2,bindingdb_scpdb
3tyl,,,Ki,=,410.0,nM,4.1000000000000004e-07,410.0,6.3872161432802645,2.6127838567197355,,src/data/scPDB 2/3tyl_1/ligand.sdf,src/data/scPDB 2/3tyl_1/site.mol2,bindingdb_scpdb
3tym,,,Ki,=,820.0,nM,8.200000000000001e-07,820.0,6.086186147616283,2.9138138523837167,,src/data/scPDB 2/3tym_2/ligand.sdf,src/data/scPDB 2/3tym_2/site.mol2,bindingdb_scpdb
4ie7,,,Kd,=,9600.0,nM,9.600000000000001e-06,9600.0,5.017728766960431,3.9822712330395684,,src/data/scPDB 2/4ie7_1/ligand.sdf,src/data/scPDB 2/4ie7_1/site.mol2,bindingdb_scpdb
2g0l,,,Ki,=,2500.0,nM,2.5e-06,2500.0,5.6020599913279625,3.3979400086720375,,src/data/scPDB 2/2g0l_1/ligand.sdf,src/data/scPDB 2/2g0l_1/site.mol2,bindingdb_scpdb
4l10,,,Ki,=,2640.0,nM,2.64e-06,2640.0,5.578396073130168,3.4216039268698313,,src/data/scPDB 2/4l10_1/ligand.sdf,src/data/scPDB 2/4l10_1/site.mol2,bindingdb_scpdb
4hlk,,,Ki,=,3320.0,nM,3.3200000000000004e-06,3320.0,5.478861916295964,3.5211380837040362,,src/data/scPDB 2/4hlk_2/ligand.sdf,src/data/scPDB 2/4hlk_2/site.mol2,bindingdb_scpdb
4l0t,,,Ki,=,840.0,nM,8.4e-07,840.0,6.075720713938118,2.9242792860618816,,src/data/scPDB 2/4l0t_1/ligand.sdf,src/data/scPDB 2/4l0t_1/site.mol2,bindingdb_scpdb
4l0s,,,Ki,=,8210.0,nM,8.210000000000001e-06,8210.0,5.085656842880559,3.9143431571194407,,src/data/scPDB 2/4l0s_2/ligand.sdf,src/data/scPDB 2/4l0s_2/site.mol2,bindingdb_scpdb
4hcy,,,Kd,=,4.23,nM,4.2300000000000005e-09,4.23,8.373659632624957,0.6263403673750424,,src/data/scPDB 2/4hcy_2/ligand.sdf,src/data/scPDB 2/4hcy_2/site.mol2,bindingdb_scpdb
4imw,,,Kd,=,4470.0,nM,4.47e-06,4470.0,5.349692476868063,3.6503075231319366,,src/data/scPDB 2/4imw_4/ligand.sdf,src/data/scPDB 2/4imw_4/site.mol2,bindingdb_scpdb
4ug7,,,Kd,=,4470.0,nM,4.47e-06,4470.0,5.349692476868063,3.6503075231319366,,src/data/scPDB 2/4ug7_1/ligand.sdf,src/data/scPDB 2/4ug7_1/site.mol2,bindingdb_scpdb
4eux,,,Kd,=,450.0,nM,4.5000000000000003e-07,450.0,6.346787486224656,2.6532125137753435,,src/data/scPDB 2/4eux_3/ligand.sdf,src/data/scPDB 2/4eux_3/site.mol2,bindingdb_scpdb
4imt,,,Kd,=,8610.0,nM,8.61e-06,8610.0,5.064996848546345,3.935003151453655,,src/data/scPDB 2/4imt_2/ligand.sdf,src/data/scPDB 2/4imt_2/site.mol2,bindingdb_scpdb
4ug9,,,Kd,=,8610.0,nM,8.61e-06,8610.0,5.064996848546345,3.935003151453655,,src/data/scPDB 2/4ug9_1/ligand.sdf,src/data/scPDB 2/4ug9_1/site.mol2,bindingdb_scpdb
4k5d,,,Kd,=,18700.0,nM,1.87e-05,18700.0,4.728158393463501,4.271841606536499,,src/data/scPDB 2/4k5d_2/ligand.sdf,src/data/scPDB 2/4k5d_2/site.mol2,bindingdb_scpdb
4k5f,,,Kd,=,37900.0,nM,3.79e-05,37900.0,4.421360790031928,4.578639209968072,,src/data/scPDB 2/4k5f_4/ligand.sdf,src/data/scPDB 2/4k5f_4/site.mol2,bindingdb_scpdb
4n3e,,,Ki,=,31100.0,nM,3.1100000000000004e-05,31100.0,4.507239610973162,4.492760389026838,,src/data/scPDB 2/4n3e_7/ligand.sdf,src/data/scPDB 2/4n3e_7/site.mol2,bindingdb_scpdb
4ez7,,,Ki,=,31100.0,nM,3.1100000000000004e-05,31100.0,4.507239610973162,4.492760389026838,,src/data/scPDB 2/4ez7_1/ligand.sdf,src/data/scPDB 2/4ez7_1/site.mol2,bindingdb_scpdb
3wbg,,,Ki,=,31100.0,nM,3.1100000000000004e-05,31100.0,4.507239610973162,4.492760389026838,,src/data/scPDB 2/3wbg_3/ligand.sdf,src/data/scPDB 2/3wbg_3/site.mol2,bindingdb_scpdb
3akm,,,Ki,=,300.0,nM,3.0000000000000004e-07,300.0,6.522878745280337,2.4771212547196626,,src/data/scPDB 2/3akm_2/ligand.sdf,src/data/scPDB 2/3akm_2/site.mol2,bindingdb_scpdb
3akn,,,Ki,=,300.0,nM,3.0000000000000004e-07,300.0,6.522878745280337,2.4771212547196626,,src/data/scPDB 2/3akn_1/ligand.sdf,src/data/scPDB 2/3akn_1/site.mol2,bindingdb_scpdb
5ikt,,,Ki,=,6100.0,nM,6.1e-06,6100.0,5.214670164989233,3.785329835010767,,src/data/scPDB 2/5ikt_1/ligand.sdf,src/data/scPDB 2/5ikt_1/site.mol2,bindingdb_scpdb
1sv9,,,Ki,=,86300.0,nM,8.630000000000001e-05,86300.0,4.06398920428479,4.93601079571521,,src/data/scPDB 2/1sv9_1/ligand.sdf,src/data/scPDB 2/1sv9_1/site.mol2,bindingdb_scpdb
4xta,,,Ki,=,86300.0,nM,8.630000000000001e-05,86300.0,4.06398920428479,4.93601079571521,,src/data/scPDB 2/4xta_1/ligand.sdf,src/data/scPDB 2/4xta_1/site.mol2,bindingdb_scpdb
1pxx,,,Ki,=,86300.0,nM,8.630000000000001e-05,86300.0,4.06398920428479,4.93601079571521,,src/data/scPDB 2/1pxx_4/ligand.sdf,src/data/scPDB 2/1pxx_4/site.mol2,bindingdb_scpdb
4ubs,,,Ki,=,86300.0,nM,8.630000000000001e-05,86300.0,4.06398920428479,4.93601079571521,,src/data/scPDB 2/4ubs_1/ligand.sdf,src/data/scPDB 2/4ubs_1/site.mol2,bindingdb_scpdb
3d5f,,,Kd,=,7200.0,nM,7.2000000000000005e-06,7200.0,5.142667503568731,3.8573324964312685,,src/data/scPDB 2/3d5f_1/ligand.sdf,src/data/scPDB 2/3d5f_1/site.mol2,bindingdb_scpdb
4lcj,,,Kd,=,2960000.0,nM,0.0029600000000000004,2960000.0,2.5287082889410613,6.471291711058939,,src/data/scPDB 2/4lcj_7/ligand.sdf,src/data/scPDB 2/4lcj_7/site.mol2,bindingdb_scpdb
3l03,,,Ki,=,4.9,nM,4.900000000000001e-09,4.9,8.309803919971486,0.6901960800285137,,src/data/scPDB 2/3l03_1/ligand.sdf,src/data/scPDB 2/3l03_1/site.mol2,bindingdb_scpdb
3jx6,,,Ki,=,14.0,nM,1.4000000000000001e-08,14.0,7.853871964321762,1.146128035678238,,src/data/scPDB 2/3jx6_3/ligand.sdf,src/data/scPDB 2/3jx6_3/site.mol2,bindingdb_scpdb
1x88,,,Ki,=,25660.0,nM,2.566e-05,25660.0,4.59074334796109,4.40925665203891,,src/data/scPDB 2/1x88_2/ligand.sdf,src/data/scPDB 2/1x88_2/site.mol2,bindingdb_scpdb
1q0b,,,Ki,=,25660.0,nM,2.566e-05,25660.0,4.59074334796109,4.40925665203891,,src/data/scPDB 2/1q0b_2/ligand.sdf,src/data/scPDB 2/1q0b_2/site.mol2,bindingdb_scpdb
3c7q,,,Kd,=,3200.0,nM,3.2000000000000003e-06,3200.0,5.494850021680094,3.505149978319906,,src/data/scPDB 2/3c7q_1/ligand.sdf,src/data/scPDB 2/3c7q_1/site.mol2,bindingdb_scpdb
4u0i,,,Kd,=,0.7,nM,7e-10,0.7,9.154901959985743,-0.1549019599857432,,src/data/scPDB 2/4u0i_1/ligand.sdf,src/data/scPDB 2/4u0i_1/site.mol2,bindingdb_scpdb
4tyj,,,Kd,=,0.7,nM,7e-10,0.7,9.154901959985743,-0.1549019599857432,,src/data/scPDB 2/4tyj_1/ligand.sdf,src/data/scPDB 2/4tyj_1/site.mol2,bindingdb_scpdb
4qrc,,,Kd,=,0.7,nM,7e-10,0.7,9.154901959985743,-0.1549019599857432,,src/data/scPDB 2/4qrc_1/ligand.sdf,src/data/scPDB 2/4qrc_1/site.mol2,bindingdb_scpdb
3ggj,,,Ki,=,1000.0,nM,1.0000000000000002e-06,1000.0,6.0,3.0,,src/data/scPDB 2/3ggj_2/ligand.sdf,src/data/scPDB 2/3ggj_2/site.mol2,bindingdb_scpdb
3ggc,,,Ki,=,3600.0,nM,3.6000000000000003e-06,3600.0,5.443697499232712,3.5563025007672873,,src/data/scPDB 2/3ggc_2/ligand.sdf,src/data/scPDB 2/3ggc_2/site.mol2,bindingdb_scpdb
4o0w,,,Kd,=,20000.0,nM,2e-05,20000.0,4.698970004336019,4.301029995663981,,src/data/scPDB 2/4o0w_1/ligand.sdf,src/data/scPDB 2/4o0w_1/site.mol2,bindingdb_scpdb
4o0u,,,Kd,=,20000.0,nM,2e-05,20000.0,4.698970004336019,4.301029995663981,,src/data/scPDB 2/4o0u_1/ligand.sdf,src/data/scPDB 2/4o0u_1/site.mol2,bindingdb_scpdb
4o0s,,,Kd,=,20000.0,nM,2e-05,20000.0,4.698970004336019,4.301029995663981,,src/data/scPDB 2/4o0s_1/ligand.sdf,src/data/scPDB 2/4o0s_1/site.mol2,bindingdb_scpdb
3uq6,,,Kd,=,20000.0,nM,2e-05,20000.0,4.698970004336019,4.301029995663981,,src/data/scPDB 2/3uq6_2/ligand.sdf,src/data/scPDB 2/3uq6_2/site.mol2,bindingdb_scpdb
3f8w,,,Kd,=,20000.0,nM,2e-05,20000.0,4.698970004336019,4.301029995663981,,src/data/scPDB 2/3f8w_3/ligand.sdf,src/data/scPDB 2/3f8w_3/site.mol2,bindingdb_scpdb
1pk7,,,Kd,=,20000.0,nM,2e-05,20000.0,4.698970004336019,4.301029995663981,,src/data/scPDB 2/1pk7_2/ligand.sdf,src/data/scPDB 2/1pk7_2/site.mol2,bindingdb_scpdb
4ogr,,,Kd,=,20000.0,nM,2e-05,20000.0,4.698970004336019,4.301029995663981,,src/data/scPDB 2/4ogr_2/ligand.sdf,src/data/scPDB 2/4ogr_2/site.mol2,bindingdb_scpdb
2eva,,,Kd,=,20000.0,nM,2e-05,20000.0,4.698970004336019,4.301029995663981,,src/data/scPDB 2/2eva_1/ligand.sdf,src/data/scPDB 2/2eva_1/site.mol2,bindingdb_scpdb
2w03,,,Kd,=,20000.0,nM,2e-05,20000.0,4.698970004336019,4.301029995663981,,src/data/scPDB 2/2w03_2/ligand.sdf,src/data/scPDB 2/2w03_2/site.mol2,bindingdb_scpdb
1lik,,,Kd,=,20000.0,nM,2e-05,20000.0,4.698970004336019,4.301029995663981,,src/data/scPDB 2/1lik_2/ligand.sdf,src/data/scPDB 2/1lik_2/site.mol2,bindingdb_scpdb
2ydo,,,Kd,=,20000.0,nM,2e-05,20000.0,4.698970004336019,4.301029995663981,,src/data/scPDB 2/2ydo_1/ligand.sdf,src/data/scPDB 2/2ydo_1/site.mol2,bindingdb_scpdb
3wdm,,,Kd,=,20000.0,nM,2e-05,20000.0,4.698970004336019,4.301029995663981,,src/data/scPDB 2/3wdm_3/ligand.sdf,src/data/scPDB 2/3wdm_3/site.mol2,bindingdb_scpdb
3qgz,,,Kd,=,20000.0,nM,2e-05,20000.0,4.698970004336019,4.301029995663981,,src/data/scPDB 2/3qgz_1/ligand.sdf,src/data/scPDB 2/3qgz_1/site.mol2,bindingdb_scpdb
3uay,,,Kd,=,20000.0,nM,2e-05,20000.0,4.698970004336019,4.301029995663981,,src/data/scPDB 2/3uay_1/ligand.sdf,src/data/scPDB 2/3uay_1/site.mol2,bindingdb_scpdb
3uaw,,,Kd,=,20000.0,nM,2e-05,20000.0,4.698970004336019,4.301029995663981,,src/data/scPDB 2/3uaw_1/ligand.sdf,src/data/scPDB 2/3uaw_1/site.mol2,bindingdb_scpdb
1yi4,,,Kd,=,20000.0,nM,2e-05,20000.0,4.698970004336019,4.301029995663981,,src/data/scPDB 2/1yi4_1/ligand.sdf,src/data/scPDB 2/1yi4_1/site.mol2,bindingdb_scpdb
2b82,,,Kd,=,20000.0,nM,2e-05,20000.0,4.698970004336019,4.301029995663981,,src/data/scPDB 2/2b82_1/ligand.sdf,src/data/scPDB 2/2b82_1/site.mol2,bindingdb_scpdb
4dc3,,,Kd,=,20000.0,nM,2e-05,20000.0,4.698970004336019,4.301029995663981,,src/data/scPDB 2/4dc3_2/ligand.sdf,src/data/scPDB 2/4dc3_2/site.mol2,bindingdb_scpdb
3grv,,,Kd,=,20000.0,nM,2e-05,20000.0,4.698970004336019,4.301029995663981,,src/data/scPDB 2/3grv_1/ligand.sdf,src/data/scPDB 2/3grv_1/site.mol2,bindingdb_scpdb
2pkm,,,Kd,=,20000.0,nM,2e-05,20000.0,4.698970004336019,4.301029995663981,,src/data/scPDB 2/2pkm_1/ligand.sdf,src/data/scPDB 2/2pkm_1/site.mol2,bindingdb_scpdb
4x3m,,,Kd,=,20000.0,nM,2e-05,20000.0,4.698970004336019,4.301029995663981,,src/data/scPDB 2/4x3m_1/ligand.sdf,src/data/scPDB 2/4x3m_1/site.mol2,bindingdb_scpdb
1jdv,,,Kd,=,20000.0,nM,2e-05,20000.0,4.698970004336019,4.301029995663981,,src/data/scPDB 2/1jdv_3/ligand.sdf,src/data/scPDB 2/1jdv_3/site.mol2,bindingdb_scpdb
3vaq,,,Kd,=,20000.0,nM,2e-05,20000.0,4.698970004336019,4.301029995663981,,src/data/scPDB 2/3vaq_1/ligand.sdf,src/data/scPDB 2/3vaq_1/site.mol2,bindingdb_scpdb
3o0q,,,Kd,=,20000.0,nM,2e-05,20000.0,4.698970004336019,4.301029995663981,,src/data/scPDB 2/3o0q_2/ligand.sdf,src/data/scPDB 2/3o0q_2/site.mol2,bindingdb_scpdb
1ho5,,,Kd,=,20000.0,nM,2e-05,20000.0,4.698970004336019,4.301029995663981,,src/data/scPDB 2/1ho5_2/ligand.sdf,src/data/scPDB 2/1ho5_2/site.mol2,bindingdb_scpdb
1kie,,,Ki,=,461.0,nM,4.61e-07,461.0,6.336299074610352,2.663700925389648,,src/data/scPDB 2/1kie_2/ligand.sdf,src/data/scPDB 2/1kie_2/site.mol2,bindingdb_scpdb
4pb1,,,Ki,=,7410.0,nM,7.41e-06,7410.0,5.130181792020672,3.869818207979328,,src/data/scPDB 2/4pb1_1/ligand.sdf,src/data/scPDB 2/4pb1_1/site.mol2,bindingdb_scpdb
3sfu,,,Ki,=,7410.0,nM,7.41e-06,7410.0,5.130181792020672,3.869818207979328,,src/data/scPDB 2/3sfu_3/ligand.sdf,src/data/scPDB 2/3sfu_3/site.mol2,bindingdb_scpdb
5ajq,,,Kd,=,30.0,nM,3.0000000000000004e-08,30.0,7.522878745280337,1.4771212547196624,,src/data/scPDB 2/5ajq_1/ligand.sdf,src/data/scPDB 2/5ajq_1/site.mol2,bindingdb_scpdb
4mxo,,,Kd,=,30.0,nM,3.0000000000000004e-08,30.0,7.522878745280337,1.4771212547196624,,src/data/scPDB 2/4mxo_1/ligand.sdf,src/data/scPDB 2/4mxo_1/site.mol2,bindingdb_scpdb
4mxx,,,Kd,=,30.0,nM,3.0000000000000004e-08,30.0,7.522878745280337,1.4771212547196624,,src/data/scPDB 2/4mxx_1/ligand.sdf,src/data/scPDB 2/4mxx_1/site.mol2,bindingdb_scpdb
3ue4,,,Kd,=,30.0,nM,3.0000000000000004e-08,30.0,7.522878745280337,1.4771212547196624,,src/data/scPDB 2/3ue4_1/ligand.sdf,src/data/scPDB 2/3ue4_1/site.mol2,bindingdb_scpdb
4qmn,,,Kd,=,30.0,nM,3.0000000000000004e-08,30.0,7.522878745280337,1.4771212547196624,,src/data/scPDB 2/4qmn_1/ligand.sdf,src/data/scPDB 2/4qmn_1/site.mol2,bindingdb_scpdb
2h8h,,,Kd,=,338.0,nM,3.3800000000000004e-07,338.0,6.471083299722345,2.5289167002776547,,src/data/scPDB 2/2h8h_1/ligand.sdf,src/data/scPDB 2/2h8h_1/site.mol2,bindingdb_scpdb
4qmx,,,Kd,=,338.0,nM,3.3800000000000004e-07,338.0,6.471083299722345,2.5289167002776547,,src/data/scPDB 2/4qmx_1/ligand.sdf,src/data/scPDB 2/4qmx_1/site.mol2,bindingdb_scpdb
3cs9,,,Kd,=,415.0,nM,4.1500000000000005e-07,415.0,6.3819519032879075,2.6180480967120925,,src/data/scPDB 2/3cs9_1/ligand.sdf,src/data/scPDB 2/3cs9_1/site.mol2,bindingdb_scpdb
2wih,,,Kd,=,672.0,nM,6.720000000000001e-07,672.0,6.172630726946174,2.8273692730538253,,src/data/scPDB 2/2wih_2/ligand.sdf,src/data/scPDB 2/2wih_2/site.mol2,bindingdb_scpdb
4ans,,,Kd,=,772.0,nM,7.720000000000001e-07,772.0,6.1123826996642645,2.887617300335736,,src/data/scPDB 2/4ans_1/ligand.sdf,src/data/scPDB 2/4ans_1/site.mol2,bindingdb_scpdb
4gk2,,,Kd,=,19.0,nM,1.9e-08,19.0,7.721246399047171,1.2787536009528289,,src/data/scPDB 2/4gk2_1/ligand.sdf,src/data/scPDB 2/4gk2_1/site.mol2,bindingdb_scpdb
1m52,,,Kd,=,46.0,nM,4.6e-08,46.0,7.337242168318426,1.662757831681574,,src/data/scPDB 2/1m52_2/ligand.sdf,src/data/scPDB 2/1m52_2/site.mol2,bindingdb_scpdb
2dkh,,,Kd,=,48000.0,nM,4.8e-05,48000.0,4.318758762624412,4.681241237375588,,src/data/scPDB 2/2dkh_1/ligand.sdf,src/data/scPDB 2/2dkh_1/site.mol2,bindingdb_scpdb
1t64,,,Kd,=,12.1,nM,1.21e-08,12.1,7.91721462968355,1.08278537031645,,src/data/scPDB 2/1t64_2/ligand.sdf,src/data/scPDB 2/1t64_2/site.mol2,bindingdb_scpdb
5d1b,,,Kd,=,12.1,nM,1.21e-08,12.1,7.91721462968355,1.08278537031645,,src/data/scPDB 2/5d1b_2/ligand.sdf,src/data/scPDB 2/5d1b_2/site.mol2,bindingdb_scpdb
1c3r,,,Kd,=,12.1,nM,1.21e-08,12.1,7.91721462968355,1.08278537031645,,src/data/scPDB 2/1c3r_1/ligand.sdf,src/data/scPDB 2/1c3r_1/site.mol2,bindingdb_scpdb
3c10,,,Kd,=,12.1,nM,1.21e-08,12.1,7.91721462968355,1.08278537031645,,src/data/scPDB 2/3c10_3/ligand.sdf,src/data/scPDB 2/3c10_3/site.mol2,bindingdb_scpdb
3oum,,,Ki,=,5820.0,nM,5.82e-06,5820.0,5.235077015350111,3.7649229846498886,,src/data/scPDB 2/3oum_1/ligand.sdf,src/data/scPDB 2/3oum_1/site.mol2,bindingdb_scpdb
3zg2,,,Kd,=,19.0,nM,1.9e-08,19.0,7.721246399047171,1.2787536009528289,,src/data/scPDB 2/3zg2_1/ligand.sdf,src/data/scPDB 2/3zg2_1/site.mol2,bindingdb_scpdb
3gw9,,,Kd,=,15.0,nM,1.5000000000000002e-08,15.0,7.823908740944319,1.1760912590556813,,src/data/scPDB 2/3gw9_4/ligand.sdf,src/data/scPDB 2/3gw9_4/site.mol2,bindingdb_scpdb
4uyl,,,Kd,=,15.0,nM,1.5000000000000002e-08,15.0,7.823908740944319,1.1760912590556813,,src/data/scPDB 2/4uyl_1/ligand.sdf,src/data/scPDB 2/4uyl_1/site.mol2,bindingdb_scpdb
3gfd,,,Kd,=,90.0,nM,9.000000000000001e-08,90.0,7.045757490560675,1.954242509439325,,src/data/scPDB 2/3gfd_1/ligand.sdf,src/data/scPDB 2/3gfd_1/site.mol2,bindingdb_scpdb
1p2y,,,Ki,=,1.5,nM,1.5000000000000002e-09,1.5,8.823908740944319,0.17609125905568124,,src/data/scPDB 2/1p2y_1/ligand.sdf,src/data/scPDB 2/1p2y_1/site.mol2,bindingdb_scpdb
4ejg,,,Ki,=,1.5,nM,1.5000000000000002e-09,1.5,8.823908740944319,0.17609125905568124,,src/data/scPDB 2/4ejg_3/ligand.sdf,src/data/scPDB 2/4ejg_3/site.mol2,bindingdb_scpdb
1p7r,,,Ki,=,1.5,nM,1.5000000000000002e-09,1.5,8.823908740944319,0.17609125905568124,,src/data/scPDB 2/1p7r_1/ligand.sdf,src/data/scPDB 2/1p7r_1/site.mol2,bindingdb_scpdb
4ejj,,,Ki,=,1.5,nM,1.5000000000000002e-09,1.5,8.823908740944319,0.17609125905568124,,src/data/scPDB 2/4ejj_4/ligand.sdf,src/data/scPDB 2/4ejj_4/site.mol2,bindingdb_scpdb
4u7g,,,Ki,=,680.0,nM,6.800000000000001e-07,680.0,6.167491087293763,2.832508912706236,,src/data/scPDB 2/4u7g_2/ligand.sdf,src/data/scPDB 2/4u7g_2/site.mol2,bindingdb_scpdb
1b8u,,,Ki,=,441000.0,nM,0.00044100000000000004,441000.0,3.355561410532162,5.644438589467838,,src/data/scPDB 2/1b8u_1/ligand.sdf,src/data/scPDB 2/1b8u_1/site.mol2,bindingdb_scpdb
1kf6,,,Ki,=,441000.0,nM,0.00044100000000000004,441000.0,3.355561410532162,5.644438589467838,,src/data/scPDB 2/1kf6_1/ligand.sdf,src/data/scPDB 2/1kf6_1/site.mol2,bindingdb_scpdb
1nas,,,Ki,=,441000.0,nM,0.00044100000000000004,441000.0,3.355561410532162,5.644438589467838,,src/data/scPDB 2/1nas_1/ligand.sdf,src/data/scPDB 2/1nas_1/site.mol2,bindingdb_scpdb
1nen,,,Ki,=,441000.0,nM,0.00044100000000000004,441000.0,3.355561410532162,5.644438589467838,,src/data/scPDB 2/1nen_1/ligand.sdf,src/data/scPDB 2/1nen_1/site.mol2,bindingdb_scpdb
1oaa,,,Ki,=,441000.0,nM,0.00044100000000000004,441000.0,3.355561410532162,5.644438589467838,,src/data/scPDB 2/1oaa_1/ligand.sdf,src/data/scPDB 2/1oaa_1/site.mol2,bindingdb_scpdb
2qf2,,,Ki,=,441000.0,nM,0.00044100000000000004,441000.0,3.355561410532162,5.644438589467838,,src/data/scPDB 2/2qf2_1/ligand.sdf,src/data/scPDB 2/2qf2_1/site.mol2,bindingdb_scpdb
5cts,,,Ki,=,441000.0,nM,0.00044100000000000004,441000.0,3.355561410532162,5.644438589467838,,src/data/scPDB 2/5cts_1/ligand.sdf,src/data/scPDB 2/5cts_1/site.mol2,bindingdb_scpdb
2gmv,,,Ki,=,289000.0,nM,0.00028900000000000003,289000.0,3.539102157243452,5.460897842756548,,src/data/scPDB 2/2gmv_2/ligand.sdf,src/data/scPDB 2/2gmv_2/site.mol2,bindingdb_scpdb
1xuz,,,Ki,=,289000.0,nM,0.00028900000000000003,289000.0,3.539102157243452,5.460897842756548,,src/data/scPDB 2/1xuz_1/ligand.sdf,src/data/scPDB 2/1xuz_1/site.mol2,bindingdb_scpdb
1g7u,,,Ki,=,289000.0,nM,0.00028900000000000003,289000.0,3.539102157243452,5.460897842756548,,src/data/scPDB 2/1g7u_1/ligand.sdf,src/data/scPDB 2/1g7u_1/site.mol2,bindingdb_scpdb
2nx3,,,Ki,=,289000.0,nM,0.00028900000000000003,289000.0,3.539102157243452,5.460897842756548,,src/data/scPDB 2/2nx3_7/ligand.sdf,src/data/scPDB 2/2nx3_7/site.mol2,bindingdb_scpdb
1t8x,,,Ki,=,289000.0,nM,0.00028900000000000003,289000.0,3.539102157243452,5.460897842756548,,src/data/scPDB 2/1t8x_1/ligand.sdf,src/data/scPDB 2/1t8x_1/site.mol2,bindingdb_scpdb
1kfl,,,Ki,=,289000.0,nM,0.00028900000000000003,289000.0,3.539102157243452,5.460897842756548,,src/data/scPDB 2/1kfl_6/ligand.sdf,src/data/scPDB 2/1kfl_6/site.mol2,bindingdb_scpdb
4wpu,,,Ki,=,289000.0,nM,0.00028900000000000003,289000.0,3.539102157243452,5.460897842756548,,src/data/scPDB 2/4wpu_2/ligand.sdf,src/data/scPDB 2/4wpu_2/site.mol2,bindingdb_scpdb
1zha,,,Ki,=,289000.0,nM,0.00028900000000000003,289000.0,3.539102157243452,5.460897842756548,,src/data/scPDB 2/1zha_1/ligand.sdf,src/data/scPDB 2/1zha_1/site.mol2,bindingdb_scpdb
3cl2,,,Ki,=,1770.0,nM,1.7700000000000002e-06,1770.0,5.752026733638193,3.247973266361807,,src/data/scPDB 2/3cl2_8/ligand.sdf,src/data/scPDB 2/3cl2_8/site.mol2,bindingdb_scpdb
1gsn,,,Kd,=,1580.0,nM,1.5800000000000001e-06,1580.0,5.801342913045577,3.1986570869544226,,src/data/scPDB 2/1gsn_1/ligand.sdf,src/data/scPDB 2/1gsn_1/site.mol2,bindingdb_scpdb
2io9,,,Kd,=,1580.0,nM,1.5800000000000001e-06,1580.0,5.801342913045577,3.1986570869544226,,src/data/scPDB 2/2io9_2/ligand.sdf,src/data/scPDB 2/2io9_2/site.mol2,bindingdb_scpdb
2imf,,,Kd,=,1580.0,nM,1.5800000000000001e-06,1580.0,5.801342913045577,3.1986570869544226,,src/data/scPDB 2/2imf_1/ligand.sdf,src/data/scPDB 2/2imf_1/site.mol2,bindingdb_scpdb
3dk8,,,Kd,=,1580.0,nM,1.5800000000000001e-06,1580.0,5.801342913045577,3.1986570869544226,,src/data/scPDB 2/3dk8_1/ligand.sdf,src/data/scPDB 2/3dk8_1/site.mol2,bindingdb_scpdb
1v40,,,Kd,=,1580.0,nM,1.5800000000000001e-06,1580.0,5.801342913045577,3.1986570869544226,,src/data/scPDB 2/1v40_1/ligand.sdf,src/data/scPDB 2/1v40_1/site.mol2,bindingdb_scpdb
3dk4,,,Kd,=,1580.0,nM,1.5800000000000001e-06,1580.0,5.801342913045577,3.1986570869544226,,src/data/scPDB 2/3dk4_1/ligand.sdf,src/data/scPDB 2/3dk4_1/site.mol2,bindingdb_scpdb
2vcx,,,Kd,=,1580.0,nM,1.5800000000000001e-06,1580.0,5.801342913045577,3.1986570869544226,,src/data/scPDB 2/2vcx_2/ligand.sdf,src/data/scPDB 2/2vcx_2/site.mol2,bindingdb_scpdb
2vcz,,,Kd,=,1580.0,nM,1.5800000000000001e-06,1580.0,5.801342913045577,3.1986570869544226,,src/data/scPDB 2/2vcz_1/ligand.sdf,src/data/scPDB 2/2vcz_1/site.mol2,bindingdb_scpdb
2vcw,,,Kd,=,1580.0,nM,1.5800000000000001e-06,1580.0,5.801342913045577,3.1986570869544226,,src/data/scPDB 2/2vcw_1/ligand.sdf,src/data/scPDB 2/2vcw_1/site.mol2,bindingdb_scpdb
3vi5,,,Kd,=,1580.0,nM,1.5800000000000001e-06,1580.0,5.801342913045577,3.1986570869544226,,src/data/scPDB 2/3vi5_1/ligand.sdf,src/data/scPDB 2/3vi5_1/site.mol2,bindingdb_scpdb
1k0a,,,Kd,=,1580.0,nM,1.5800000000000001e-06,1580.0,5.801342913045577,3.1986570869544226,,src/data/scPDB 2/1k0a_1/ligand.sdf,src/data/scPDB 2/1k0a_1/site.mol2,bindingdb_scpdb
1k0c,,,Kd,=,1580.0,nM,1.5800000000000001e-06,1580.0,5.801342913045577,3.1986570869544226,,src/data/scPDB 2/1k0c_3/ligand.sdf,src/data/scPDB 2/1k0c_3/site.mol2,bindingdb_scpdb
1typ,,,Kd,=,1580.0,nM,1.5800000000000001e-06,1580.0,5.801342913045577,3.1986570869544226,,src/data/scPDB 2/1typ_1/ligand.sdf,src/data/scPDB 2/1typ_1/site.mol2,bindingdb_scpdb
2dsa,,,Kd,=,1580.0,nM,1.5800000000000001e-06,1580.0,5.801342913045577,3.1986570869544226,,src/data/scPDB 2/2dsa_3/ligand.sdf,src/data/scPDB 2/2dsa_3/site.mol2,bindingdb_scpdb
1b48,,,Kd,=,1580.0,nM,1.5800000000000001e-06,1580.0,5.801342913045577,3.1986570869544226,,src/data/scPDB 2/1b48_1/ligand.sdf,src/data/scPDB 2/1b48_1/site.mol2,bindingdb_scpdb
1zhp,,,Kd,=,1580.0,nM,1.5800000000000001e-06,1580.0,5.801342913045577,3.1986570869544226,,src/data/scPDB 2/1zhp_1/ligand.sdf,src/data/scPDB 2/1zhp_1/site.mol2,bindingdb_scpdb
3gur,,,Kd,=,1580.0,nM,1.5800000000000001e-06,1580.0,5.801342913045577,3.1986570869544226,,src/data/scPDB 2/3gur_2/ligand.sdf,src/data/scPDB 2/3gur_2/site.mol2,bindingdb_scpdb
3bjw,,,Ki,=,25.0,nM,2.5000000000000002e-08,25.0,7.6020599913279625,1.3979400086720377,,src/data/scPDB 2/3bjw_1/ligand.sdf,src/data/scPDB 2/3bjw_1/site.mol2,bindingdb_scpdb
1y4l,,,Ki,=,25.0,nM,2.5000000000000002e-08,25.0,7.6020599913279625,1.3979400086720377,,src/data/scPDB 2/1y4l_1/ligand.sdf,src/data/scPDB 2/1y4l_1/site.mol2,bindingdb_scpdb
3gan,,,Ki,=,25.0,nM,2.5000000000000002e-08,25.0,7.6020599913279625,1.3979400086720377,,src/data/scPDB 2/3gan_1/ligand.sdf,src/data/scPDB 2/3gan_1/site.mol2,bindingdb_scpdb
4j4v,,,Ki,=,25.0,nM,2.5000000000000002e-08,25.0,7.6020599913279625,1.3979400086720377,,src/data/scPDB 2/4j4v_3/ligand.sdf,src/data/scPDB 2/4j4v_3/site.mol2,bindingdb_scpdb
1aky,,,Kd,=,52000.0,nM,5.2000000000000004e-05,52000.0,4.2839966563652006,4.7160033436347994,,src/data/scPDB 2/1aky_2/ligand.sdf,src/data/scPDB 2/1aky_2/site.mol2,bindingdb_scpdb
1fi7,,,Kd,=,52000.0,nM,5.2000000000000004e-05,52000.0,4.2839966563652006,4.7160033436347994,,src/data/scPDB 2/1fi7_1/ligand.sdf,src/data/scPDB 2/1fi7_1/site.mol2,bindingdb_scpdb
1weg,,,Kd,=,52000.0,nM,5.2000000000000004e-05,52000.0,4.2839966563652006,4.7160033436347994,,src/data/scPDB 2/1weg_1/ligand.sdf,src/data/scPDB 2/1weg_1/site.mol2,bindingdb_scpdb
2dkk,,,Kd,=,52000.0,nM,5.2000000000000004e-05,52000.0,4.2839966563652006,4.7160033436347994,,src/data/scPDB 2/2dkk_1/ligand.sdf,src/data/scPDB 2/2dkk_1/site.mol2,bindingdb_scpdb
2go3,,,Kd,=,52000.0,nM,5.2000000000000004e-05,52000.0,4.2839966563652006,4.7160033436347994,,src/data/scPDB 2/2go3_2/ligand.sdf,src/data/scPDB 2/2go3_2/site.mol2,bindingdb_scpdb
2hrc,,,Kd,=,52000.0,nM,5.2000000000000004e-05,52000.0,4.2839966563652006,4.7160033436347994,,src/data/scPDB 2/2hrc_2/ligand.sdf,src/data/scPDB 2/2hrc_2/site.mol2,bindingdb_scpdb
2npd,,,Kd,=,52000.0,nM,5.2000000000000004e-05,52000.0,4.2839966563652006,4.7160033436347994,,src/data/scPDB 2/2npd_1/ligand.sdf,src/data/scPDB 2/2npd_1/site.mol2,bindingdb_scpdb
2o65,,,Kd,=,52000.0,nM,5.2000000000000004e-05,52000.0,4.2839966563652006,4.7160033436347994,,src/data/scPDB 2/2o65_2/ligand.sdf,src/data/scPDB 2/2o65_2/site.mol2,bindingdb_scpdb
2z3t,,,Kd,=,52000.0,nM,5.2000000000000004e-05,52000.0,4.2839966563652006,4.7160033436347994,,src/data/scPDB 2/2z3t_4/ligand.sdf,src/data/scPDB 2/2z3t_4/site.mol2,bindingdb_scpdb
3aky,,,Kd,=,52000.0,nM,5.2000000000000004e-05,52000.0,4.2839966563652006,4.7160033436347994,,src/data/scPDB 2/3aky_1/ligand.sdf,src/data/scPDB 2/3aky_1/site.mol2,bindingdb_scpdb
4fkl,,,Kd,=,30300.0,nM,3.03e-05,30300.0,4.518557371497695,4.481442628502305,,src/data/scPDB 2/4fkl_1/ligand.sdf,src/data/scPDB 2/4fkl_1/site.mol2,bindingdb_scpdb
4ek8,,,Kd,=,72.7,nM,7.270000000000001e-08,72.7,7.138465589140962,1.861534410859038,,src/data/scPDB 2/4ek8_1/ligand.sdf,src/data/scPDB 2/4ek8_1/site.mol2,bindingdb_scpdb
3sw7,,,Kd,=,61.7,nM,6.17e-08,61.7,7.209714835966758,1.7902851640332418,,src/data/scPDB 2/3sw7_1/ligand.sdf,src/data/scPDB 2/3sw7_1/site.mol2,bindingdb_scpdb
1ke9,,,Kd,=,210.0,nM,2.1e-07,210.0,6.6777807052660805,2.322219294733919,,src/data/scPDB 2/1ke9_1/ligand.sdf,src/data/scPDB 2/1ke9_1/site.mol2,bindingdb_scpdb
4fkp,,,Kd,=,210.0,nM,2.1e-07,210.0,6.6777807052660805,2.322219294733919,,src/data/scPDB 2/4fkp_1/ligand.sdf,src/data/scPDB 2/4fkp_1/site.mol2,bindingdb_scpdb
4fkq,,,Kd,=,191.0,nM,1.91e-07,191.0,6.718966632752272,2.2810333672477277,,src/data/scPDB 2/4fkq_1/ligand.sdf,src/data/scPDB 2/4fkq_1/site.mol2,bindingdb_scpdb
4fkr,,,Kd,=,35.8,nM,3.5799999999999996e-08,35.8,7.446116973356125,1.5538830266438743,,src/data/scPDB 2/4fkr_1/ligand.sdf,src/data/scPDB 2/4fkr_1/site.mol2,bindingdb_scpdb
4fkv,,,Kd,=,82.2,nM,8.220000000000001e-08,82.2,7.0851281824599495,1.9148718175400503,,src/data/scPDB 2/4fkv_1/ligand.sdf,src/data/scPDB 2/4fkv_1/site.mol2,bindingdb_scpdb
4fkw,,,Kd,=,47.3,nM,4.73e-08,47.3,7.325138859262188,1.6748611407378116,,src/data/scPDB 2/4fkw_1/ligand.sdf,src/data/scPDB 2/4fkw_1/site.mol2,bindingdb_scpdb
4fsm,,,Ki,=,23.9,nM,2.39e-08,23.9,7.621602099051862,1.3783979009481377,,src/data/scPDB 2/4fsm_1/ligand.sdf,src/data/scPDB 2/4fsm_1/site.mol2,bindingdb_scpdb
4fsz,,,Ki,=,106.0,nM,1.0600000000000001e-07,106.0,6.97469413473523,2.0253058652647704,,src/data/scPDB 2/4fsz_1/ligand.sdf,src/data/scPDB 2/4fsz_1/site.mol2,bindingdb_scpdb
4ft7,,,Ki,=,1.36,nM,1.3600000000000003e-09,1.36,8.866461091629782,0.13353890837021754,,src/data/scPDB 2/4ft7_1/ligand.sdf,src/data/scPDB 2/4ft7_1/site.mol2,bindingdb_scpdb
4fti,,,Ki,=,390.0,nM,3.9e-07,390.0,6.4089353929735005,2.591064607026499,,src/data/scPDB 2/4fti_1/ligand.sdf,src/data/scPDB 2/4fti_1/site.mol2,bindingdb_scpdb
4ft0,,,Ki,=,76.8,nM,7.68e-08,76.8,7.114638779968488,1.885361220031512,,src/data/scPDB 2/4ft0_1/ligand.sdf,src/data/scPDB 2/4ft0_1/site.mol2,bindingdb_scpdb
4ftr,,,Ki,=,5.79,nM,5.79e-09,5.79,8.237321436272564,0.7626785637274363,,src/data/scPDB 2/4ftr_1/ligand.sdf,src/data/scPDB 2/4ftr_1/site.mol2,bindingdb_scpdb
4ftc,,,Ki,=,23.2,nM,2.32e-08,23.2,7.634512015109101,1.3654879848908996,,src/data/scPDB 2/4ftc_1/ligand.sdf,src/data/scPDB 2/4ftc_1/site.mol2,bindingdb_scpdb
4ftk,,,Ki,=,5.9,nM,5.900000000000001e-09,5.9,8.229147988357855,0.7708520116421442,,src/data/scPDB 2/4ftk_1/ligand.sdf,src/data/scPDB 2/4ftk_1/site.mol2,bindingdb_scpdb
4ftl,,,Ki,=,4.4,nM,4.4000000000000005e-09,4.4,8.356547323513812,0.6434526764861874,,src/data/scPDB 2/4ftl_1/ligand.sdf,src/data/scPDB 2/4ftl_1/site.mol2,bindingdb_scpdb
4fst,,,Ki,=,5.22,nM,5.22e-09,5.22,8.282329496997738,0.7176705030022621,,src/data/scPDB 2/4fst_1/ligand.sdf,src/data/scPDB 2/4fst_1/site.mol2,bindingdb_scpdb
4g6n,,,Ki,=,5248.1,nM,5.248100000000001e-06,5248.1,5.279997898282849,3.720002101717151,,src/data/scPDB 2/4g6n_1/ligand.sdf,src/data/scPDB 2/4g6n_1/site.mol2,bindingdb_scpdb
4fux,,,Ki,=,1000.0,nM,1.0000000000000002e-06,1000.0,6.0,3.0,,src/data/scPDB 2/4fux_1/ligand.sdf,src/data/scPDB 2/4fux_1/site.mol2,bindingdb_scpdb
4fuy,,,Ki,=,812.8,nM,8.128e-07,812.8,6.090016305060156,2.909983694939844,,src/data/scPDB 2/4fuy_1/ligand.sdf,src/data/scPDB 2/4fuy_1/site.mol2,bindingdb_scpdb
4fv0,,,Ki,=,2570.4,nM,2.5704000000000004e-06,2570.4,5.589999287456538,3.4100007125434617,,src/data/scPDB 2/4fv0_1/ligand.sdf,src/data/scPDB 2/4fv0_1/site.mol2,bindingdb_scpdb
4fv4,,,Ki,=,39.8,nM,3.98e-08,39.8,7.400116927926312,1.5998830720736879,,src/data/scPDB 2/4fv4_1/ligand.sdf,src/data/scPDB 2/4fv4_1/site.mol2,bindingdb_scpdb
4fv6,,,Ki,=,2.0,nM,2e-09,2.0,8.698970004336019,0.3010299956639812,,src/data/scPDB 2/4fv6_1/ligand.sdf,src/data/scPDB 2/4fv6_1/site.mol2,bindingdb_scpdb
3p3e,,,Kd,=,8.35,nM,8.35e-09,8.35,8.078313524516398,0.921686475483602,,src/data/scPDB 2/3p3e_1/ligand.sdf,src/data/scPDB 2/3p3e_1/site.mol2,bindingdb_scpdb
3cgy,,,Kd,=,18600.0,nM,1.86e-05,18600.0,4.730487055782084,4.269512944217916,,src/data/scPDB 2/3cgy_1/ligand.sdf,src/data/scPDB 2/3cgy_1/site.mol2,bindingdb_scpdb
2hkj,,,Kd,=,18600.0,nM,1.86e-05,18600.0,4.730487055782084,4.269512944217916,,src/data/scPDB 2/2hkj_1/ligand.sdf,src/data/scPDB 2/2hkj_1/site.mol2,bindingdb_scpdb
4j7x,,,Kd,=,9000.0,nM,9e-06,9000.0,5.045757490560675,3.9542425094393248,,src/data/scPDB 2/4j7x_5/ligand.sdf,src/data/scPDB 2/4j7x_5/site.mol2,bindingdb_scpdb
4uzq,,,Ki,=,1360.0,nM,1.3600000000000001e-06,1360.0,5.866461091629782,3.1335389083702174,,src/data/scPDB 2/4uzq_1/ligand.sdf,src/data/scPDB 2/4uzq_1/site.mol2,bindingdb_scpdb
2pf8,,,Kd,=,16.0,nM,1.6e-08,16.0,7.795880017344075,1.2041199826559248,,src/data/scPDB 2/2pf8_1/ligand.sdf,src/data/scPDB 2/2pf8_1/site.mol2,bindingdb_scpdb
4gab,,,Kd,=,16.0,nM,1.6e-08,16.0,7.795880017344075,1.2041199826559248,,src/data/scPDB 2/4gab_1/ligand.sdf,src/data/scPDB 2/4gab_1/site.mol2,bindingdb_scpdb
1pwm,,,Kd,=,16.0,nM,1.6e-08,16.0,7.795880017344075,1.2041199826559248,,src/data/scPDB 2/1pwm_1/ligand.sdf,src/data/scPDB 2/1pwm_1/site.mol2,bindingdb_scpdb
1ef3,,,Kd,=,16.0,nM,1.6e-08,16.0,7.795880017344075,1.2041199826559248,,src/data/scPDB 2/1ef3_1/ligand.sdf,src/data/scPDB 2/1ef3_1/site.mol2,bindingdb_scpdb
2pzn,,,Kd,=,14.0,nM,1.4000000000000001e-08,14.0,7.853871964321762,1.146128035678238,,src/data/scPDB 2/2pzn_1/ligand.sdf,src/data/scPDB 2/2pzn_1/site.mol2,bindingdb_scpdb
3m64,,,Kd,=,14.0,nM,1.4000000000000001e-08,14.0,7.853871964321762,1.146128035678238,,src/data/scPDB 2/3m64_1/ligand.sdf,src/data/scPDB 2/3m64_1/site.mol2,bindingdb_scpdb
2pdp,,,Kd,=,14.0,nM,1.4000000000000001e-08,14.0,7.853871964321762,1.146128035678238,,src/data/scPDB 2/2pdp_1/ligand.sdf,src/data/scPDB 2/2pdp_1/site.mol2,bindingdb_scpdb
2ikj,,,Kd,=,14.0,nM,1.4000000000000001e-08,14.0,7.853871964321762,1.146128035678238,,src/data/scPDB 2/2ikj_1/ligand.sdf,src/data/scPDB 2/2ikj_1/site.mol2,bindingdb_scpdb
3a3y,,,Ki,=,97.0,nM,9.700000000000001e-08,97.0,7.013228265733755,1.9867717342662448,,src/data/scPDB 2/3a3y_2/ligand.sdf,src/data/scPDB 2/3a3y_2/site.mol2,bindingdb_scpdb
1df7,,,Ki,=,136700.0,nM,0.00013670000000000002,136700.0,3.8642314854321773,5.135768514567823,,src/data/scPDB 2/1df7_1/ligand.sdf,src/data/scPDB 2/1df7_1/site.mol2,bindingdb_scpdb
3tq9,,,Ki,=,136700.0,nM,0.00013670000000000002,136700.0,3.8642314854321773,5.135768514567823,,src/data/scPDB 2/3tq9_1/ligand.sdf,src/data/scPDB 2/3tq9_1/site.mol2,bindingdb_scpdb
1u70,,,Ki,=,136700.0,nM,0.00013670000000000002,136700.0,3.8642314854321773,5.135768514567823,,src/data/scPDB 2/1u70_1/ligand.sdf,src/data/scPDB 2/1u70_1/site.mol2,bindingdb_scpdb
1rg7,,,Ki,=,136700.0,nM,0.00013670000000000002,136700.0,3.8642314854321773,5.135768514567823,,src/data/scPDB 2/1rg7_1/ligand.sdf,src/data/scPDB 2/1rg7_1/site.mol2,bindingdb_scpdb
3dfr,,,Ki,=,136700.0,nM,0.00013670000000000002,136700.0,3.8642314854321773,5.135768514567823,,src/data/scPDB 2/3dfr_1/ligand.sdf,src/data/scPDB 2/3dfr_1/site.mol2,bindingdb_scpdb
2qk8,,,Ki,=,136700.0,nM,0.00013670000000000002,136700.0,3.8642314854321773,5.135768514567823,,src/data/scPDB 2/2qk8_1/ligand.sdf,src/data/scPDB 2/2qk8_1/site.mol2,bindingdb_scpdb
3drc,,,Ki,=,136700.0,nM,0.00013670000000000002,136700.0,3.8642314854321773,5.135768514567823,,src/data/scPDB 2/3drc_1/ligand.sdf,src/data/scPDB 2/3drc_1/site.mol2,bindingdb_scpdb
1axw,,,Ki,=,136700.0,nM,0.00013670000000000002,136700.0,3.8642314854321773,5.135768514567823,,src/data/scPDB 2/1axw_2/ligand.sdf,src/data/scPDB 2/1axw_2/site.mol2,bindingdb_scpdb
1dls,,,Ki,=,136700.0,nM,0.00013670000000000002,136700.0,3.8642314854321773,5.135768514567823,,src/data/scPDB 2/1dls_1/ligand.sdf,src/data/scPDB 2/1dls_1/site.mol2,bindingdb_scpdb
1rb3,,,Ki,=,136700.0,nM,0.00013670000000000002,136700.0,3.8642314854321773,5.135768514567823,,src/data/scPDB 2/1rb3_1/ligand.sdf,src/data/scPDB 2/1rb3_1/site.mol2,bindingdb_scpdb
1dds,,,Ki,=,136700.0,nM,0.00013670000000000002,136700.0,3.8642314854321773,5.135768514567823,,src/data/scPDB 2/1dds_2/ligand.sdf,src/data/scPDB 2/1dds_2/site.mol2,bindingdb_scpdb
1rh3,,,Ki,=,136700.0,nM,0.00013670000000000002,136700.0,3.8642314854321773,5.135768514567823,,src/data/scPDB 2/1rh3_1/ligand.sdf,src/data/scPDB 2/1rh3_1/site.mol2,bindingdb_scpdb
3ix9,,,Ki,=,136700.0,nM,0.00013670000000000002,136700.0,3.8642314854321773,5.135768514567823,,src/data/scPDB 2/3ix9_2/ligand.sdf,src/data/scPDB 2/3ix9_2/site.mol2,bindingdb_scpdb
1ao8,,,Ki,=,136700.0,nM,0.00013670000000000002,136700.0,3.8642314854321773,5.135768514567823,,src/data/scPDB 2/1ao8_1/ligand.sdf,src/data/scPDB 2/1ao8_1/site.mol2,bindingdb_scpdb
4p66,,,Ki,=,136700.0,nM,0.00013670000000000002,136700.0,3.8642314854321773,5.135768514567823,,src/data/scPDB 2/4p66_1/ligand.sdf,src/data/scPDB 2/4p66_1/site.mol2,bindingdb_scpdb
3dat,,,Ki,=,136700.0,nM,0.00013670000000000002,136700.0,3.8642314854321773,5.135768514567823,,src/data/scPDB 2/3dat_1/ligand.sdf,src/data/scPDB 2/3dat_1/site.mol2,bindingdb_scpdb
3dau,,,Ki,=,136700.0,nM,0.00013670000000000002,136700.0,3.8642314854321773,5.135768514567823,,src/data/scPDB 2/3dau_1/ligand.sdf,src/data/scPDB 2/3dau_1/site.mol2,bindingdb_scpdb
3ia4,,,Ki,=,136700.0,nM,0.00013670000000000002,136700.0,3.8642314854321773,5.135768514567823,,src/data/scPDB 2/3ia4_4/ligand.sdf,src/data/scPDB 2/3ia4_4/site.mol2,bindingdb_scpdb
1p33,,,Ki,=,136700.0,nM,0.00013670000000000002,136700.0,3.8642314854321773,5.135768514567823,,src/data/scPDB 2/1p33_1/ligand.sdf,src/data/scPDB 2/1p33_1/site.mol2,bindingdb_scpdb
1u72,,,Ki,=,136700.0,nM,0.00013670000000000002,136700.0,3.8642314854321773,5.135768514567823,,src/data/scPDB 2/1u72_1/ligand.sdf,src/data/scPDB 2/1u72_1/site.mol2,bindingdb_scpdb
3cd2,,,Ki,=,136700.0,nM,0.00013670000000000002,136700.0,3.8642314854321773,5.135768514567823,,src/data/scPDB 2/3cd2_1/ligand.sdf,src/data/scPDB 2/3cd2_1/site.mol2,bindingdb_scpdb
1zgy,,,Ki,=,8.0,nM,8e-09,8.0,8.096910013008056,0.9030899869919435,,src/data/scPDB 2/1zgy_1/ligand.sdf,src/data/scPDB 2/1zgy_1/site.mol2,bindingdb_scpdb
4ema,,,Ki,=,8.0,nM,8e-09,8.0,8.096910013008056,0.9030899869919435,,src/data/scPDB 2/4ema_1/ligand.sdf,src/data/scPDB 2/4ema_1/site.mol2,bindingdb_scpdb
4xld,,,Ki,=,8.0,nM,8e-09,8.0,8.096910013008056,0.9030899869919435,,src/data/scPDB 2/4xld_1/ligand.sdf,src/data/scPDB 2/4xld_1/site.mol2,bindingdb_scpdb
4o8f,,,Ki,=,8.0,nM,8e-09,8.0,8.096910013008056,0.9030899869919435,,src/data/scPDB 2/4o8f_1/ligand.sdf,src/data/scPDB 2/4o8f_1/site.mol2,bindingdb_scpdb
3roe,,,Ki,=,15400.0,nM,1.54e-05,15400.0,4.812479279163537,4.187520720836463,,src/data/scPDB 2/3roe_3/ligand.sdf,src/data/scPDB 2/3roe_3/site.mol2,bindingdb_scpdb
4ho8,,,Ki,=,15400.0,nM,1.54e-05,15400.0,4.812479279163537,4.187520720836463,,src/data/scPDB 2/4ho8_8/ligand.sdf,src/data/scPDB 2/4ho8_8/site.mol2,bindingdb_scpdb
4ho2,,,Ki,=,15400.0,nM,1.54e-05,15400.0,4.812479279163537,4.187520720836463,,src/data/scPDB 2/4ho2_1/ligand.sdf,src/data/scPDB 2/4ho2_1/site.mol2,bindingdb_scpdb
1p7c,,,Ki,=,15400.0,nM,1.54e-05,15400.0,4.812479279163537,4.187520720836463,,src/data/scPDB 2/1p7c_1/ligand.sdf,src/data/scPDB 2/1p7c_1/site.mol2,bindingdb_scpdb
4hn1,,,Ki,=,15400.0,nM,1.54e-05,15400.0,4.812479279163537,4.187520720836463,,src/data/scPDB 2/4hn1_3/ligand.sdf,src/data/scPDB 2/4hn1_3/site.mol2,bindingdb_scpdb
1e2j,,,Ki,=,15400.0,nM,1.54e-05,15400.0,4.812479279163537,4.187520720836463,,src/data/scPDB 2/1e2j_2/ligand.sdf,src/data/scPDB 2/1e2j_2/site.mol2,bindingdb_scpdb
3n2i,,,Ki,=,15400.0,nM,1.54e-05,15400.0,4.812479279163537,4.187520720836463,,src/data/scPDB 2/3n2i_2/ligand.sdf,src/data/scPDB 2/3n2i_2/site.mol2,bindingdb_scpdb
1h5r,,,Ki,=,15400.0,nM,1.54e-05,15400.0,4.812479279163537,4.187520720836463,,src/data/scPDB 2/1h5r_4/ligand.sdf,src/data/scPDB 2/1h5r_4/site.mol2,bindingdb_scpdb
4g8j,,,Ki,=,15400.0,nM,1.54e-05,15400.0,4.812479279163537,4.187520720836463,,src/data/scPDB 2/4g8j_3/ligand.sdf,src/data/scPDB 2/4g8j_3/site.mol2,bindingdb_scpdb
1p72,,,Ki,=,15400.0,nM,1.54e-05,15400.0,4.812479279163537,4.187520720836463,,src/data/scPDB 2/1p72_1/ligand.sdf,src/data/scPDB 2/1p72_1/site.mol2,bindingdb_scpdb
1p6x,,,Ki,=,15400.0,nM,1.54e-05,15400.0,4.812479279163537,4.187520720836463,,src/data/scPDB 2/1p6x_1/ligand.sdf,src/data/scPDB 2/1p6x_1/site.mol2,bindingdb_scpdb
4yek,,,Ki,=,15400.0,nM,1.54e-05,15400.0,4.812479279163537,4.187520720836463,,src/data/scPDB 2/4yek_1/ligand.sdf,src/data/scPDB 2/4yek_1/site.mol2,bindingdb_scpdb
5fuv,,,Ki,=,15400.0,nM,1.54e-05,15400.0,4.812479279163537,4.187520720836463,,src/data/scPDB 2/5fuv_1/ligand.sdf,src/data/scPDB 2/5fuv_1/site.mol2,bindingdb_scpdb
5fuw,,,Ki,=,15400.0,nM,1.54e-05,15400.0,4.812479279163537,4.187520720836463,,src/data/scPDB 2/5fuw_1/ligand.sdf,src/data/scPDB 2/5fuw_1/site.mol2,bindingdb_scpdb
3ndv,,,Ki,=,83000.0,nM,8.300000000000001e-05,83000.0,4.080921907623926,4.919078092376074,,src/data/scPDB 2/3ndv_6/ligand.sdf,src/data/scPDB 2/3ndv_6/site.mol2,bindingdb_scpdb
4hwk,,,Ki,=,26230.0,nM,2.623e-05,26230.0,4.581201709409647,4.418798290590353,,src/data/scPDB 2/4hwk_7/ligand.sdf,src/data/scPDB 2/4hwk_7/site.mol2,bindingdb_scpdb
3myu,,,Ki,=,380.0,nM,3.8e-07,380.0,6.42021640338319,2.57978359661681,,src/data/scPDB 2/3myu_1/ligand.sdf,src/data/scPDB 2/3myu_1/site.mol2,bindingdb_scpdb
4c94,,,Ki,=,6800.0,nM,6.8e-06,6800.0,5.167491087293763,3.832508912706236,,src/data/scPDB 2/4c94_4/ligand.sdf,src/data/scPDB 2/4c94_4/site.mol2,bindingdb_scpdb
4dgn,,,Ki,=,2200.0,nM,2.2e-06,2200.0,5.657577319177793,3.342422680822206,,src/data/scPDB 2/4dgn_1/ligand.sdf,src/data/scPDB 2/4dgn_1/site.mol2,bindingdb_scpdb
5auu,,,Ki,=,2200.0,nM,2.2e-06,2200.0,5.657577319177793,3.342422680822206,,src/data/scPDB 2/5auu_1/ligand.sdf,src/data/scPDB 2/5auu_1/site.mol2,bindingdb_scpdb
3t6i,,,Ki,=,3910.0,nM,3.91e-06,3910.0,5.407823242604133,3.5921767573958667,,src/data/scPDB 2/3t6i_3/ligand.sdf,src/data/scPDB 2/3t6i_3/site.mol2,bindingdb_scpdb
3cz0,,,Ki,=,2700000.0,nM,0.0027,2700000.0,2.568636235841013,6.431363764158987,,src/data/scPDB 2/3cz0_3/ligand.sdf,src/data/scPDB 2/3cz0_3/site.mol2,bindingdb_scpdb
1jdb,,,Ki,=,2700000.0,nM,0.0027,2700000.0,2.568636235841013,6.431363764158987,,src/data/scPDB 2/1jdb_6/ligand.sdf,src/data/scPDB 2/1jdb_6/site.mol2,bindingdb_scpdb
1pjk,,,Ki,=,2700000.0,nM,0.0027,2700000.0,2.568636235841013,6.431363764158987,,src/data/scPDB 2/1pjk_1/ligand.sdf,src/data/scPDB 2/1pjk_1/site.mol2,bindingdb_scpdb
1w51,,,Ki,=,6050000.0,nM,0.006050000000000001,6050000.0,2.2182446253475314,6.781755374652469,,src/data/scPDB 2/1w51_1/ligand.sdf,src/data/scPDB 2/1w51_1/site.mol2,bindingdb_scpdb
2c3q,,,Ki,=,6050000.0,nM,0.006050000000000001,6050000.0,2.2182446253475314,6.781755374652469,,src/data/scPDB 2/2c3q_4/ligand.sdf,src/data/scPDB 2/2c3q_4/site.mol2,bindingdb_scpdb
2eix,,,Ki,=,6050000.0,nM,0.006050000000000001,6050000.0,2.2182446253475314,6.781755374652469,,src/data/scPDB 2/2eix_2/ligand.sdf,src/data/scPDB 2/2eix_2/site.mol2,bindingdb_scpdb
2ggq,,,Ki,=,6050000.0,nM,0.006050000000000001,6050000.0,2.2182446253475314,6.781755374652469,,src/data/scPDB 2/2ggq_1/ligand.sdf,src/data/scPDB 2/2ggq_1/site.mol2,bindingdb_scpdb
2gq2,,,Ki,=,6050000.0,nM,0.006050000000000001,6050000.0,2.2182446253475314,6.781755374652469,,src/data/scPDB 2/2gq2_3/ligand.sdf,src/data/scPDB 2/2gq2_3/site.mol2,bindingdb_scpdb
2gs7,,,Ki,=,6050000.0,nM,0.006050000000000001,6050000.0,2.2182446253475314,6.781755374652469,,src/data/scPDB 2/2gs7_1/ligand.sdf,src/data/scPDB 2/2gs7_1/site.mol2,bindingdb_scpdb
2ohm,,,Ki,=,6050000.0,nM,0.006050000000000001,6050000.0,2.2182446253475314,6.781755374652469,,src/data/scPDB 2/2ohm_1/ligand.sdf,src/data/scPDB 2/2ohm_1/site.mol2,bindingdb_scpdb
2ohp,,,Ki,=,6050000.0,nM,0.006050000000000001,6050000.0,2.2182446253475314,6.781755374652469,,src/data/scPDB 2/2ohp_1/ligand.sdf,src/data/scPDB 2/2ohp_1/site.mol2,bindingdb_scpdb
2qhx,,,Ki,=,6050000.0,nM,0.006050000000000001,6050000.0,2.2182446253475314,6.781755374652469,,src/data/scPDB 2/2qhx_1/ligand.sdf,src/data/scPDB 2/2qhx_1/site.mol2,bindingdb_scpdb
2va7,,,Ki,=,6050000.0,nM,0.006050000000000001,6050000.0,2.2182446253475314,6.781755374652469,,src/data/scPDB 2/2va7_1/ligand.sdf,src/data/scPDB 2/2va7_1/site.mol2,bindingdb_scpdb
2vbv,,,Ki,=,6050000.0,nM,0.006050000000000001,6050000.0,2.2182446253475314,6.781755374652469,,src/data/scPDB 2/2vbv_2/ligand.sdf,src/data/scPDB 2/2vbv_2/site.mol2,bindingdb_scpdb
3cjq,,,Ki,=,6050000.0,nM,0.006050000000000001,6050000.0,2.2182446253475314,6.781755374652469,,src/data/scPDB 2/3cjq_3/ligand.sdf,src/data/scPDB 2/3cjq_3/site.mol2,bindingdb_scpdb
3fnl,,,Ki,=,6050000.0,nM,0.006050000000000001,6050000.0,2.2182446253475314,6.781755374652469,,src/data/scPDB 2/3fnl_1/ligand.sdf,src/data/scPDB 2/3fnl_1/site.mol2,bindingdb_scpdb
3gck,,,Ki,=,4100000.0,nM,0.0041,4100000.0,2.3872161432802645,6.6127838567197355,,src/data/scPDB 2/3gck_1/ligand.sdf,src/data/scPDB 2/3gck_1/site.mol2,bindingdb_scpdb
4nyw,,,Ki,=,4100000.0,nM,0.0041,4100000.0,2.3872161432802645,6.6127838567197355,,src/data/scPDB 2/4nyw_1/ligand.sdf,src/data/scPDB 2/4nyw_1/site.mol2,bindingdb_scpdb
4l82,,,Ki,=,4100000.0,nM,0.0041,4100000.0,2.3872161432802645,6.6127838567197355,,src/data/scPDB 2/4l82_2/ligand.sdf,src/data/scPDB 2/4l82_2/site.mol2,bindingdb_scpdb
3r5o,,,Ki,=,4100000.0,nM,0.0041,4100000.0,2.3872161432802645,6.6127838567197355,,src/data/scPDB 2/3r5o_1/ligand.sdf,src/data/scPDB 2/3r5o_1/site.mol2,bindingdb_scpdb
3r55,,,Ki,=,4100000.0,nM,0.0041,4100000.0,2.3872161432802645,6.6127838567197355,,src/data/scPDB 2/3r55_1/ligand.sdf,src/data/scPDB 2/3r55_1/site.mol2,bindingdb_scpdb
3s4f,,,Ki,=,4100000.0,nM,0.0041,4100000.0,2.3872161432802645,6.6127838567197355,,src/data/scPDB 2/3s4f_1/ligand.sdf,src/data/scPDB 2/3s4f_1/site.mol2,bindingdb_scpdb
3bos,,,Ki,=,4100000.0,nM,0.0041,4100000.0,2.3872161432802645,6.6127838567197355,,src/data/scPDB 2/3bos_2/ligand.sdf,src/data/scPDB 2/3bos_2/site.mol2,bindingdb_scpdb
4oek,,,Ki,=,4100000.0,nM,0.0041,4100000.0,2.3872161432802645,6.6127838567197355,,src/data/scPDB 2/4oek_1/ligand.sdf,src/data/scPDB 2/4oek_1/site.mol2,bindingdb_scpdb
4xg1,,,Ki,=,4100000.0,nM,0.0041,4100000.0,2.3872161432802645,6.6127838567197355,,src/data/scPDB 2/4xg1_3/ligand.sdf,src/data/scPDB 2/4xg1_3/site.mol2,bindingdb_scpdb
3qf1,,,Ki,=,4100000.0,nM,0.0041,4100000.0,2.3872161432802645,6.6127838567197355,,src/data/scPDB 2/3qf1_1/ligand.sdf,src/data/scPDB 2/3qf1_1/site.mol2,bindingdb_scpdb
3r4x,,,Ki,=,4100000.0,nM,0.0041,4100000.0,2.3872161432802645,6.6127838567197355,,src/data/scPDB 2/3r4x_2/ligand.sdf,src/data/scPDB 2/3r4x_2/site.mol2,bindingdb_scpdb
4qjq,,,Ki,=,4100000.0,nM,0.0041,4100000.0,2.3872161432802645,6.6127838567197355,,src/data/scPDB 2/4qjq_1/ligand.sdf,src/data/scPDB 2/4qjq_1/site.mol2,bindingdb_scpdb
3ibd,,,Ki,=,4100000.0,nM,0.0041,4100000.0,2.3872161432802645,6.6127838567197355,,src/data/scPDB 2/3ibd_1/ligand.sdf,src/data/scPDB 2/3ibd_1/site.mol2,bindingdb_scpdb
5ebe,,,Ki,=,4100000.0,nM,0.0041,4100000.0,2.3872161432802645,6.6127838567197355,,src/data/scPDB 2/5ebe_1/ligand.sdf,src/data/scPDB 2/5ebe_1/site.mol2,bindingdb_scpdb
3p1d,,,Ki,=,4100000.0,nM,0.0041,4100000.0,2.3872161432802645,6.6127838567197355,,src/data/scPDB 2/3p1d_1/ligand.sdf,src/data/scPDB 2/3p1d_1/site.mol2,bindingdb_scpdb
1h51,,,Ki,=,4100000.0,nM,0.0041,4100000.0,2.3872161432802645,6.6127838567197355,,src/data/scPDB 2/1h51_1/ligand.sdf,src/data/scPDB 2/1h51_1/site.mol2,bindingdb_scpdb
2wue,,,Ki,=,4100000.0,nM,0.0041,4100000.0,2.3872161432802645,6.6127838567197355,,src/data/scPDB 2/2wue_1/ligand.sdf,src/data/scPDB 2/2wue_1/site.mol2,bindingdb_scpdb
3mno,,,Ki,=,4100000.0,nM,0.0041,4100000.0,2.3872161432802645,6.6127838567197355,,src/data/scPDB 2/3mno_1/ligand.sdf,src/data/scPDB 2/3mno_1/site.mol2,bindingdb_scpdb
3mle,,,Ki,=,810000.0,nM,0.0008100000000000001,810000.0,3.0915149811213505,5.9084850188786495,,src/data/scPDB 2/3mle_2/ligand.sdf,src/data/scPDB 2/3mle_2/site.mol2,bindingdb_scpdb
2ycf,,,Ki,=,810000.0,nM,0.0008100000000000001,810000.0,3.0915149811213505,5.9084850188786495,,src/data/scPDB 2/2ycf_1/ligand.sdf,src/data/scPDB 2/2ycf_1/site.mol2,bindingdb_scpdb
4bdf,,,Ki,=,810000.0,nM,0.0008100000000000001,810000.0,3.0915149811213505,5.9084850188786495,,src/data/scPDB 2/4bdf_1/ligand.sdf,src/data/scPDB 2/4bdf_1/site.mol2,bindingdb_scpdb
4bdg,,,Ki,=,810000.0,nM,0.0008100000000000001,810000.0,3.0915149811213505,5.9084850188786495,,src/data/scPDB 2/4bdg_1/ligand.sdf,src/data/scPDB 2/4bdg_1/site.mol2,bindingdb_scpdb
4bdd,,,Ki,=,810000.0,nM,0.0008100000000000001,810000.0,3.0915149811213505,5.9084850188786495,,src/data/scPDB 2/4bdd_1/ligand.sdf,src/data/scPDB 2/4bdd_1/site.mol2,bindingdb_scpdb
4bde,,,Ki,=,810000.0,nM,0.0008100000000000001,810000.0,3.0915149811213505,5.9084850188786495,,src/data/scPDB 2/4bde_1/ligand.sdf,src/data/scPDB 2/4bde_1/site.mol2,bindingdb_scpdb
4bdb,,,Ki,=,810000.0,nM,0.0008100000000000001,810000.0,3.0915149811213505,5.9084850188786495,,src/data/scPDB 2/4bdb_1/ligand.sdf,src/data/scPDB 2/4bdb_1/site.mol2,bindingdb_scpdb
1tll,,,Ki,=,990000.0,nM,0.00099,990000.0,3.0043648054024503,5.99563519459755,,src/data/scPDB 2/1tll_2/ligand.sdf,src/data/scPDB 2/1tll_2/site.mol2,bindingdb_scpdb
4k0b,,,Ki,=,660000.0,nM,0.00066,660000.0,3.1804560644581317,5.819543935541868,,src/data/scPDB 2/4k0b_1/ligand.sdf,src/data/scPDB 2/4k0b_1/site.mol2,bindingdb_scpdb
4l2z,,,Ki,=,660000.0,nM,0.00066,660000.0,3.1804560644581317,5.819543935541868,,src/data/scPDB 2/4l2z_1/ligand.sdf,src/data/scPDB 2/4l2z_1/site.mol2,bindingdb_scpdb
3m98,,,Kd,=,11100.0,nM,1.11e-05,11100.0,4.954677021213342,4.045322978786658,,src/data/scPDB 2/3m98_1/ligand.sdf,src/data/scPDB 2/3m98_1/site.mol2,bindingdb_scpdb
5jr3,,,Ki,=,4800.0,nM,4.800000000000001e-06,4800.0,5.318758762624412,3.681241237375587,,src/data/scPDB 2/5jr3_4/ligand.sdf,src/data/scPDB 2/5jr3_4/site.mol2,bindingdb_scpdb
4bis,,,Ki,=,670.0,nM,6.7e-07,670.0,6.173925197299173,2.8260748027008264,,src/data/scPDB 2/4bis_1/ligand.sdf,src/data/scPDB 2/4bis_1/site.mol2,bindingdb_scpdb
2gnf,,,Ki,=,40.0,nM,4e-08,40.0,7.3979400086720375,1.6020599913279623,,src/data/scPDB 2/2gnf_1/ligand.sdf,src/data/scPDB 2/2gnf_1/site.mol2,bindingdb_scpdb
4jsg,,,Ki,=,60.0,nM,6.000000000000001e-08,60.0,7.221848749616356,1.7781512503836436,,src/data/scPDB 2/4jsg_2/ligand.sdf,src/data/scPDB 2/4jsg_2/site.mol2,bindingdb_scpdb
4jsh,,,Ki,=,117.0,nM,1.17e-07,117.0,6.931814138253838,2.0681858617461617,,src/data/scPDB 2/4jsh_1/ligand.sdf,src/data/scPDB 2/4jsh_1/site.mol2,bindingdb_scpdb
4lux,,,Ki,=,26.0,nM,2.6e-08,26.0,7.585026652029182,1.414973347970818,,src/data/scPDB 2/4lux_1/ligand.sdf,src/data/scPDB 2/4lux_1/site.mol2,bindingdb_scpdb
4k5g,,,Ki,=,37.0,nM,3.7e-08,37.0,7.431798275933005,1.568201724066995,,src/data/scPDB 2/4k5g_3/ligand.sdf,src/data/scPDB 2/4k5g_3/site.mol2,bindingdb_scpdb
4mm7,,,Ki,=,4.1,nM,4.0999999999999995e-09,4.1,8.387216143280265,0.6127838567197355,,src/data/scPDB 2/4mm7_1/ligand.sdf,src/data/scPDB 2/4mm7_1/site.mol2,bindingdb_scpdb
3n5w,,,Ki,=,25.0,nM,2.5000000000000002e-08,25.0,7.6020599913279625,1.3979400086720377,,src/data/scPDB 2/3n5w_1/ligand.sdf,src/data/scPDB 2/3n5w_1/site.mol2,bindingdb_scpdb
3n9j,,,Ki,=,375000.0,nM,0.000375,375000.0,3.425968732272281,5.574031267727719,,src/data/scPDB 2/3n9j_1/ligand.sdf,src/data/scPDB 2/3n9j_1/site.mol2,bindingdb_scpdb
3dgq,,,Ki,=,375000.0,nM,0.000375,375000.0,3.425968732272281,5.574031267727719,,src/data/scPDB 2/3dgq_1/ligand.sdf,src/data/scPDB 2/3dgq_1/site.mol2,bindingdb_scpdb
3uza,,,Ki,=,7.76,nM,7.76e-09,7.76,8.110138278741811,0.8898617212581884,,src/data/scPDB 2/3uza_1/ligand.sdf,src/data/scPDB 2/3uza_1/site.mol2,bindingdb_scpdb
3ogq,,,Ki,=,15000.0,nM,1.5e-05,15000.0,4.823908740944319,4.176091259055681,,src/data/scPDB 2/3ogq_1/ligand.sdf,src/data/scPDB 2/3ogq_1/site.mol2,bindingdb_scpdb
1mui,,,Ki,=,15000.0,nM,1.5e-05,15000.0,4.823908740944319,4.176091259055681,,src/data/scPDB 2/1mui_1/ligand.sdf,src/data/scPDB 2/1mui_1/site.mol2,bindingdb_scpdb
1rv7,,,Ki,=,15000.0,nM,1.5e-05,15000.0,4.823908740944319,4.176091259055681,,src/data/scPDB 2/1rv7_1/ligand.sdf,src/data/scPDB 2/1rv7_1/site.mol2,bindingdb_scpdb
4iaq,,,Ki,=,107360.0,nM,0.00010736,107360.0,3.9691574971750834,5.030842502824917,,src/data/scPDB 2/4iaq_1/ligand.sdf,src/data/scPDB 2/4iaq_1/site.mol2,bindingdb_scpdb
4qnq,,,Kd,=,55.0,nM,5.5e-08,55.0,7.259637310505756,1.7403626894942439,,src/data/scPDB 2/4qnq_12/ligand.sdf,src/data/scPDB 2/4qnq_12/site.mol2,bindingdb_scpdb
2cbr,,,Kd,=,1380.0,nM,1.3800000000000001e-06,1380.0,5.860120913598763,3.1398790864012365,,src/data/scPDB 2/2cbr_1/ligand.sdf,src/data/scPDB 2/2cbr_1/site.mol2,bindingdb_scpdb
3myk,,,Ki,=,8000.0,nM,8.000000000000001e-06,8000.0,5.096910013008056,3.9030899869919438,,src/data/scPDB 2/3myk_2/ligand.sdf,src/data/scPDB 2/3myk_2/site.mol2,bindingdb_scpdb
4gev,,,Ki,=,100000.0,nM,0.0001,100000.0,4.0,5.0,,src/data/scPDB 2/4gev_2/ligand.sdf,src/data/scPDB 2/4gev_2/site.mol2,bindingdb_scpdb
2rds,,,Ki,=,540.0,nM,5.4e-07,540.0,6.267606240177031,2.7323937598229686,,src/data/scPDB 2/2rds_1/ligand.sdf,src/data/scPDB 2/2rds_1/site.mol2,bindingdb_scpdb
3lfm,,,Ki,=,540.0,nM,5.4e-07,540.0,6.267606240177031,2.7323937598229686,,src/data/scPDB 2/3lfm_1/ligand.sdf,src/data/scPDB 2/3lfm_1/site.mol2,bindingdb_scpdb
3ms5,,,Ki,=,540.0,nM,5.4e-07,540.0,6.267606240177031,2.7323937598229686,,src/data/scPDB 2/3ms5_1/ligand.sdf,src/data/scPDB 2/3ms5_1/site.mol2,bindingdb_scpdb
4dm6,,,Ki,=,0.5,nM,5e-10,0.5,9.301029995663981,-0.3010299956639812,,src/data/scPDB 2/4dm6_2/ligand.sdf,src/data/scPDB 2/4dm6_2/site.mol2,bindingdb_scpdb
3uon,,,Ki,=,0.03,nM,3e-11,0.03,10.522878745280337,-1.5228787452803376,,src/data/scPDB 2/3uon_1/ligand.sdf,src/data/scPDB 2/3uon_1/site.mol2,bindingdb_scpdb
2a3b,,,Ki,=,100000.0,nM,0.0001,100000.0,4.0,5.0,,src/data/scPDB 2/2a3b_1/ligand.sdf,src/data/scPDB 2/2a3b_1/site.mol2,bindingdb_scpdb
3dd1,,,Ki,=,100000.0,nM,0.0001,100000.0,4.0,5.0,,src/data/scPDB 2/3dd1_2/ligand.sdf,src/data/scPDB 2/3dd1_2/site.mol2,bindingdb_scpdb
3dds,,,Ki,=,100000.0,nM,0.0001,100000.0,4.0,5.0,,src/data/scPDB 2/3dds_2/ligand.sdf,src/data/scPDB 2/3dds_2/site.mol2,bindingdb_scpdb
3rfm,,,Ki,=,100000.0,nM,0.0001,100000.0,4.0,5.0,,src/data/scPDB 2/3rfm_1/ligand.sdf,src/data/scPDB 2/3rfm_1/site.mol2,bindingdb_scpdb
4oh5,,,Ki,=,34.0,nM,3.4e-08,34.0,7.468521082957745,1.5314789170422551,,src/data/scPDB 2/4oh5_1/ligand.sdf,src/data/scPDB 2/4oh5_1/site.mol2,bindingdb_scpdb
1x7j,,,Ki,=,24.0,nM,2.4000000000000003e-08,24.0,7.619788758288394,1.380211241711606,,src/data/scPDB 2/1x7j_2/ligand.sdf,src/data/scPDB 2/1x7j_2/site.mol2,bindingdb_scpdb
4fj1,,,Ki,=,24.0,nM,2.4000000000000003e-08,24.0,7.619788758288394,1.380211241711606,,src/data/scPDB 2/4fj1_1/ligand.sdf,src/data/scPDB 2/4fj1_1/site.mol2,bindingdb_scpdb
2dux,,,Ki,=,19.0,nM,1.9e-08,19.0,7.721246399047171,1.2787536009528289,,src/data/scPDB 2/2dux_1/ligand.sdf,src/data/scPDB 2/2dux_1/site.mol2,bindingdb_scpdb
2duz,,,Ki,=,19.0,nM,1.9e-08,19.0,7.721246399047171,1.2787536009528289,,src/data/scPDB 2/2duz_1/ligand.sdf,src/data/scPDB 2/2duz_1/site.mol2,bindingdb_scpdb
2dv0,,,Ki,=,19.0,nM,1.9e-08,19.0,7.721246399047171,1.2787536009528289,,src/data/scPDB 2/2dv0_1/ligand.sdf,src/data/scPDB 2/2dv0_1/site.mol2,bindingdb_scpdb
2fz8,,,Ki,=,19.0,nM,1.9e-08,19.0,7.721246399047171,1.2787536009528289,,src/data/scPDB 2/2fz8_1/ligand.sdf,src/data/scPDB 2/2fz8_1/site.mol2,bindingdb_scpdb
2fz9,,,Ki,=,19.0,nM,1.9e-08,19.0,7.721246399047171,1.2787536009528289,,src/data/scPDB 2/2fz9_1/ligand.sdf,src/data/scPDB 2/2fz9_1/site.mol2,bindingdb_scpdb
2hv5,,,Ki,=,19.0,nM,1.9e-08,19.0,7.721246399047171,1.2787536009528289,,src/data/scPDB 2/2hv5_1/ligand.sdf,src/data/scPDB 2/2hv5_1/site.mol2,bindingdb_scpdb
2hvn,,,Ki,=,19.0,nM,1.9e-08,19.0,7.721246399047171,1.2787536009528289,,src/data/scPDB 2/2hvn_1/ligand.sdf,src/data/scPDB 2/2hvn_1/site.mol2,bindingdb_scpdb
2pd5,,,Ki,=,19.0,nM,1.9e-08,19.0,7.721246399047171,1.2787536009528289,,src/data/scPDB 2/2pd5_1/ligand.sdf,src/data/scPDB 2/2pd5_1/site.mol2,bindingdb_scpdb
2pdi,,,Ki,=,19.0,nM,1.9e-08,19.0,7.721246399047171,1.2787536009528289,,src/data/scPDB 2/2pdi_1/ligand.sdf,src/data/scPDB 2/2pdi_1/site.mol2,bindingdb_scpdb
3len,,,Ki,=,19.0,nM,1.9e-08,19.0,7.721246399047171,1.2787536009528289,,src/data/scPDB 2/3len_1/ligand.sdf,src/data/scPDB 2/3len_1/site.mol2,bindingdb_scpdb
3m0i,,,Ki,=,19.0,nM,1.9e-08,19.0,7.721246399047171,1.2787536009528289,,src/data/scPDB 2/3m0i_1/ligand.sdf,src/data/scPDB 2/3m0i_1/site.mol2,bindingdb_scpdb
3mb9,,,Ki,=,19.0,nM,1.9e-08,19.0,7.721246399047171,1.2787536009528289,,src/data/scPDB 2/3mb9_1/ligand.sdf,src/data/scPDB 2/3mb9_1/site.mol2,bindingdb_scpdb
1i7c,,,Ki,=,3300000.0,nM,0.0033000000000000004,3300000.0,2.481486060122113,6.518513939877887,,src/data/scPDB 2/1i7c_1/ligand.sdf,src/data/scPDB 2/1i7c_1/site.mol2,bindingdb_scpdb
3dz4,,,Ki,=,3300000.0,nM,0.0033000000000000004,3300000.0,2.481486060122113,6.518513939877887,,src/data/scPDB 2/3dz4_1/ligand.sdf,src/data/scPDB 2/3dz4_1/site.mol2,bindingdb_scpdb
3h0v,,,Ki,=,3300000.0,nM,0.0033000000000000004,3300000.0,2.481486060122113,6.518513939877887,,src/data/scPDB 2/3h0v_1/ligand.sdf,src/data/scPDB 2/3h0v_1/site.mol2,bindingdb_scpdb
3h0w,,,Ki,=,3300000.0,nM,0.0033000000000000004,3300000.0,2.481486060122113,6.518513939877887,,src/data/scPDB 2/3h0w_1/ligand.sdf,src/data/scPDB 2/3h0w_1/site.mol2,bindingdb_scpdb
4uox,,,Ki,=,3300000.0,nM,0.0033000000000000004,3300000.0,2.481486060122113,6.518513939877887,,src/data/scPDB 2/4uox_2/ligand.sdf,src/data/scPDB 2/4uox_2/site.mol2,bindingdb_scpdb
4xrg,,,Ki,=,3300000.0,nM,0.0033000000000000004,3300000.0,2.481486060122113,6.518513939877887,,src/data/scPDB 2/4xrg_2/ligand.sdf,src/data/scPDB 2/4xrg_2/site.mol2,bindingdb_scpdb
2h42,,,Ki,=,1.9,nM,1.9e-09,1.9,8.721246399047171,0.2787536009528289,,src/data/scPDB 2/2h42_2/ligand.sdf,src/data/scPDB 2/2h42_2/site.mol2,bindingdb_scpdb
4ez8,,,Ki,=,8000.0,nM,8.000000000000001e-06,8000.0,5.096910013008056,3.9030899869919438,,src/data/scPDB 2/4ez8_1/ligand.sdf,src/data/scPDB 2/4ez8_1/site.mol2,bindingdb_scpdb
4da7,,,Ki,=,180000.0,nM,0.00018,180000.0,3.7447274948966935,5.2552725051033065,,src/data/scPDB 2/4da7_1/ligand.sdf,src/data/scPDB 2/4da7_1/site.mol2,bindingdb_scpdb
2jj8,,,Ki,=,7000.0,nM,7.000000000000001e-06,7000.0,5.154901959985743,3.845098040014257,,src/data/scPDB 2/2jj8_2/ligand.sdf,src/data/scPDB 2/2jj8_2/site.mol2,bindingdb_scpdb
3b9l,,,Ki,=,7000.0,nM,7.000000000000001e-06,7000.0,5.154901959985743,3.845098040014257,,src/data/scPDB 2/3b9l_2/ligand.sdf,src/data/scPDB 2/3b9l_2/site.mol2,bindingdb_scpdb
4hg7,,,Ki,=,70000.0,nM,7.000000000000001e-05,70000.0,4.154901959985743,4.845098040014257,,src/data/scPDB 2/4hg7_1/ligand.sdf,src/data/scPDB 2/4hg7_1/site.mol2,bindingdb_scpdb
4ayy,,,Ki,=,780.0,nM,7.8e-07,780.0,6.107905397309519,2.8920946026904804,,src/data/scPDB 2/4ayy_1/ligand.sdf,src/data/scPDB 2/4ayy_1/site.mol2,bindingdb_scpdb
4ayv,,,Ki,=,150.0,nM,1.5000000000000002e-07,150.0,6.823908740944319,2.1760912590556813,,src/data/scPDB 2/4ayv_1/ligand.sdf,src/data/scPDB 2/4ayv_1/site.mol2,bindingdb_scpdb
4az2,,,Ki,=,26000.0,nM,2.6000000000000002e-05,26000.0,4.585026652029182,4.414973347970818,,src/data/scPDB 2/4az2_1/ligand.sdf,src/data/scPDB 2/4az2_1/site.mol2,bindingdb_scpdb
1o9u,,,Ki,=,12500.0,nM,1.25e-05,12500.0,4.903089986991944,4.096910013008056,,src/data/scPDB 2/1o9u_1/ligand.sdf,src/data/scPDB 2/1o9u_1/site.mol2,bindingdb_scpdb
1dlr,,,Ki,=,0.143,nM,1.43e-10,0.143,9.844663962534938,-0.8446639625349383,,src/data/scPDB 2/1dlr_1/ligand.sdf,src/data/scPDB 2/1dlr_1/site.mol2,bindingdb_scpdb
3pm0,,,Ki,=,794.0,nM,7.94e-07,794.0,6.100179497572904,2.8998205024270964,,src/data/scPDB 2/3pm0_1/ligand.sdf,src/data/scPDB 2/3pm0_1/site.mol2,bindingdb_scpdb
4i8v,,,Ki,=,794.0,nM,7.94e-07,794.0,6.100179497572904,2.8998205024270964,,src/data/scPDB 2/4i8v_3/ligand.sdf,src/data/scPDB 2/4i8v_3/site.mol2,bindingdb_scpdb
1jep,,,Ki,=,22909.0,nM,2.2909e-05,22909.0,4.639993867770902,4.360006132229098,,src/data/scPDB 2/1jep_2/ligand.sdf,src/data/scPDB 2/1jep_2/site.mol2,bindingdb_scpdb
1eup,,,Ki,=,20.0,nM,2e-08,20.0,7.698970004336019,1.3010299956639813,,src/data/scPDB 2/1eup_1/ligand.sdf,src/data/scPDB 2/1eup_1/site.mol2,bindingdb_scpdb
1qyx,,,Ki,=,20.0,nM,2e-08,20.0,7.698970004336019,1.3010299956639813,,src/data/scPDB 2/1qyx_1/ligand.sdf,src/data/scPDB 2/1qyx_1/site.mol2,bindingdb_scpdb
1xf0,,,Ki,=,20.0,nM,2e-08,20.0,7.698970004336019,1.3010299956639813,,src/data/scPDB 2/1xf0_1/ligand.sdf,src/data/scPDB 2/1xf0_1/site.mol2,bindingdb_scpdb
3eqm,,,Ki,=,20.0,nM,2e-08,20.0,7.698970004336019,1.3010299956639813,,src/data/scPDB 2/3eqm_1/ligand.sdf,src/data/scPDB 2/3eqm_1/site.mol2,bindingdb_scpdb
3iw1,,,Ki,=,20.0,nM,2e-08,20.0,7.698970004336019,1.3010299956639813,,src/data/scPDB 2/3iw1_1/ligand.sdf,src/data/scPDB 2/3iw1_1/site.mol2,bindingdb_scpdb
3nhx,,,Ki,=,20.0,nM,2e-08,20.0,7.698970004336019,1.3010299956639813,,src/data/scPDB 2/3nhx_1/ligand.sdf,src/data/scPDB 2/3nhx_1/site.mol2,bindingdb_scpdb
3nuv,,,Ki,=,20.0,nM,2e-08,20.0,7.698970004336019,1.3010299956639813,,src/data/scPDB 2/3nuv_1/ligand.sdf,src/data/scPDB 2/3nuv_1/site.mol2,bindingdb_scpdb
5ero,,,Ki,=,180.0,nM,1.8000000000000002e-07,180.0,6.7447274948966935,2.255272505103306,,src/data/scPDB 2/5ero_3/ligand.sdf,src/data/scPDB 2/5ero_3/site.mol2,bindingdb_scpdb
2z52,,,Ki,=,740.0,nM,7.4e-07,740.0,6.130768280269024,2.8692317197309762,,src/data/scPDB 2/2z52_2/ligand.sdf,src/data/scPDB 2/2z52_2/site.mol2,bindingdb_scpdb
4ej4,,,Ki,=,27.0,nM,2.7e-08,27.0,7.568636235841012,1.4313637641589874,,src/data/scPDB 2/4ej4_1/ligand.sdf,src/data/scPDB 2/4ej4_1/site.mol2,bindingdb_scpdb
4oth,,,Kd,=,8.0,nM,8e-09,8.0,8.096910013008056,0.9030899869919435,,src/data/scPDB 2/4oth_1/ligand.sdf,src/data/scPDB 2/4oth_1/site.mol2,bindingdb_scpdb
1uvr,,,Kd,=,12.0,nM,1.2000000000000002e-08,12.0,7.920818753952375,1.0791812460476249,,src/data/scPDB 2/1uvr_1/ligand.sdf,src/data/scPDB 2/1uvr_1/site.mol2,bindingdb_scpdb
2vd5,,,Kd,=,12.0,nM,1.2000000000000002e-08,12.0,7.920818753952375,1.0791812460476249,,src/data/scPDB 2/2vd5_2/ligand.sdf,src/data/scPDB 2/2vd5_2/site.mol2,bindingdb_scpdb
1gss,,,Ki,=,10000.0,nM,1e-05,10000.0,5.0,4.0,,src/data/scPDB 2/1gss_2/ligand.sdf,src/data/scPDB 2/1gss_2/site.mol2,bindingdb_scpdb
1pf7,,,Ki,=,0.056,nM,5.600000000000001e-11,0.056,10.2518119729938,-1.2518119729937995,,src/data/scPDB 2/1pf7_1/ligand.sdf,src/data/scPDB 2/1pf7_1/site.mol2,bindingdb_scpdb
2oc9,,,Ki,=,0.056,nM,5.600000000000001e-11,0.056,10.2518119729938,-1.2518119729937995,,src/data/scPDB 2/2oc9_1/ligand.sdf,src/data/scPDB 2/2oc9_1/site.mol2,bindingdb_scpdb
2q7o,,,Ki,=,0.056,nM,5.600000000000001e-11,0.056,10.2518119729938,-1.2518119729937995,,src/data/scPDB 2/2q7o_1/ligand.sdf,src/data/scPDB 2/2q7o_1/site.mol2,bindingdb_scpdb
3fow,,,Ki,=,0.056,nM,5.600000000000001e-11,0.056,10.2518119729938,-1.2518119729937995,,src/data/scPDB 2/3fow_2/ligand.sdf,src/data/scPDB 2/3fow_2/site.mol2,bindingdb_scpdb
2y02,,,Ki,=,3.2,nM,3.2000000000000005e-09,3.2,8.494850021680094,0.505149978319906,,src/data/scPDB 2/2y02_3/ligand.sdf,src/data/scPDB 2/2y02_3/site.mol2,bindingdb_scpdb
1vf5,,,Ki,=,2260.0,nM,2.26e-06,2260.0,5.645891560852599,3.3541084391474008,,src/data/scPDB 2/1vf5_2/ligand.sdf,src/data/scPDB 2/1vf5_2/site.mol2,bindingdb_scpdb
1aoe,,,Ki,=,0.22,nM,2.2000000000000002e-10,0.22,9.657577319177793,-0.6575773191777937,,src/data/scPDB 2/1aoe_2/ligand.sdf,src/data/scPDB 2/1aoe_2/site.mol2,bindingdb_scpdb
4l2f,,,Ki,=,32000.0,nM,3.2000000000000005e-05,32000.0,4.494850021680094,4.505149978319906,,src/data/scPDB 2/4l2f_1/ligand.sdf,src/data/scPDB 2/4l2f_1/site.mol2,bindingdb_scpdb
4iqk,,,Kd,=,1690.0,nM,1.6900000000000001e-06,1690.0,5.772113295386326,3.2278867046136734,,src/data/scPDB 2/4iqk_1/ligand.sdf,src/data/scPDB 2/4iqk_1/site.mol2,bindingdb_scpdb
3tw6,,,Ki,=,590000.0,nM,0.00059,590000.0,3.229147988357856,5.770852011642144,,src/data/scPDB 2/3tw6_2/ligand.sdf,src/data/scPDB 2/3tw6_2/site.mol2,bindingdb_scpdb
3cn8,,,Ki,=,3000000.0,nM,0.003,3000000.0,2.5228787452803374,6.477121254719663,,src/data/scPDB 2/3cn8_1/ligand.sdf,src/data/scPDB 2/3cn8_1/site.mol2,bindingdb_scpdb
1mjt,,,Ki,=,5.2,nM,5.2e-09,5.2,8.2839966563652,0.7160033436347992,,src/data/scPDB 2/1mjt_3/ligand.sdf,src/data/scPDB 2/1mjt_3/site.mol2,bindingdb_scpdb
4djh,,,Ki,=,0.02,nM,2.0000000000000002e-11,0.02,10.698970004336019,-1.6989700043360187,,src/data/scPDB 2/4djh_1/ligand.sdf,src/data/scPDB 2/4djh_1/site.mol2,bindingdb_scpdb
4s0v,,,Ki,=,0.6,nM,6e-10,0.6,9.221848749616356,-0.2218487496163564,,src/data/scPDB 2/4s0v_1/ligand.sdf,src/data/scPDB 2/4s0v_1/site.mol2,bindingdb_scpdb
4zj8,,,Ki,=,0.6,nM,6e-10,0.6,9.221848749616356,-0.2218487496163564,,src/data/scPDB 2/4zj8_1/ligand.sdf,src/data/scPDB 2/4zj8_1/site.mol2,bindingdb_scpdb
1u3w,,,Ki,=,40000.0,nM,4e-05,40000.0,4.3979400086720375,4.6020599913279625,,src/data/scPDB 2/1u3w_2/ligand.sdf,src/data/scPDB 2/1u3w_2/site.mol2,bindingdb_scpdb
1e3i,,,Ki,=,3400.0,nM,3.4e-06,3400.0,5.468521082957745,3.531478917042255,,src/data/scPDB 2/1e3i_2/ligand.sdf,src/data/scPDB 2/1e3i_2/site.mol2,bindingdb_scpdb
3pwc,,,Ki,=,840.0,nM,8.4e-07,840.0,6.075720713938118,2.9242792860618816,,src/data/scPDB 2/3pwc_1/ligand.sdf,src/data/scPDB 2/3pwc_1/site.mol2,bindingdb_scpdb
3v0x,,,Ki,=,840.0,nM,8.4e-07,840.0,6.075720713938118,2.9242792860618816,,src/data/scPDB 2/3v0x_1/ligand.sdf,src/data/scPDB 2/3v0x_1/site.mol2,bindingdb_scpdb
1tuv,,,Ki,=,16100.0,nM,1.6100000000000002e-05,16100.0,4.79317412396815,4.20682587603185,,src/data/scPDB 2/1tuv_1/ligand.sdf,src/data/scPDB 2/1tuv_1/site.mol2,bindingdb_scpdb
2qr2,,,Ki,=,16100.0,nM,1.6100000000000002e-05,16100.0,4.79317412396815,4.20682587603185,,src/data/scPDB 2/2qr2_1/ligand.sdf,src/data/scPDB 2/2qr2_1/site.mol2,bindingdb_scpdb
1tsm,,,Ki,=,1000.0,nM,1.0000000000000002e-06,1000.0,6.0,3.0,,src/data/scPDB 2/1tsm_1/ligand.sdf,src/data/scPDB 2/1tsm_1/site.mol2,bindingdb_scpdb
4o4d,,,Kd,=,195.0,nM,1.95e-07,195.0,6.709965388637482,2.290034611362518,,src/data/scPDB 2/4o4d_1/ligand.sdf,src/data/scPDB 2/4o4d_1/site.mol2,bindingdb_scpdb
1ad5,,,Kd,=,400000.0,nM,0.0004,400000.0,3.3979400086720375,5.6020599913279625,,src/data/scPDB 2/1ad5_2/ligand.sdf,src/data/scPDB 2/1ad5_2/site.mol2,bindingdb_scpdb
1pkg,,,Kd,=,400000.0,nM,0.0004,400000.0,3.3979400086720375,5.6020599913279625,,src/data/scPDB 2/1pkg_2/ligand.sdf,src/data/scPDB 2/1pkg_2/site.mol2,bindingdb_scpdb
1qcf,,,Kd,=,400000.0,nM,0.0004,400000.0,3.3979400086720375,5.6020599913279625,,src/data/scPDB 2/1qcf_1/ligand.sdf,src/data/scPDB 2/1qcf_1/site.mol2,bindingdb_scpdb
1qpe,,,Kd,=,400000.0,nM,0.0004,400000.0,3.3979400086720375,5.6020599913279625,,src/data/scPDB 2/1qpe_1/ligand.sdf,src/data/scPDB 2/1qpe_1/site.mol2,bindingdb_scpdb
1u54,,,Kd,=,400000.0,nM,0.0004,400000.0,3.3979400086720375,5.6020599913279625,,src/data/scPDB 2/1u54_1/ligand.sdf,src/data/scPDB 2/1u54_1/site.mol2,bindingdb_scpdb
1x27,,,Kd,=,400000.0,nM,0.0004,400000.0,3.3979400086720375,5.6020599913279625,,src/data/scPDB 2/1x27_1/ligand.sdf,src/data/scPDB 2/1x27_1/site.mol2,bindingdb_scpdb
1ywn,,,Kd,=,400000.0,nM,0.0004,400000.0,3.3979400086720375,5.6020599913279625,,src/data/scPDB 2/1ywn_1/ligand.sdf,src/data/scPDB 2/1ywn_1/site.mol2,bindingdb_scpdb
2c0i,,,Kd,=,400000.0,nM,0.0004,400000.0,3.3979400086720375,5.6020599913279625,,src/data/scPDB 2/2c0i_2/ligand.sdf,src/data/scPDB 2/2c0i_2/site.mol2,bindingdb_scpdb
2c0o,,,Kd,=,400000.0,nM,0.0004,400000.0,3.3979400086720375,5.6020599913279625,,src/data/scPDB 2/2c0o_1/ligand.sdf,src/data/scPDB 2/2c0o_1/site.mol2,bindingdb_scpdb
2c0t,,,Kd,=,400000.0,nM,0.0004,400000.0,3.3979400086720375,5.6020599913279625,,src/data/scPDB 2/2c0t_2/ligand.sdf,src/data/scPDB 2/2c0t_2/site.mol2,bindingdb_scpdb
2cjm,,,Kd,=,400000.0,nM,0.0004,400000.0,3.3979400086720375,5.6020599913279625,,src/data/scPDB 2/2cjm_1/ligand.sdf,src/data/scPDB 2/2cjm_1/site.mol2,bindingdb_scpdb
2oh4,,,Kd,=,400000.0,nM,0.0004,400000.0,3.3979400086720375,5.6020599913279625,,src/data/scPDB 2/2oh4_1/ligand.sdf,src/data/scPDB 2/2oh4_1/site.mol2,bindingdb_scpdb
2ow3,,,Kd,=,400000.0,nM,0.0004,400000.0,3.3979400086720375,5.6020599913279625,,src/data/scPDB 2/2ow3_1/ligand.sdf,src/data/scPDB 2/2ow3_1/site.mol2,bindingdb_scpdb
2qu5,,,Kd,=,400000.0,nM,0.0004,400000.0,3.3979400086720375,5.6020599913279625,,src/data/scPDB 2/2qu5_1/ligand.sdf,src/data/scPDB 2/2qu5_1/site.mol2,bindingdb_scpdb
2rl5,,,Kd,=,400000.0,nM,0.0004,400000.0,3.3979400086720375,5.6020599913279625,,src/data/scPDB 2/2rl5_1/ligand.sdf,src/data/scPDB 2/2rl5_1/site.mol2,bindingdb_scpdb
2x2l,,,Kd,=,400000.0,nM,0.0004,400000.0,3.3979400086720375,5.6020599913279625,,src/data/scPDB 2/2x2l_1/ligand.sdf,src/data/scPDB 2/2x2l_1/site.mol2,bindingdb_scpdb
2x2m,,,Kd,=,400000.0,nM,0.0004,400000.0,3.3979400086720375,5.6020599913279625,,src/data/scPDB 2/2x2m_1/ligand.sdf,src/data/scPDB 2/2x2m_1/site.mol2,bindingdb_scpdb
2zoq,,,Kd,=,400000.0,nM,0.0004,400000.0,3.3979400086720375,5.6020599913279625,,src/data/scPDB 2/2zoq_1/ligand.sdf,src/data/scPDB 2/2zoq_1/site.mol2,bindingdb_scpdb
2zyb,,,Kd,=,400000.0,nM,0.0004,400000.0,3.3979400086720375,5.6020599913279625,,src/data/scPDB 2/2zyb_1/ligand.sdf,src/data/scPDB 2/2zyb_1/site.mol2,bindingdb_scpdb
3ac1,,,Kd,=,400000.0,nM,0.0004,400000.0,3.3979400086720375,5.6020599913279625,,src/data/scPDB 2/3ac1_1/ligand.sdf,src/data/scPDB 2/3ac1_1/site.mol2,bindingdb_scpdb
3ac5,,,Kd,=,400000.0,nM,0.0004,400000.0,3.3979400086720375,5.6020599913279625,,src/data/scPDB 2/3ac5_1/ligand.sdf,src/data/scPDB 2/3ac5_1/site.mol2,bindingdb_scpdb
3acj,,,Kd,=,400000.0,nM,0.0004,400000.0,3.3979400086720375,5.6020599913279625,,src/data/scPDB 2/3acj_1/ligand.sdf,src/data/scPDB 2/3acj_1/site.mol2,bindingdb_scpdb
3ad6,,,Kd,=,400000.0,nM,0.0004,400000.0,3.3979400086720375,5.6020599913279625,,src/data/scPDB 2/3ad6_1/ligand.sdf,src/data/scPDB 2/3ad6_1/site.mol2,bindingdb_scpdb
3b8q,,,Kd,=,400000.0,nM,0.0004,400000.0,3.3979400086720375,5.6020599913279625,,src/data/scPDB 2/3b8q_2/ligand.sdf,src/data/scPDB 2/3b8q_2/site.mol2,bindingdb_scpdb
3cly,,,Kd,=,400000.0,nM,0.0004,400000.0,3.3979400086720375,5.6020599913279625,,src/data/scPDB 2/3cly_1/ligand.sdf,src/data/scPDB 2/3cly_1/site.mol2,bindingdb_scpdb
3cp9,,,Kd,=,400000.0,nM,0.0004,400000.0,3.3979400086720375,5.6020599913279625,,src/data/scPDB 2/3cp9_1/ligand.sdf,src/data/scPDB 2/3cp9_1/site.mol2,bindingdb_scpdb
3dqw,,,Kd,=,400000.0,nM,0.0004,400000.0,3.3979400086720375,5.6020599913279625,,src/data/scPDB 2/3dqw_3/ligand.sdf,src/data/scPDB 2/3dqw_3/site.mol2,bindingdb_scpdb
3eb0,,,Kd,=,400000.0,nM,0.0004,400000.0,3.3979400086720375,5.6020599913279625,,src/data/scPDB 2/3eb0_1/ligand.sdf,src/data/scPDB 2/3eb0_1/site.mol2,bindingdb_scpdb
3f7z,,,Kd,=,400000.0,nM,0.0004,400000.0,3.3979400086720375,5.6020599913279625,,src/data/scPDB 2/3f7z_2/ligand.sdf,src/data/scPDB 2/3f7z_2/site.mol2,bindingdb_scpdb
3gb2,,,Kd,=,400000.0,nM,0.0004,400000.0,3.3979400086720375,5.6020599913279625,,src/data/scPDB 2/3gb2_1/ligand.sdf,src/data/scPDB 2/3gb2_1/site.mol2,bindingdb_scpdb
3lpb,,,Kd,=,400000.0,nM,0.0004,400000.0,3.3979400086720375,5.6020599913279625,,src/data/scPDB 2/3lpb_2/ligand.sdf,src/data/scPDB 2/3lpb_2/site.mol2,bindingdb_scpdb
3lxp,,,Kd,=,400000.0,nM,0.0004,400000.0,3.3979400086720375,5.6020599913279625,,src/data/scPDB 2/3lxp_1/ligand.sdf,src/data/scPDB 2/3lxp_1/site.mol2,bindingdb_scpdb
3nnx,,,Kd,=,400000.0,nM,0.0004,400000.0,3.3979400086720375,5.6020599913279625,,src/data/scPDB 2/3nnx_1/ligand.sdf,src/data/scPDB 2/3nnx_1/site.mol2,bindingdb_scpdb
3say,,,Kd,=,400000.0,nM,0.0004,400000.0,3.3979400086720375,5.6020599913279625,,src/data/scPDB 2/3say_2/ligand.sdf,src/data/scPDB 2/3say_2/site.mol2,bindingdb_scpdb
3vs0,,,Kd,=,400000.0,nM,0.0004,400000.0,3.3979400086720375,5.6020599913279625,,src/data/scPDB 2/3vs0_1/ligand.sdf,src/data/scPDB 2/3vs0_1/site.mol2,bindingdb_scpdb
3vs1,,,Kd,=,400000.0,nM,0.0004,400000.0,3.3979400086720375,5.6020599913279625,,src/data/scPDB 2/3vs1_2/ligand.sdf,src/data/scPDB 2/3vs1_2/site.mol2,bindingdb_scpdb
3vs2,,,Kd,=,400000.0,nM,0.0004,400000.0,3.3979400086720375,5.6020599913279625,,src/data/scPDB 2/3vs2_2/ligand.sdf,src/data/scPDB 2/3vs2_2/site.mol2,bindingdb_scpdb
3vs3,,,Kd,=,400000.0,nM,0.0004,400000.0,3.3979400086720375,5.6020599913279625,,src/data/scPDB 2/3vs3_1/ligand.sdf,src/data/scPDB 2/3vs3_1/site.mol2,bindingdb_scpdb
3vs4,,,Kd,=,400000.0,nM,0.0004,400000.0,3.3979400086720375,5.6020599913279625,,src/data/scPDB 2/3vs4_1/ligand.sdf,src/data/scPDB 2/3vs4_1/site.mol2,bindingdb_scpdb
3vs5,,,Kd,=,400000.0,nM,0.0004,400000.0,3.3979400086720375,5.6020599913279625,,src/data/scPDB 2/3vs5_1/ligand.sdf,src/data/scPDB 2/3vs5_1/site.mol2,bindingdb_scpdb
3vs7,,,Kd,=,400000.0,nM,0.0004,400000.0,3.3979400086720375,5.6020599913279625,,src/data/scPDB 2/3vs7_2/ligand.sdf,src/data/scPDB 2/3vs7_2/site.mol2,bindingdb_scpdb
3zdi,,,Kd,=,400000.0,nM,0.0004,400000.0,3.3979400086720375,5.6020599913279625,,src/data/scPDB 2/3zdi_1/ligand.sdf,src/data/scPDB 2/3zdi_1/site.mol2,bindingdb_scpdb
3zmm,,,Kd,=,400000.0,nM,0.0004,400000.0,3.3979400086720375,5.6020599913279625,,src/data/scPDB 2/3zmm_2/ligand.sdf,src/data/scPDB 2/3zmm_2/site.mol2,bindingdb_scpdb
3zrk,,,Kd,=,400000.0,nM,0.0004,400000.0,3.3979400086720375,5.6020599913279625,,src/data/scPDB 2/3zrk_1/ligand.sdf,src/data/scPDB 2/3zrk_1/site.mol2,bindingdb_scpdb
3zrl,,,Kd,=,400000.0,nM,0.0004,400000.0,3.3979400086720375,5.6020599913279625,,src/data/scPDB 2/3zrl_2/ligand.sdf,src/data/scPDB 2/3zrl_2/site.mol2,bindingdb_scpdb
4c61,,,Kd,=,400000.0,nM,0.0004,400000.0,3.3979400086720375,5.6020599913279625,,src/data/scPDB 2/4c61_2/ligand.sdf,src/data/scPDB 2/4c61_2/site.mol2,bindingdb_scpdb
4c62,,,Kd,=,400000.0,nM,0.0004,400000.0,3.3979400086720375,5.6020599913279625,,src/data/scPDB 2/4c62_1/ligand.sdf,src/data/scPDB 2/4c62_1/site.mol2,bindingdb_scpdb
4dit,,,Kd,=,400000.0,nM,0.0004,400000.0,3.3979400086720375,5.6020599913279625,,src/data/scPDB 2/4dit_1/ligand.sdf,src/data/scPDB 2/4dit_1/site.mol2,bindingdb_scpdb
4f08,,,Kd,=,400000.0,nM,0.0004,400000.0,3.3979400086720375,5.6020599913279625,,src/data/scPDB 2/4f08_2/ligand.sdf,src/data/scPDB 2/4f08_2/site.mol2,bindingdb_scpdb
4ijp,,,Kd,=,400000.0,nM,0.0004,400000.0,3.3979400086720375,5.6020599913279625,,src/data/scPDB 2/4ijp_2/ligand.sdf,src/data/scPDB 2/4ijp_2/site.mol2,bindingdb_scpdb
4iwd,,,Kd,=,400000.0,nM,0.0004,400000.0,3.3979400086720375,5.6020599913279625,,src/data/scPDB 2/4iwd_1/ligand.sdf,src/data/scPDB 2/4iwd_1/site.mol2,bindingdb_scpdb
4j71,,,Kd,=,400000.0,nM,0.0004,400000.0,3.3979400086720375,5.6020599913279625,,src/data/scPDB 2/4j71_1/ligand.sdf,src/data/scPDB 2/4j71_1/site.mol2,bindingdb_scpdb
4k11,,,Kd,=,400000.0,nM,0.0004,400000.0,3.3979400086720375,5.6020599913279625,,src/data/scPDB 2/4k11_1/ligand.sdf,src/data/scPDB 2/4k11_1/site.mol2,bindingdb_scpdb
4mq1,,,Kd,=,400000.0,nM,0.0004,400000.0,3.3979400086720375,5.6020599913279625,,src/data/scPDB 2/4mq1_2/ligand.sdf,src/data/scPDB 2/4mq1_2/site.mol2,bindingdb_scpdb
4xlv,,,Kd,=,400000.0,nM,0.0004,400000.0,3.3979400086720375,5.6020599913279625,,src/data/scPDB 2/4xlv_1/ligand.sdf,src/data/scPDB 2/4xlv_1/site.mol2,bindingdb_scpdb
5amn,,,Kd,=,400000.0,nM,0.0004,400000.0,3.3979400086720375,5.6020599913279625,,src/data/scPDB 2/5amn_1/ligand.sdf,src/data/scPDB 2/5amn_1/site.mol2,bindingdb_scpdb
2obj,,,Kd,=,5000.0,nM,5e-06,5000.0,5.301029995663981,3.6989700043360187,,src/data/scPDB 2/2obj_1/ligand.sdf,src/data/scPDB 2/2obj_1/site.mol2,bindingdb_scpdb
2ow9,,,Ki,=,64.0,nM,6.4e-08,64.0,7.1938200260161125,1.806179973983887,,src/data/scPDB 2/2ow9_1/ligand.sdf,src/data/scPDB 2/2ow9_1/site.mol2,bindingdb_scpdb
2c1z,,,Ki,=,2400.0,nM,2.4000000000000003e-06,2400.0,5.619788758288394,3.380211241711606,,src/data/scPDB 2/2c1z_2/ligand.sdf,src/data/scPDB 2/2c1z_2/site.mol2,bindingdb_scpdb
3qwh,,,Ki,=,2400.0,nM,2.4000000000000003e-06,2400.0,5.619788758288394,3.380211241711606,,src/data/scPDB 2/3qwh_3/ligand.sdf,src/data/scPDB 2/3qwh_3/site.mol2,bindingdb_scpdb
5av3,,,Ki,=,2400.0,nM,2.4000000000000003e-06,2400.0,5.619788758288394,3.380211241711606,,src/data/scPDB 2/5av3_1/ligand.sdf,src/data/scPDB 2/5av3_1/site.mol2,bindingdb_scpdb
2kfx,,,Ki,=,110000.0,nM,0.00011,110000.0,3.9586073148417746,5.041392685158225,,src/data/scPDB 2/2kfx_1/ligand.sdf,src/data/scPDB 2/2kfx_1/site.mol2,bindingdb_scpdb
3rtm,,,Kd,=,38400.0,nM,3.8400000000000005e-05,38400.0,4.4156687756324695,4.5843312243675305,,src/data/scPDB 2/3rtm_1/ligand.sdf,src/data/scPDB 2/3rtm_1/site.mol2,bindingdb_scpdb
4e93,,,Kd,=,150.0,nM,1.5000000000000002e-07,150.0,6.823908740944319,2.1760912590556813,,src/data/scPDB 2/4e93_1/ligand.sdf,src/data/scPDB 2/4e93_1/site.mol2,bindingdb_scpdb
4e9a,,,Ki,=,46.0,nM,4.6e-08,46.0,7.337242168318426,1.662757831681574,,src/data/scPDB 2/4e9a_1/ligand.sdf,src/data/scPDB 2/4e9a_1/site.mol2,bindingdb_scpdb
1r0e,,,Kd,=,0.053,nM,5.3000000000000004e-11,0.053,10.275724130399212,-1.275724130399211,,src/data/scPDB 2/1r0e_2/ligand.sdf,src/data/scPDB 2/1r0e_2/site.mol2,bindingdb_scpdb
3zv6,,,Kd,=,150000.0,nM,0.00015000000000000001,150000.0,3.8239087409443187,5.176091259055681,,src/data/scPDB 2/3zv6_1/ligand.sdf,src/data/scPDB 2/3zv6_1/site.mol2,bindingdb_scpdb
1gx2,,,Kd,=,7000000.0,nM,0.007,7000000.0,2.154901959985743,6.845098040014257,,src/data/scPDB 2/1gx2_2/ligand.sdf,src/data/scPDB 2/1gx2_2/site.mol2,bindingdb_scpdb
4ft3,,,Ki,=,631.0,nM,6.310000000000001e-07,631.0,6.199970640755866,2.8000293592441343,,src/data/scPDB 2/4ft3_1/ligand.sdf,src/data/scPDB 2/4ft3_1/site.mol2,bindingdb_scpdb
3wxo,,,Ki,=,60000.0,nM,6e-05,60000.0,4.221848749616356,4.778151250383644,,src/data/scPDB 2/3wxo_2/ligand.sdf,src/data/scPDB 2/3wxo_2/site.mol2,bindingdb_scpdb
5dhg,,,Ki,=,0.724436,nM,7.24436e-10,0.724436,9.139999976065226,-0.13999997606522596,,src/data/scPDB 2/5dhg_1/ligand.sdf,src/data/scPDB 2/5dhg_1/site.mol2,bindingdb_scpdb
1s9q,,,Ki,=,0.5,nM,5e-10,0.5,9.301029995663981,-0.3010299956639812,,src/data/scPDB 2/1s9q_1/ligand.sdf,src/data/scPDB 2/1s9q_1/site.mol2,bindingdb_scpdb
2fsz,,,Ki,=,0.5,nM,5e-10,0.5,9.301029995663981,-0.3010299956639812,,src/data/scPDB 2/2fsz_1/ligand.sdf,src/data/scPDB 2/2fsz_1/site.mol2,bindingdb_scpdb
2gpu,,,Ki,=,0.5,nM,5e-10,0.5,9.301029995663981,-0.3010299956639812,,src/data/scPDB 2/2gpu_1/ligand.sdf,src/data/scPDB 2/2gpu_1/site.mol2,bindingdb_scpdb
2y6d,,,Ki,=,79.0,nM,7.9e-08,79.0,7.102372908709558,1.8976270912904414,,src/data/scPDB 2/2y6d_1/ligand.sdf,src/data/scPDB 2/2y6d_1/site.mol2,bindingdb_scpdb
4ie6,,,Kd,=,122000.0,nM,0.00012200000000000001,122000.0,3.9136401693252516,5.086359830674748,,src/data/scPDB 2/4ie6_1/ligand.sdf,src/data/scPDB 2/4ie6_1/site.mol2,bindingdb_scpdb
2z4y,,,Ki,=,590.0,nM,5.900000000000001e-07,590.0,6.229147988357855,2.7708520116421442,,src/data/scPDB 2/2z4y_1/ligand.sdf,src/data/scPDB 2/2z4y_1/site.mol2,bindingdb_scpdb
1bof,,,Ki,=,77900.0,nM,7.790000000000001e-05,77900.0,4.108462542327436,4.891537457672564,,src/data/scPDB 2/1bof_1/ligand.sdf,src/data/scPDB 2/1bof_1/site.mol2,bindingdb_scpdb
1cg0,,,Ki,=,77900.0,nM,7.790000000000001e-05,77900.0,4.108462542327436,4.891537457672564,,src/data/scPDB 2/1cg0_1/ligand.sdf,src/data/scPDB 2/1cg0_1/site.mol2,bindingdb_scpdb
1cg1,,,Ki,=,77900.0,nM,7.790000000000001e-05,77900.0,4.108462542327436,4.891537457672564,,src/data/scPDB 2/1cg1_1/ligand.sdf,src/data/scPDB 2/1cg1_1/site.mol2,bindingdb_scpdb
1cg3,,,Ki,=,77900.0,nM,7.790000000000001e-05,77900.0,4.108462542327436,4.891537457672564,,src/data/scPDB 2/1cg3_1/ligand.sdf,src/data/scPDB 2/1cg3_1/site.mol2,bindingdb_scpdb
1dj2,,,Ki,=,77900.0,nM,7.790000000000001e-05,77900.0,4.108462542327436,4.891537457672564,,src/data/scPDB 2/1dj2_2/ligand.sdf,src/data/scPDB 2/1dj2_2/site.mol2,bindingdb_scpdb
1gp2,,,Ki,=,77900.0,nM,7.790000000000001e-05,77900.0,4.108462542327436,4.891537457672564,,src/data/scPDB 2/1gp2_1/ligand.sdf,src/data/scPDB 2/1gp2_1/site.mol2,bindingdb_scpdb
1h65,,,Ki,=,77900.0,nM,7.790000000000001e-05,77900.0,4.108462542327436,4.891537457672564,,src/data/scPDB 2/1h65_2/ligand.sdf,src/data/scPDB 2/1h65_2/site.mol2,bindingdb_scpdb
1ksz,,,Ki,=,77900.0,nM,7.790000000000001e-05,77900.0,4.108462542327436,4.891537457672564,,src/data/scPDB 2/1ksz_2/ligand.sdf,src/data/scPDB 2/1ksz_2/site.mol2,bindingdb_scpdb
1lny,,,Ki,=,77900.0,nM,7.790000000000001e-05,77900.0,4.108462542327436,4.891537457672564,,src/data/scPDB 2/1lny_2/ligand.sdf,src/data/scPDB 2/1lny_2/site.mol2,bindingdb_scpdb
1lon,,,Ki,=,77900.0,nM,7.790000000000001e-05,77900.0,4.108462542327436,4.891537457672564,,src/data/scPDB 2/1lon_2/ligand.sdf,src/data/scPDB 2/1lon_2/site.mol2,bindingdb_scpdb
1mez,,,Ki,=,77900.0,nM,7.790000000000001e-05,77900.0,4.108462542327436,4.891537457672564,,src/data/scPDB 2/1mez_1/ligand.sdf,src/data/scPDB 2/1mez_1/site.mol2,bindingdb_scpdb
1mf0,,,Ki,=,77900.0,nM,7.790000000000001e-05,77900.0,4.108462542327436,4.891537457672564,,src/data/scPDB 2/1mf0_1/ligand.sdf,src/data/scPDB 2/1mf0_1/site.mol2,bindingdb_scpdb
1n7h,,,Ki,=,77900.0,nM,7.790000000000001e-05,77900.0,4.108462542327436,4.891537457672564,,src/data/scPDB 2/1n7h_4/ligand.sdf,src/data/scPDB 2/1n7h_4/site.mol2,bindingdb_scpdb
1nht,,,Ki,=,77900.0,nM,7.790000000000001e-05,77900.0,4.108462542327436,4.891537457672564,,src/data/scPDB 2/1nht_2/ligand.sdf,src/data/scPDB 2/1nht_2/site.mol2,bindingdb_scpdb
1nue,,,Ki,=,77900.0,nM,7.790000000000001e-05,77900.0,4.108462542327436,4.891537457672564,,src/data/scPDB 2/1nue_6/ligand.sdf,src/data/scPDB 2/1nue_6/site.mol2,bindingdb_scpdb
1ow3,,,Ki,=,77900.0,nM,7.790000000000001e-05,77900.0,4.108462542327436,4.891537457672564,,src/data/scPDB 2/1ow3_1/ligand.sdf,src/data/scPDB 2/1ow3_1/site.mol2,bindingdb_scpdb
1qf4,,,Ki,=,77900.0,nM,7.790000000000001e-05,77900.0,4.108462542327436,4.891537457672564,,src/data/scPDB 2/1qf4_1/ligand.sdf,src/data/scPDB 2/1qf4_1/site.mol2,bindingdb_scpdb
1qf5,,,Ki,=,77900.0,nM,7.790000000000001e-05,77900.0,4.108462542327436,4.891537457672564,,src/data/scPDB 2/1qf5_1/ligand.sdf,src/data/scPDB 2/1qf5_1/site.mol2,bindingdb_scpdb
1s4p,,,Ki,=,77900.0,nM,7.790000000000001e-05,77900.0,4.108462542327436,4.891537457672564,,src/data/scPDB 2/1s4p_2/ligand.sdf,src/data/scPDB 2/1s4p_2/site.mol2,bindingdb_scpdb
1s9d,,,Ki,=,77900.0,nM,7.790000000000001e-05,77900.0,4.108462542327436,4.891537457672564,,src/data/scPDB 2/1s9d_1/ligand.sdf,src/data/scPDB 2/1s9d_1/site.mol2,bindingdb_scpdb
1t2a,,,Ki,=,77900.0,nM,7.790000000000001e-05,77900.0,4.108462542327436,4.891537457672564,,src/data/scPDB 2/1t2a_7/ligand.sdf,src/data/scPDB 2/1t2a_7/site.mol2,bindingdb_scpdb
1u2r,,,Ki,=,77900.0,nM,7.790000000000001e-05,77900.0,4.108462542327436,4.891537457672564,,src/data/scPDB 2/1u2r_1/ligand.sdf,src/data/scPDB 2/1u2r_1/site.mol2,bindingdb_scpdb
1x1r,,,Ki,=,77900.0,nM,7.790000000000001e-05,77900.0,4.108462542327436,4.891537457672564,,src/data/scPDB 2/1x1r_1/ligand.sdf,src/data/scPDB 2/1x1r_1/site.mol2,bindingdb_scpdb
1xje,,,Ki,=,77900.0,nM,7.790000000000001e-05,77900.0,4.108462542327436,4.891537457672564,,src/data/scPDB 2/1xje_1/ligand.sdf,src/data/scPDB 2/1xje_1/site.mol2,bindingdb_scpdb
1yra,,,Ki,=,77900.0,nM,7.790000000000001e-05,77900.0,4.108462542327436,4.891537457672564,,src/data/scPDB 2/1yra_1/ligand.sdf,src/data/scPDB 2/1yra_1/site.mol2,bindingdb_scpdb
1z0a,,,Ki,=,77900.0,nM,7.790000000000001e-05,77900.0,4.108462542327436,4.891537457672564,,src/data/scPDB 2/1z0a_3/ligand.sdf,src/data/scPDB 2/1z0a_3/site.mol2,bindingdb_scpdb
1z0d,,,Ki,=,77900.0,nM,7.790000000000001e-05,77900.0,4.108462542327436,4.891537457672564,,src/data/scPDB 2/1z0d_1/ligand.sdf,src/data/scPDB 2/1z0d_1/site.mol2,bindingdb_scpdb
1z0f,,,Ki,=,77900.0,nM,7.790000000000001e-05,77900.0,4.108462542327436,4.891537457672564,,src/data/scPDB 2/1z0f_1/ligand.sdf,src/data/scPDB 2/1z0f_1/site.mol2,bindingdb_scpdb
1z2a,,,Ki,=,77900.0,nM,7.790000000000001e-05,77900.0,4.108462542327436,4.891537457672564,,src/data/scPDB 2/1z2a_1/ligand.sdf,src/data/scPDB 2/1z2a_1/site.mol2,bindingdb_scpdb
1zd9,,,Ki,=,77900.0,nM,7.790000000000001e-05,77900.0,4.108462542327436,4.891537457672564,,src/data/scPDB 2/1zd9_1/ligand.sdf,src/data/scPDB 2/1zd9_1/site.mol2,bindingdb_scpdb
1zny,,,Ki,=,77900.0,nM,7.790000000000001e-05,77900.0,4.108462542327436,4.891537457672564,,src/data/scPDB 2/1zny_1/ligand.sdf,src/data/scPDB 2/1zny_1/site.mol2,bindingdb_scpdb
2ce2,,,Ki,=,77900.0,nM,7.790000000000001e-05,77900.0,4.108462542327436,4.891537457672564,,src/data/scPDB 2/2ce2_1/ligand.sdf,src/data/scPDB 2/2ce2_1/site.mol2,bindingdb_scpdb
2cvw,,,Ki,=,77900.0,nM,7.790000000000001e-05,77900.0,4.108462542327436,4.891537457672564,,src/data/scPDB 2/2cvw_2/ligand.sdf,src/data/scPDB 2/2cvw_2/site.mol2,bindingdb_scpdb
2dgn,,,Ki,=,77900.0,nM,7.790000000000001e-05,77900.0,4.108462542327436,4.891537457672564,,src/data/scPDB 2/2dgn_1/ligand.sdf,src/data/scPDB 2/2dgn_1/site.mol2,bindingdb_scpdb
2fah,,,Ki,=,77900.0,nM,7.790000000000001e-05,77900.0,4.108462542327436,4.891537457672564,,src/data/scPDB 2/2fah_1/ligand.sdf,src/data/scPDB 2/2fah_1/site.mol2,bindingdb_scpdb
2fmx,,,Ki,=,77900.0,nM,7.790000000000001e-05,77900.0,4.108462542327436,4.891537457672564,,src/data/scPDB 2/2fmx_2/ligand.sdf,src/data/scPDB 2/2fmx_2/site.mol2,bindingdb_scpdb
2gcq,,,Ki,=,77900.0,nM,7.790000000000001e-05,77900.0,4.108462542327436,4.891537457672564,,src/data/scPDB 2/2gcq_1/ligand.sdf,src/data/scPDB 2/2gcq_1/site.mol2,bindingdb_scpdb
2hdn,,,Ki,=,77900.0,nM,7.790000000000001e-05,77900.0,4.108462542327436,4.891537457672564,,src/data/scPDB 2/2hdn_1/ligand.sdf,src/data/scPDB 2/2hdn_1/site.mol2,bindingdb_scpdb
2ic5,,,Ki,=,77900.0,nM,7.790000000000001e-05,77900.0,4.108462542327436,4.891537457672564,,src/data/scPDB 2/2ic5_2/ligand.sdf,src/data/scPDB 2/2ic5_2/site.mol2,bindingdb_scpdb
2msc,,,Ki,=,77900.0,nM,7.790000000000001e-05,77900.0,4.108462542327436,4.891537457672564,,src/data/scPDB 2/2msc_1/ligand.sdf,src/data/scPDB 2/2msc_1/site.mol2,bindingdb_scpdb
2y4l,,,Ki,=,77900.0,nM,7.790000000000001e-05,77900.0,4.108462542327436,4.891537457672564,,src/data/scPDB 2/2y4l_1/ligand.sdf,src/data/scPDB 2/2y4l_1/site.mol2,bindingdb_scpdb
2zgy,,,Ki,=,77900.0,nM,7.790000000000001e-05,77900.0,4.108462542327436,4.891537457672564,,src/data/scPDB 2/2zgy_2/ligand.sdf,src/data/scPDB 2/2zgy_2/site.mol2,bindingdb_scpdb
3aez,,,Ki,=,77900.0,nM,7.790000000000001e-05,77900.0,4.108462542327436,4.891537457672564,,src/data/scPDB 2/3aez_1/ligand.sdf,src/data/scPDB 2/3aez_1/site.mol2,bindingdb_scpdb
3af1,,,Ki,=,77900.0,nM,7.790000000000001e-05,77900.0,4.108462542327436,4.891537457672564,,src/data/scPDB 2/3af1_1/ligand.sdf,src/data/scPDB 2/3af1_1/site.mol2,bindingdb_scpdb
3bb3,,,Ki,=,77900.0,nM,7.790000000000001e-05,77900.0,4.108462542327436,4.891537457672564,,src/data/scPDB 2/3bb3_1/ligand.sdf,src/data/scPDB 2/3bb3_1/site.mol2,bindingdb_scpdb
3c3e,,,Ki,=,77900.0,nM,7.790000000000001e-05,77900.0,4.108462542327436,4.891537457672564,,src/data/scPDB 2/3c3e_2/ligand.sdf,src/data/scPDB 2/3c3e_2/site.mol2,bindingdb_scpdb
3cb2,,,Ki,=,77900.0,nM,7.790000000000001e-05,77900.0,4.108462542327436,4.891537457672564,,src/data/scPDB 2/3cb2_1/ligand.sdf,src/data/scPDB 2/3cb2_1/site.mol2,bindingdb_scpdb
3ea5,,,Ki,=,77900.0,nM,7.790000000000001e-05,77900.0,4.108462542327436,4.891537457672564,,src/data/scPDB 2/3ea5_2/ligand.sdf,src/data/scPDB 2/3ea5_2/site.mol2,bindingdb_scpdb
3ec1,,,Ki,=,77900.0,nM,7.790000000000001e-05,77900.0,4.108462542327436,4.891537457672564,,src/data/scPDB 2/3ec1_2/ligand.sdf,src/data/scPDB 2/3ec1_2/site.mol2,bindingdb_scpdb
3fqj,,,Ki,=,77900.0,nM,7.790000000000001e-05,77900.0,4.108462542327436,4.891537457672564,,src/data/scPDB 2/3fqj_1/ligand.sdf,src/data/scPDB 2/3fqj_1/site.mol2,bindingdb_scpdb
3ieu,,,Ki,=,77900.0,nM,7.790000000000001e-05,77900.0,4.108462542327436,4.891537457672564,,src/data/scPDB 2/3ieu_2/ligand.sdf,src/data/scPDB 2/3ieu_2/site.mol2,bindingdb_scpdb
3kuc,,,Ki,=,77900.0,nM,7.790000000000001e-05,77900.0,4.108462542327436,4.891537457672564,,src/data/scPDB 2/3kuc_1/ligand.sdf,src/data/scPDB 2/3kuc_1/site.mol2,bindingdb_scpdb
3o3p,,,Ki,=,77900.0,nM,7.790000000000001e-05,77900.0,4.108462542327436,4.891537457672564,,src/data/scPDB 2/3o3p_1/ligand.sdf,src/data/scPDB 2/3o3p_1/site.mol2,bindingdb_scpdb
3onw,,,Ki,=,77900.0,nM,7.790000000000001e-05,77900.0,4.108462542327436,4.891537457672564,,src/data/scPDB 2/3onw_1/ligand.sdf,src/data/scPDB 2/3onw_1/site.mol2,bindingdb_scpdb
3qbv,,,Ki,=,77900.0,nM,7.790000000000001e-05,77900.0,4.108462542327436,4.891537457672564,,src/data/scPDB 2/3qbv_2/ligand.sdf,src/data/scPDB 2/3qbv_2/site.mol2,bindingdb_scpdb
3qi2,,,Ki,=,77900.0,nM,7.790000000000001e-05,77900.0,4.108462542327436,4.891537457672564,,src/data/scPDB 2/3qi2_2/ligand.sdf,src/data/scPDB 2/3qi2_2/site.mol2,bindingdb_scpdb
3sop,,,Ki,=,77900.0,nM,7.790000000000001e-05,77900.0,4.108462542327436,4.891537457672564,,src/data/scPDB 2/3sop_1/ligand.sdf,src/data/scPDB 2/3sop_1/site.mol2,bindingdb_scpdb
3tdv,,,Ki,=,77900.0,nM,7.790000000000001e-05,77900.0,4.108462542327436,4.891537457672564,,src/data/scPDB 2/3tdv_2/ligand.sdf,src/data/scPDB 2/3tdv_2/site.mol2,bindingdb_scpdb
3tdw,,,Ki,=,77900.0,nM,7.790000000000001e-05,77900.0,4.108462542327436,4.891537457672564,,src/data/scPDB 2/3tdw_1/ligand.sdf,src/data/scPDB 2/3tdw_1/site.mol2,bindingdb_scpdb
3ut5,,,Ki,=,77900.0,nM,7.790000000000001e-05,77900.0,4.108462542327436,4.891537457672564,,src/data/scPDB 2/3ut5_2/ligand.sdf,src/data/scPDB 2/3ut5_2/site.mol2,bindingdb_scpdb
3wy9,,,Ki,=,77900.0,nM,7.790000000000001e-05,77900.0,4.108462542327436,4.891537457672564,,src/data/scPDB 2/3wy9_2/ligand.sdf,src/data/scPDB 2/3wy9_2/site.mol2,bindingdb_scpdb
3zid,,,Ki,=,77900.0,nM,7.790000000000001e-05,77900.0,4.108462542327436,4.891537457672564,,src/data/scPDB 2/3zid_1/ligand.sdf,src/data/scPDB 2/3zid_1/site.mol2,bindingdb_scpdb
3zy3,,,Ki,=,77900.0,nM,7.790000000000001e-05,77900.0,4.108462542327436,4.891537457672564,,src/data/scPDB 2/3zy3_2/ligand.sdf,src/data/scPDB 2/3zy3_2/site.mol2,bindingdb_scpdb
4b8w,,,Ki,=,77900.0,nM,7.790000000000001e-05,77900.0,4.108462542327436,4.891537457672564,,src/data/scPDB 2/4b8w_4/ligand.sdf,src/data/scPDB 2/4b8w_4/site.mol2,bindingdb_scpdb
4b8z,,,Ki,=,77900.0,nM,7.790000000000001e-05,77900.0,4.108462542327436,4.891537457672564,,src/data/scPDB 2/4b8z_8/ligand.sdf,src/data/scPDB 2/4b8z_8/site.mol2,bindingdb_scpdb
4dxd,,,Ki,=,77900.0,nM,7.790000000000001e-05,77900.0,4.108462542327436,4.891537457672564,,src/data/scPDB 2/4dxd_1/ligand.sdf,src/data/scPDB 2/4dxd_1/site.mol2,bindingdb_scpdb
4ei7,,,Ki,=,77900.0,nM,7.790000000000001e-05,77900.0,4.108462542327436,4.891537457672564,,src/data/scPDB 2/4ei7_1/ligand.sdf,src/data/scPDB 2/4ei7_1/site.mol2,bindingdb_scpdb
4epx,,,Ki,=,77900.0,nM,7.790000000000001e-05,77900.0,4.108462542327436,4.891537457672564,,src/data/scPDB 2/4epx_2/ligand.sdf,src/data/scPDB 2/4epx_2/site.mol2,bindingdb_scpdb
4f6r,,,Ki,=,77900.0,nM,7.790000000000001e-05,77900.0,4.108462542327436,4.891537457672564,,src/data/scPDB 2/4f6r_2/ligand.sdf,src/data/scPDB 2/4f6r_2/site.mol2,bindingdb_scpdb
4f97,,,Ki,=,77900.0,nM,7.790000000000001e-05,77900.0,4.108462542327436,4.891537457672564,,src/data/scPDB 2/4f97_1/ligand.sdf,src/data/scPDB 2/4f97_1/site.mol2,bindingdb_scpdb
4fid,,,Ki,=,77900.0,nM,7.790000000000001e-05,77900.0,4.108462542327436,4.891537457672564,,src/data/scPDB 2/4fid_1/ligand.sdf,src/data/scPDB 2/4fid_1/site.mol2,bindingdb_scpdb
4g01,,,Ki,=,77900.0,nM,7.790000000000001e-05,77900.0,4.108462542327436,4.891537457672564,,src/data/scPDB 2/4g01_1/ligand.sdf,src/data/scPDB 2/4g01_1/site.mol2,bindingdb_scpdb
4hi0,,,Ki,=,77900.0,nM,7.790000000000001e-05,77900.0,4.108462542327436,4.891537457672564,,src/data/scPDB 2/4hi0_1/ligand.sdf,src/data/scPDB 2/4hi0_1/site.mol2,bindingdb_scpdb
4i50,,,Ki,=,77900.0,nM,7.790000000000001e-05,77900.0,4.108462542327436,4.891537457672564,,src/data/scPDB 2/4i50_3/ligand.sdf,src/data/scPDB 2/4i50_3/site.mol2,bindingdb_scpdb
4ien,,,Ki,=,77900.0,nM,7.790000000000001e-05,77900.0,4.108462542327436,4.891537457672564,,src/data/scPDB 2/4ien_1/ligand.sdf,src/data/scPDB 2/4ien_1/site.mol2,bindingdb_scpdb
4ihj,,,Ki,=,77900.0,nM,7.790000000000001e-05,77900.0,4.108462542327436,4.891537457672564,,src/data/scPDB 2/4ihj_1/ligand.sdf,src/data/scPDB 2/4ihj_1/site.mol2,bindingdb_scpdb
4iij,,,Ki,=,77900.0,nM,7.790000000000001e-05,77900.0,4.108462542327436,4.891537457672564,,src/data/scPDB 2/4iij_1/ligand.sdf,src/data/scPDB 2/4iij_1/site.mol2,bindingdb_scpdb
4itr,,,Ki,=,77900.0,nM,7.790000000000001e-05,77900.0,4.108462542327436,4.891537457672564,,src/data/scPDB 2/4itr_2/ligand.sdf,src/data/scPDB 2/4itr_2/site.mol2,bindingdb_scpdb
4l9s,,,Ki,=,77900.0,nM,7.790000000000001e-05,77900.0,4.108462542327436,4.891537457672564,,src/data/scPDB 2/4l9s_1/ligand.sdf,src/data/scPDB 2/4l9s_1/site.mol2,bindingdb_scpdb
4lpk,,,Ki,=,77900.0,nM,7.790000000000001e-05,77900.0,4.108462542327436,4.891537457672564,,src/data/scPDB 2/4lpk_2/ligand.sdf,src/data/scPDB 2/4lpk_2/site.mol2,bindingdb_scpdb
4lrw,,,Ki,=,77900.0,nM,7.790000000000001e-05,77900.0,4.108462542327436,4.891537457672564,,src/data/scPDB 2/4lrw_2/ligand.sdf,src/data/scPDB 2/4lrw_2/site.mol2,bindingdb_scpdb
4lv8,,,Ki,=,77900.0,nM,7.790000000000001e-05,77900.0,4.108462542327436,4.891537457672564,,src/data/scPDB 2/4lv8_1/ligand.sdf,src/data/scPDB 2/4lv8_1/site.mol2,bindingdb_scpdb
4m0l,,,Ki,=,77900.0,nM,7.790000000000001e-05,77900.0,4.108462542327436,4.891537457672564,,src/data/scPDB 2/4m0l_2/ligand.sdf,src/data/scPDB 2/4m0l_2/site.mol2,bindingdb_scpdb
4ncl,,,Ki,=,77900.0,nM,7.790000000000001e-05,77900.0,4.108462542327436,4.891537457672564,,src/data/scPDB 2/4ncl_1/ligand.sdf,src/data/scPDB 2/4ncl_1/site.mol2,bindingdb_scpdb
4o2r,,,Ki,=,77900.0,nM,7.790000000000001e-05,77900.0,4.108462542327436,4.891537457672564,,src/data/scPDB 2/4o2r_2/ligand.sdf,src/data/scPDB 2/4o2r_2/site.mol2,bindingdb_scpdb
4obe,,,Ki,=,77900.0,nM,7.790000000000001e-05,77900.0,4.108462542327436,4.891537457672564,,src/data/scPDB 2/4obe_1/ligand.sdf,src/data/scPDB 2/4obe_1/site.mol2,bindingdb_scpdb
4q02,,,Ki,=,77900.0,nM,7.790000000000001e-05,77900.0,4.108462542327436,4.891537457672564,,src/data/scPDB 2/4q02_1/ligand.sdf,src/data/scPDB 2/4q02_1/site.mol2,bindingdb_scpdb
4q03,,,Ki,=,77900.0,nM,7.790000000000001e-05,77900.0,4.108462542327436,4.891537457672564,,src/data/scPDB 2/4q03_1/ligand.sdf,src/data/scPDB 2/4q03_1/site.mol2,bindingdb_scpdb
4ql3,,,Ki,=,77900.0,nM,7.790000000000001e-05,77900.0,4.108462542327436,4.891537457672564,,src/data/scPDB 2/4ql3_1/ligand.sdf,src/data/scPDB 2/4ql3_1/site.mol2,bindingdb_scpdb
4tuy,,,Ki,=,77900.0,nM,7.790000000000001e-05,77900.0,4.108462542327436,4.891537457672564,,src/data/scPDB 2/4tuy_1/ligand.sdf,src/data/scPDB 2/4tuy_1/site.mol2,bindingdb_scpdb
4ylg,,,Ki,=,77900.0,nM,7.790000000000001e-05,77900.0,4.108462542327436,4.891537457672564,,src/data/scPDB 2/4ylg_1/ligand.sdf,src/data/scPDB 2/4ylg_1/site.mol2,bindingdb_scpdb
4yqf,,,Ki,=,77900.0,nM,7.790000000000001e-05,77900.0,4.108462542327436,4.891537457672564,,src/data/scPDB 2/4yqf_1/ligand.sdf,src/data/scPDB 2/4yqf_1/site.mol2,bindingdb_scpdb
4z54,,,Ki,=,77900.0,nM,7.790000000000001e-05,77900.0,4.108462542327436,4.891537457672564,,src/data/scPDB 2/4z54_1/ligand.sdf,src/data/scPDB 2/4z54_1/site.mol2,bindingdb_scpdb
4z87,,,Ki,=,77900.0,nM,7.790000000000001e-05,77900.0,4.108462542327436,4.891537457672564,,src/data/scPDB 2/4z87_2/ligand.sdf,src/data/scPDB 2/4z87_2/site.mol2,bindingdb_scpdb
4zhq,,,Ki,=,77900.0,nM,7.790000000000001e-05,77900.0,4.108462542327436,4.891537457672564,,src/data/scPDB 2/4zhq_5/ligand.sdf,src/data/scPDB 2/4zhq_5/site.mol2,bindingdb_scpdb
5bwm,,,Ki,=,77900.0,nM,7.790000000000001e-05,77900.0,4.108462542327436,4.891537457672564,,src/data/scPDB 2/5bwm_2/ligand.sdf,src/data/scPDB 2/5bwm_2/site.mol2,bindingdb_scpdb
5c8y,,,Ki,=,77900.0,nM,7.790000000000001e-05,77900.0,4.108462542327436,4.891537457672564,,src/data/scPDB 2/5c8y_1/ligand.sdf,src/data/scPDB 2/5c8y_1/site.mol2,bindingdb_scpdb
5ca1,,,Ki,=,77900.0,nM,7.790000000000001e-05,77900.0,4.108462542327436,4.891537457672564,,src/data/scPDB 2/5ca1_1/ligand.sdf,src/data/scPDB 2/5ca1_1/site.mol2,bindingdb_scpdb
2gyu,,,Kd,=,93000.0,nM,9.300000000000001e-05,93000.0,4.031517051446065,4.968482948553935,,src/data/scPDB 2/2gyu_2/ligand.sdf,src/data/scPDB 2/2gyu_2/site.mol2,bindingdb_scpdb
5ewj,,,Ki,=,10.0,nM,1e-08,10.0,8.0,1.0,,src/data/scPDB 2/5ewj_1/ligand.sdf,src/data/scPDB 2/5ewj_1/site.mol2,bindingdb_scpdb
5a4u,,,Ki,=,11000.0,nM,1.1000000000000001e-05,11000.0,4.958607314841775,4.041392685158225,,src/data/scPDB 2/5a4u_5/ligand.sdf,src/data/scPDB 2/5a4u_5/site.mol2,bindingdb_scpdb
3tjl,,,Ki,=,27000.0,nM,2.7000000000000002e-05,27000.0,4.568636235841013,4.431363764158987,,src/data/scPDB 2/3tjl_1/ligand.sdf,src/data/scPDB 2/3tjl_1/site.mol2,bindingdb_scpdb
3v1n,,,Ki,=,27000.0,nM,2.7000000000000002e-05,27000.0,4.568636235841013,4.431363764158987,,src/data/scPDB 2/3v1n_1/ligand.sdf,src/data/scPDB 2/3v1n_1/site.mol2,bindingdb_scpdb
4df2,,,Ki,=,27000.0,nM,2.7000000000000002e-05,27000.0,4.568636235841013,4.431363764158987,,src/data/scPDB 2/4df2_1/ligand.sdf,src/data/scPDB 2/4df2_1/site.mol2,bindingdb_scpdb
5c8w,,,Ki,=,27000.0,nM,2.7000000000000002e-05,27000.0,4.568636235841013,4.431363764158987,,src/data/scPDB 2/5c8w_5/ligand.sdf,src/data/scPDB 2/5c8w_5/site.mol2,bindingdb_scpdb
1pqc,,,Ki,=,132.0,nM,1.3200000000000002e-07,132.0,6.8794260687941495,2.12057393120585,,src/data/scPDB 2/1pqc_4/ligand.sdf,src/data/scPDB 2/1pqc_4/site.mol2,bindingdb_scpdb
1upv,,,Ki,=,132.0,nM,1.3200000000000002e-07,132.0,6.8794260687941495,2.12057393120585,,src/data/scPDB 2/1upv_1/ligand.sdf,src/data/scPDB 2/1upv_1/site.mol2,bindingdb_scpdb
1upw,,,Ki,=,132.0,nM,1.3200000000000002e-07,132.0,6.8794260687941495,2.12057393120585,,src/data/scPDB 2/1upw_1/ligand.sdf,src/data/scPDB 2/1upw_1/site.mol2,bindingdb_scpdb
4nb6,,,Ki,=,132.0,nM,1.3200000000000002e-07,132.0,6.8794260687941495,2.12057393120585,,src/data/scPDB 2/4nb6_2/ligand.sdf,src/data/scPDB 2/4nb6_2/site.mol2,bindingdb_scpdb
4d0l,,,Ki,=,7.0,nM,7.000000000000001e-09,7.0,8.154901959985743,0.8450980400142568,,src/data/scPDB 2/4d0l_3/ligand.sdf,src/data/scPDB 2/4d0l_3/site.mol2,bindingdb_scpdb
3vsp,,,Kd,=,2.9,nM,2.9e-09,2.9,8.537602002101044,0.4623979978989561,,src/data/scPDB 2/3vsp_1/ligand.sdf,src/data/scPDB 2/3vsp_1/site.mol2,bindingdb_scpdb
3mq4,,,Ki,=,110.0,nM,1.1e-07,110.0,6.958607314841775,2.041392685158225,,src/data/scPDB 2/3mq4_1/ligand.sdf,src/data/scPDB 2/3mq4_1/site.mol2,bindingdb_scpdb
1pr9,,,Ki,=,7570000.0,nM,0.00757,7570000.0,2.120904120499927,6.879095879500073,,src/data/scPDB 2/1pr9_2/ligand.sdf,src/data/scPDB 2/1pr9_2/site.mol2,bindingdb_scpdb
1a9x,,,Ki,=,780000.0,nM,0.0007800000000000001,780000.0,3.107905397309519,5.892094602690481,,src/data/scPDB 2/1a9x_1/ligand.sdf,src/data/scPDB 2/1a9x_1/site.mol2,bindingdb_scpdb
1an5,,,Ki,=,780000.0,nM,0.0007800000000000001,780000.0,3.107905397309519,5.892094602690481,,src/data/scPDB 2/1an5_1/ligand.sdf,src/data/scPDB 2/1an5_1/site.mol2,bindingdb_scpdb
1arz,,,Ki,=,780000.0,nM,0.0007800000000000001,780000.0,3.107905397309519,5.892094602690481,,src/data/scPDB 2/1arz_1/ligand.sdf,src/data/scPDB 2/1arz_1/site.mol2,bindingdb_scpdb
1azt,,,Ki,=,780000.0,nM,0.0007800000000000001,780000.0,3.107905397309519,5.892094602690481,,src/data/scPDB 2/1azt_2/ligand.sdf,src/data/scPDB 2/1azt_2/site.mol2,bindingdb_scpdb
1bd4,,,Ki,=,780000.0,nM,0.0007800000000000001,780000.0,3.107905397309519,5.892094602690481,,src/data/scPDB 2/1bd4_3/ligand.sdf,src/data/scPDB 2/1bd4_3/site.mol2,bindingdb_scpdb
1c80,,,Ki,=,780000.0,nM,0.0007800000000000001,780000.0,3.107905397309519,5.892094602690481,,src/data/scPDB 2/1c80_2/ligand.sdf,src/data/scPDB 2/1c80_2/site.mol2,bindingdb_scpdb
1c9k,,,Ki,=,780000.0,nM,0.0007800000000000001,780000.0,3.107905397309519,5.892094602690481,,src/data/scPDB 2/1c9k_2/ligand.sdf,src/data/scPDB 2/1c9k_2/site.mol2,bindingdb_scpdb
1cbq,,,Ki,=,780000.0,nM,0.0007800000000000001,780000.0,3.107905397309519,5.892094602690481,,src/data/scPDB 2/1cbq_1/ligand.sdf,src/data/scPDB 2/1cbq_1/site.mol2,bindingdb_scpdb
1cy7,,,Ki,=,780000.0,nM,0.0007800000000000001,780000.0,3.107905397309519,5.892094602690481,,src/data/scPDB 2/1cy7_1/ligand.sdf,src/data/scPDB 2/1cy7_1/site.mol2,bindingdb_scpdb
1ddu,,,Ki,=,780000.0,nM,0.0007800000000000001,780000.0,3.107905397309519,5.892094602690481,,src/data/scPDB 2/1ddu_3/ligand.sdf,src/data/scPDB 2/1ddu_3/site.mol2,bindingdb_scpdb
1dlg,,,Ki,=,780000.0,nM,0.0007800000000000001,780000.0,3.107905397309519,5.892094602690481,,src/data/scPDB 2/1dlg_2/ligand.sdf,src/data/scPDB 2/1dlg_2/site.mol2,bindingdb_scpdb
1e1q,,,Ki,=,780000.0,nM,0.0007800000000000001,780000.0,3.107905397309519,5.892094602690481,,src/data/scPDB 2/1e1q_1/ligand.sdf,src/data/scPDB 2/1e1q_1/site.mol2,bindingdb_scpdb
1fxu,,,Ki,=,780000.0,nM,0.0007800000000000001,780000.0,3.107905397309519,5.892094602690481,,src/data/scPDB 2/1fxu_1/ligand.sdf,src/data/scPDB 2/1fxu_1/site.mol2,bindingdb_scpdb
1glf,,,Ki,=,780000.0,nM,0.0007800000000000001,780000.0,3.107905397309519,5.892094602690481,,src/data/scPDB 2/1glf_1/ligand.sdf,src/data/scPDB 2/1glf_1/site.mol2,bindingdb_scpdb
1gpd,,,Ki,=,780000.0,nM,0.0007800000000000001,780000.0,3.107905397309519,5.892094602690481,,src/data/scPDB 2/1gpd_2/ligand.sdf,src/data/scPDB 2/1gpd_2/site.mol2,bindingdb_scpdb
1grb,,,Ki,=,780000.0,nM,0.0007800000000000001,780000.0,3.107905397309519,5.892094602690481,,src/data/scPDB 2/1grb_1/ligand.sdf,src/data/scPDB 2/1grb_1/site.mol2,bindingdb_scpdb
1grh,,,Ki,=,780000.0,nM,0.0007800000000000001,780000.0,3.107905397309519,5.892094602690481,,src/data/scPDB 2/1grh_1/ligand.sdf,src/data/scPDB 2/1grh_1/site.mol2,bindingdb_scpdb
1gyp,,,Ki,=,780000.0,nM,0.0007800000000000001,780000.0,3.107905397309519,5.892094602690481,,src/data/scPDB 2/1gyp_2/ligand.sdf,src/data/scPDB 2/1gyp_2/site.mol2,bindingdb_scpdb
1h8h,,,Ki,=,780000.0,nM,0.0007800000000000001,780000.0,3.107905397309519,5.892094602690481,,src/data/scPDB 2/1h8h_1/ligand.sdf,src/data/scPDB 2/1h8h_1/site.mol2,bindingdb_scpdb
1hnj,,,Ki,=,780000.0,nM,0.0007800000000000001,780000.0,3.107905397309519,5.892094602690481,,src/data/scPDB 2/1hnj_1/ligand.sdf,src/data/scPDB 2/1hnj_1/site.mol2,bindingdb_scpdb
1hsz,,,Ki,=,780000.0,nM,0.0007800000000000001,780000.0,3.107905397309519,5.892094602690481,,src/data/scPDB 2/1hsz_1/ligand.sdf,src/data/scPDB 2/1hsz_1/site.mol2,bindingdb_scpdb
1ia1,,,Ki,=,780000.0,nM,0.0007800000000000001,780000.0,3.107905397309519,5.892094602690481,,src/data/scPDB 2/1ia1_2/ligand.sdf,src/data/scPDB 2/1ia1_2/site.mol2,bindingdb_scpdb
1iqr,,,Ki,=,780000.0,nM,0.0007800000000000001,780000.0,3.107905397309519,5.892094602690481,,src/data/scPDB 2/1iqr_1/ligand.sdf,src/data/scPDB 2/1iqr_1/site.mol2,bindingdb_scpdb
1jxz,,,Ki,=,780000.0,nM,0.0007800000000000001,780000.0,3.107905397309519,5.892094602690481,,src/data/scPDB 2/1jxz_1/ligand.sdf,src/data/scPDB 2/1jxz_1/site.mol2,bindingdb_scpdb
1k6m,,,Ki,=,780000.0,nM,0.0007800000000000001,780000.0,3.107905397309519,5.892094602690481,,src/data/scPDB 2/1k6m_1/ligand.sdf,src/data/scPDB 2/1k6m_1/site.mol2,bindingdb_scpdb
1kbi,,,Ki,=,780000.0,nM,0.0007800000000000001,780000.0,3.107905397309519,5.892094602690481,,src/data/scPDB 2/1kbi_2/ligand.sdf,src/data/scPDB 2/1kbi_2/site.mol2,bindingdb_scpdb
1kp3,,,Ki,=,780000.0,nM,0.0007800000000000001,780000.0,3.107905397309519,5.892094602690481,,src/data/scPDB 2/1kp3_1/ligand.sdf,src/data/scPDB 2/1kp3_1/site.mol2,bindingdb_scpdb
1kyx,,,Ki,=,780000.0,nM,0.0007800000000000001,780000.0,3.107905397309519,5.892094602690481,,src/data/scPDB 2/1kyx_4/ligand.sdf,src/data/scPDB 2/1kyx_4/site.mol2,bindingdb_scpdb
1lw0,,,Ki,=,780000.0,nM,0.0007800000000000001,780000.0,3.107905397309519,5.892094602690481,,src/data/scPDB 2/1lw0_1/ligand.sdf,src/data/scPDB 2/1lw0_1/site.mol2,bindingdb_scpdb
1lw2,,,Ki,=,780000.0,nM,0.0007800000000000001,780000.0,3.107905397309519,5.892094602690481,,src/data/scPDB 2/1lw2_1/ligand.sdf,src/data/scPDB 2/1lw2_1/site.mol2,bindingdb_scpdb
1mab,,,Ki,=,780000.0,nM,0.0007800000000000001,780000.0,3.107905397309519,5.892094602690481,,src/data/scPDB 2/1mab_1/ligand.sdf,src/data/scPDB 2/1mab_1/site.mol2,bindingdb_scpdb
1mp0,,,Ki,=,780000.0,nM,0.0007800000000000001,780000.0,3.107905397309519,5.892094602690481,,src/data/scPDB 2/1mp0_2/ligand.sdf,src/data/scPDB 2/1mp0_2/site.mol2,bindingdb_scpdb
1mzs,,,Ki,=,780000.0,nM,0.0007800000000000001,780000.0,3.107905397309519,5.892094602690481,,src/data/scPDB 2/1mzs_1/ligand.sdf,src/data/scPDB 2/1mzs_1/site.mol2,bindingdb_scpdb
1nbm,,,Ki,=,780000.0,nM,0.0007800000000000001,780000.0,3.107905397309519,5.892094602690481,,src/data/scPDB 2/1nbm_4/ligand.sdf,src/data/scPDB 2/1nbm_4/site.mol2,bindingdb_scpdb
1ng4,,,Ki,=,780000.0,nM,0.0007800000000000001,780000.0,3.107905397309519,5.892094602690481,,src/data/scPDB 2/1ng4_2/ligand.sdf,src/data/scPDB 2/1ng4_2/site.mol2,bindingdb_scpdb
1ngb,,,Ki,=,780000.0,nM,0.0007800000000000001,780000.0,3.107905397309519,5.892094602690481,,src/data/scPDB 2/1ngb_1/ligand.sdf,src/data/scPDB 2/1ngb_1/site.mol2,bindingdb_scpdb
1ngc,,,Ki,=,780000.0,nM,0.0007800000000000001,780000.0,3.107905397309519,5.892094602690481,,src/data/scPDB 2/1ngc_1/ligand.sdf,src/data/scPDB 2/1ngc_1/site.mol2,bindingdb_scpdb
1ngd,,,Ki,=,780000.0,nM,0.0007800000000000001,780000.0,3.107905397309519,5.892094602690481,,src/data/scPDB 2/1ngd_1/ligand.sdf,src/data/scPDB 2/1ngd_1/site.mol2,bindingdb_scpdb
1ny5,,,Ki,=,780000.0,nM,0.0007800000000000001,780000.0,3.107905397309519,5.892094602690481,,src/data/scPDB 2/1ny5_2/ligand.sdf,src/data/scPDB 2/1ny5_2/site.mol2,bindingdb_scpdb
1o2b,,,Ki,=,780000.0,nM,0.0007800000000000001,780000.0,3.107905397309519,5.892094602690481,,src/data/scPDB 2/1o2b_2/ligand.sdf,src/data/scPDB 2/1o2b_2/site.mol2,bindingdb_scpdb
1ofh,,,Ki,=,780000.0,nM,0.0007800000000000001,780000.0,3.107905397309519,5.892094602690481,,src/data/scPDB 2/1ofh_1/ligand.sdf,src/data/scPDB 2/1ofh_1/site.mol2,bindingdb_scpdb
1oty,,,Ki,=,780000.0,nM,0.0007800000000000001,780000.0,3.107905397309519,5.892094602690481,,src/data/scPDB 2/1oty_2/ligand.sdf,src/data/scPDB 2/1oty_2/site.mol2,bindingdb_scpdb
1owm,,,Ki,=,780000.0,nM,0.0007800000000000001,780000.0,3.107905397309519,5.892094602690481,,src/data/scPDB 2/1owm_1/ligand.sdf,src/data/scPDB 2/1owm_1/site.mol2,bindingdb_scpdb
1own,,,Ki,=,780000.0,nM,0.0007800000000000001,780000.0,3.107905397309519,5.892094602690481,,src/data/scPDB 2/1own_1/ligand.sdf,src/data/scPDB 2/1own_1/site.mol2,bindingdb_scpdb
1pke,,,Ki,=,780000.0,nM,0.0007800000000000001,780000.0,3.107905397309519,5.892094602690481,,src/data/scPDB 2/1pke_3/ligand.sdf,src/data/scPDB 2/1pke_3/site.mol2,bindingdb_scpdb
1pr0,,,Ki,=,780000.0,nM,0.0007800000000000001,780000.0,3.107905397309519,5.892094602690481,,src/data/scPDB 2/1pr0_3/ligand.sdf,src/data/scPDB 2/1pr0_3/site.mol2,bindingdb_scpdb
1pr6,,,Ki,=,780000.0,nM,0.0007800000000000001,780000.0,3.107905397309519,5.892094602690481,,src/data/scPDB 2/1pr6_3/ligand.sdf,src/data/scPDB 2/1pr6_3/site.mol2,bindingdb_scpdb
1rbm,,,Ki,=,780000.0,nM,0.0007800000000000001,780000.0,3.107905397309519,5.892094602690481,,src/data/scPDB 2/1rbm_1/ligand.sdf,src/data/scPDB 2/1rbm_1/site.mol2,bindingdb_scpdb
1rbq,,,Ki,=,780000.0,nM,0.0007800000000000001,780000.0,3.107905397309519,5.892094602690481,,src/data/scPDB 2/1rbq_2/ligand.sdf,src/data/scPDB 2/1rbq_2/site.mol2,bindingdb_scpdb
1rc1,,,Ki,=,780000.0,nM,0.0007800000000000001,780000.0,3.107905397309519,5.892094602690481,,src/data/scPDB 2/1rc1_1/ligand.sdf,src/data/scPDB 2/1rc1_1/site.mol2,bindingdb_scpdb
1rkd,,,Ki,=,780000.0,nM,0.0007800000000000001,780000.0,3.107905397309519,5.892094602690481,,src/data/scPDB 2/1rkd_1/ligand.sdf,src/data/scPDB 2/1rkd_1/site.mol2,bindingdb_scpdb
1rt4,,,Ki,=,780000.0,nM,0.0007800000000000001,780000.0,3.107905397309519,5.892094602690481,,src/data/scPDB 2/1rt4_1/ligand.sdf,src/data/scPDB 2/1rt4_1/site.mol2,bindingdb_scpdb
1rt6,,,Ki,=,780000.0,nM,0.0007800000000000001,780000.0,3.107905397309519,5.892094602690481,,src/data/scPDB 2/1rt6_1/ligand.sdf,src/data/scPDB 2/1rt6_1/site.mol2,bindingdb_scpdb
1rt7,,,Ki,=,780000.0,nM,0.0007800000000000001,780000.0,3.107905397309519,5.892094602690481,,src/data/scPDB 2/1rt7_1/ligand.sdf,src/data/scPDB 2/1rt7_1/site.mol2,bindingdb_scpdb
1rvv,,,Ki,=,780000.0,nM,0.0007800000000000001,780000.0,3.107905397309519,5.892094602690481,,src/data/scPDB 2/1rvv_25/ligand.sdf,src/data/scPDB 2/1rvv_25/site.mol2,bindingdb_scpdb
1ryw,,,Ki,=,780000.0,nM,0.0007800000000000001,780000.0,3.107905397309519,5.892094602690481,,src/data/scPDB 2/1ryw_5/ligand.sdf,src/data/scPDB 2/1ryw_5/site.mol2,bindingdb_scpdb
1s1t,,,Ki,=,780000.0,nM,0.0007800000000000001,780000.0,3.107905397309519,5.892094602690481,,src/data/scPDB 2/1s1t_1/ligand.sdf,src/data/scPDB 2/1s1t_1/site.mol2,bindingdb_scpdb
1sm4,,,Ki,=,780000.0,nM,0.0007800000000000001,780000.0,3.107905397309519,5.892094602690481,,src/data/scPDB 2/1sm4_2/ligand.sdf,src/data/scPDB 2/1sm4_2/site.mol2,bindingdb_scpdb
1t13,,,Ki,=,780000.0,nM,0.0007800000000000001,780000.0,3.107905397309519,5.892094602690481,,src/data/scPDB 2/1t13_4/ligand.sdf,src/data/scPDB 2/1t13_4/site.mol2,bindingdb_scpdb
1tdu,,,Ki,=,780000.0,nM,0.0007800000000000001,780000.0,3.107905397309519,5.892094602690481,,src/data/scPDB 2/1tdu_2/ligand.sdf,src/data/scPDB 2/1tdu_2/site.mol2,bindingdb_scpdb
1tkt,,,Ki,=,780000.0,nM,0.0007800000000000001,780000.0,3.107905397309519,5.892094602690481,,src/data/scPDB 2/1tkt_1/ligand.sdf,src/data/scPDB 2/1tkt_1/site.mol2,bindingdb_scpdb
1tl1,,,Ki,=,780000.0,nM,0.0007800000000000001,780000.0,3.107905397309519,5.892094602690481,,src/data/scPDB 2/1tl1_1/ligand.sdf,src/data/scPDB 2/1tl1_1/site.mol2,bindingdb_scpdb
1tl3,,,Ki,=,780000.0,nM,0.0007800000000000001,780000.0,3.107905397309519,5.892094602690481,,src/data/scPDB 2/1tl3_1/ligand.sdf,src/data/scPDB 2/1tl3_1/site.mol2,bindingdb_scpdb
1u1c,,,Ki,=,780000.0,nM,0.0007800000000000001,780000.0,3.107905397309519,5.892094602690481,,src/data/scPDB 2/1u1c_3/ligand.sdf,src/data/scPDB 2/1u1c_3/site.mol2,bindingdb_scpdb
1u1d,,,Ki,=,780000.0,nM,0.0007800000000000001,780000.0,3.107905397309519,5.892094602690481,,src/data/scPDB 2/1u1d_5/ligand.sdf,src/data/scPDB 2/1u1d_5/site.mol2,bindingdb_scpdb
1u1f,,,Ki,=,780000.0,nM,0.0007800000000000001,780000.0,3.107905397309519,5.892094602690481,,src/data/scPDB 2/1u1f_4/ligand.sdf,src/data/scPDB 2/1u1f_4/site.mol2,bindingdb_scpdb
1u80,,,Ki,=,780000.0,nM,0.0007800000000000001,780000.0,3.107905397309519,5.892094602690481,,src/data/scPDB 2/1u80_2/ligand.sdf,src/data/scPDB 2/1u80_2/site.mol2,bindingdb_scpdb
1uam,,,Ki,=,780000.0,nM,0.0007800000000000001,780000.0,3.107905397309519,5.892094602690481,,src/data/scPDB 2/1uam_1/ligand.sdf,src/data/scPDB 2/1uam_1/site.mol2,bindingdb_scpdb
1v59,,,Ki,=,780000.0,nM,0.0007800000000000001,780000.0,3.107905397309519,5.892094602690481,,src/data/scPDB 2/1v59_2/ligand.sdf,src/data/scPDB 2/1v59_2/site.mol2,bindingdb_scpdb
1vl8,,,Ki,=,780000.0,nM,0.0007800000000000001,780000.0,3.107905397309519,5.892094602690481,,src/data/scPDB 2/1vl8_2/ligand.sdf,src/data/scPDB 2/1vl8_2/site.mol2,bindingdb_scpdb
1kl2,,,Ki,=,366000.0,nM,0.000366,366000.0,3.436518914605589,5.563481085394411,,src/data/scPDB 2/1kl2_1/ligand.sdf,src/data/scPDB 2/1kl2_1/site.mol2,bindingdb_scpdb
1uze,,,Ki,=,366000.0,nM,0.000366,366000.0,3.436518914605589,5.563481085394411,,src/data/scPDB 2/1uze_1/ligand.sdf,src/data/scPDB 2/1uze_1/site.mol2,bindingdb_scpdb
2zt7,,,Ki,=,366000.0,nM,0.000366,366000.0,3.436518914605589,5.563481085394411,,src/data/scPDB 2/2zt7_1/ligand.sdf,src/data/scPDB 2/2zt7_1/site.mol2,bindingdb_scpdb
3lu1,,,Ki,=,366000.0,nM,0.000366,366000.0,3.436518914605589,5.563481085394411,,src/data/scPDB 2/3lu1_5/ligand.sdf,src/data/scPDB 2/3lu1_5/site.mol2,bindingdb_scpdb
3qlr,,,Ki,=,366000.0,nM,0.000366,366000.0,3.436518914605589,5.563481085394411,,src/data/scPDB 2/3qlr_3/ligand.sdf,src/data/scPDB 2/3qlr_3/site.mol2,bindingdb_scpdb
3zok,,,Ki,=,366000.0,nM,0.000366,366000.0,3.436518914605589,5.563481085394411,,src/data/scPDB 2/3zok_2/ligand.sdf,src/data/scPDB 2/3zok_2/site.mol2,bindingdb_scpdb
5a3c,,,Ki,=,366000.0,nM,0.000366,366000.0,3.436518914605589,5.563481085394411,,src/data/scPDB 2/5a3c_1/ligand.sdf,src/data/scPDB 2/5a3c_1/site.mol2,bindingdb_scpdb
1d3g,,,Ki,=,130000.0,nM,0.00013000000000000002,130000.0,3.886056647693163,5.113943352306837,,src/data/scPDB 2/1d3g_1/ligand.sdf,src/data/scPDB 2/1d3g_1/site.mol2,bindingdb_scpdb
1d3h,,,Ki,=,130000.0,nM,0.00013000000000000002,130000.0,3.886056647693163,5.113943352306837,,src/data/scPDB 2/1d3h_1/ligand.sdf,src/data/scPDB 2/1d3h_1/site.mol2,bindingdb_scpdb
1dap,,,Ki,=,130000.0,nM,0.00013000000000000002,130000.0,3.886056647693163,5.113943352306837,,src/data/scPDB 2/1dap_2/ligand.sdf,src/data/scPDB 2/1dap_2/site.mol2,bindingdb_scpdb
1dig,,,Ki,=,130000.0,nM,0.00013000000000000002,130000.0,3.886056647693163,5.113943352306837,,src/data/scPDB 2/1dig_1/ligand.sdf,src/data/scPDB 2/1dig_1/site.mol2,bindingdb_scpdb
1i58,,,Ki,=,130000.0,nM,0.00013000000000000002,130000.0,3.886056647693163,5.113943352306837,,src/data/scPDB 2/1i58_2/ligand.sdf,src/data/scPDB 2/1i58_2/site.mol2,bindingdb_scpdb
1i59,,,Ki,=,130000.0,nM,0.00013000000000000002,130000.0,3.886056647693163,5.113943352306837,,src/data/scPDB 2/1i59_2/ligand.sdf,src/data/scPDB 2/1i59_2/site.mol2,bindingdb_scpdb
1jje,,,Ki,=,130000.0,nM,0.00013000000000000002,130000.0,3.886056647693163,5.113943352306837,,src/data/scPDB 2/1jje_2/ligand.sdf,src/data/scPDB 2/1jje_2/site.mol2,bindingdb_scpdb
1jjt,,,Ki,=,130000.0,nM,0.00013000000000000002,130000.0,3.886056647693163,5.113943352306837,,src/data/scPDB 2/1jjt_1/ligand.sdf,src/data/scPDB 2/1jjt_1/site.mol2,bindingdb_scpdb
1k2s,,,Ki,=,130000.0,nM,0.00013000000000000002,130000.0,3.886056647693163,5.113943352306837,,src/data/scPDB 2/1k2s_1/ligand.sdf,src/data/scPDB 2/1k2s_1/site.mol2,bindingdb_scpdb
1k2t,,,Ki,=,130000.0,nM,0.00013000000000000002,130000.0,3.886056647693163,5.113943352306837,,src/data/scPDB 2/1k2t_1/ligand.sdf,src/data/scPDB 2/1k2t_1/site.mol2,bindingdb_scpdb
1k2u,,,Ki,=,130000.0,nM,0.00013000000000000002,130000.0,3.886056647693163,5.113943352306837,,src/data/scPDB 2/1k2u_1/ligand.sdf,src/data/scPDB 2/1k2u_1/site.mol2,bindingdb_scpdb
1khb,,,Ki,=,130000.0,nM,0.00013000000000000002,130000.0,3.886056647693163,5.113943352306837,,src/data/scPDB 2/1khb_1/ligand.sdf,src/data/scPDB 2/1khb_1/site.mol2,bindingdb_scpdb
1kia,,,Ki,=,130000.0,nM,0.00013000000000000002,130000.0,3.886056647693163,5.113943352306837,,src/data/scPDB 2/1kia_1/ligand.sdf,src/data/scPDB 2/1kia_1/site.mol2,bindingdb_scpdb
1kqc,,,Ki,=,130000.0,nM,0.00013000000000000002,130000.0,3.886056647693163,5.113943352306837,,src/data/scPDB 2/1kqc_3/ligand.sdf,src/data/scPDB 2/1kqc_3/site.mol2,bindingdb_scpdb
1lm1,,,Ki,=,130000.0,nM,0.00013000000000000002,130000.0,3.886056647693163,5.113943352306837,,src/data/scPDB 2/1lm1_1/ligand.sdf,src/data/scPDB 2/1lm1_1/site.mol2,bindingdb_scpdb
1lqu,,,Ki,=,130000.0,nM,0.00013000000000000002,130000.0,3.886056647693163,5.113943352306837,,src/data/scPDB 2/1lqu_1/ligand.sdf,src/data/scPDB 2/1lqu_1/site.mol2,bindingdb_scpdb
1m00,,,Ki,=,130000.0,nM,0.00013000000000000002,130000.0,3.886056647693163,5.113943352306837,,src/data/scPDB 2/1m00_1/ligand.sdf,src/data/scPDB 2/1m00_1/site.mol2,bindingdb_scpdb
1m51,,,Ki,=,130000.0,nM,0.00013000000000000002,130000.0,3.886056647693163,5.113943352306837,,src/data/scPDB 2/1m51_1/ligand.sdf,src/data/scPDB 2/1m51_1/site.mol2,bindingdb_scpdb
1om5,,,Ki,=,130000.0,nM,0.00013000000000000002,130000.0,3.886056647693163,5.113943352306837,,src/data/scPDB 2/1om5_1/ligand.sdf,src/data/scPDB 2/1om5_1/site.mol2,bindingdb_scpdb
1p6k,,,Ki,=,130000.0,nM,0.00013000000000000002,130000.0,3.886056647693163,5.113943352306837,,src/data/scPDB 2/1p6k_1/ligand.sdf,src/data/scPDB 2/1p6k_1/site.mol2,bindingdb_scpdb
1qkn,,,Ki,=,130000.0,nM,0.00013000000000000002,130000.0,3.886056647693163,5.113943352306837,,src/data/scPDB 2/1qkn_1/ligand.sdf,src/data/scPDB 2/1qkn_1/site.mol2,bindingdb_scpdb
1r00,,,Ki,=,130000.0,nM,0.00013000000000000002,130000.0,3.886056647693163,5.113943352306837,,src/data/scPDB 2/1r00_1/ligand.sdf,src/data/scPDB 2/1r00_1/site.mol2,bindingdb_scpdb
1rs6,,,Ki,=,130000.0,nM,0.00013000000000000002,130000.0,3.886056647693163,5.113943352306837,,src/data/scPDB 2/1rs6_1/ligand.sdf,src/data/scPDB 2/1rs6_1/site.mol2,bindingdb_scpdb
1wbp,,,Ki,=,130000.0,nM,0.00013000000000000002,130000.0,3.886056647693163,5.113943352306837,,src/data/scPDB 2/1wbp_2/ligand.sdf,src/data/scPDB 2/1wbp_2/site.mol2,bindingdb_scpdb
1wlv,,,Ki,=,130000.0,nM,0.00013000000000000002,130000.0,3.886056647693163,5.113943352306837,,src/data/scPDB 2/1wlv_1/ligand.sdf,src/data/scPDB 2/1wlv_1/site.mol2,bindingdb_scpdb
1xdu,,,Ki,=,130000.0,nM,0.00013000000000000002,130000.0,3.886056647693163,5.113943352306837,,src/data/scPDB 2/1xdu_1/ligand.sdf,src/data/scPDB 2/1xdu_1/site.mol2,bindingdb_scpdb
1yb5,,,Ki,=,130000.0,nM,0.00013000000000000002,130000.0,3.886056647693163,5.113943352306837,,src/data/scPDB 2/1yb5_2/ligand.sdf,src/data/scPDB 2/1yb5_2/site.mol2,bindingdb_scpdb
1ylu,,,Ki,=,130000.0,nM,0.00013000000000000002,130000.0,3.886056647693163,5.113943352306837,,src/data/scPDB 2/1ylu_1/ligand.sdf,src/data/scPDB 2/1ylu_1/site.mol2,bindingdb_scpdb
1zzq,,,Ki,=,130000.0,nM,0.00013000000000000002,130000.0,3.886056647693163,5.113943352306837,,src/data/scPDB 2/1zzq_4/ligand.sdf,src/data/scPDB 2/1zzq_4/site.mol2,bindingdb_scpdb
1zzu,,,Ki,=,130000.0,nM,0.00013000000000000002,130000.0,3.886056647693163,5.113943352306837,,src/data/scPDB 2/1zzu_4/ligand.sdf,src/data/scPDB 2/1zzu_4/site.mol2,bindingdb_scpdb
2a9y,,,Ki,=,130000.0,nM,0.00013000000000000002,130000.0,3.886056647693163,5.113943352306837,,src/data/scPDB 2/2a9y_1/ligand.sdf,src/data/scPDB 2/2a9y_1/site.mol2,bindingdb_scpdb
2aa0,,,Ki,=,130000.0,nM,0.00013000000000000002,130000.0,3.886056647693163,5.113943352306837,,src/data/scPDB 2/2aa0_2/ligand.sdf,src/data/scPDB 2/2aa0_2/site.mol2,bindingdb_scpdb
2bhp,,,Ki,=,130000.0,nM,0.00013000000000000002,130000.0,3.886056647693163,5.113943352306837,,src/data/scPDB 2/2bhp_1/ligand.sdf,src/data/scPDB 2/2bhp_1/site.mol2,bindingdb_scpdb
2bja,,,Ki,=,130000.0,nM,0.00013000000000000002,130000.0,3.886056647693163,5.113943352306837,,src/data/scPDB 2/2bja_2/ligand.sdf,src/data/scPDB 2/2bja_2/site.mol2,bindingdb_scpdb
2cmw,,,Ki,=,130000.0,nM,0.00013000000000000002,130000.0,3.886056647693163,5.113943352306837,,src/data/scPDB 2/2cmw_1/ligand.sdf,src/data/scPDB 2/2cmw_1/site.mol2,bindingdb_scpdb
2e7z,,,Ki,=,130000.0,nM,0.00013000000000000002,130000.0,3.886056647693163,5.113943352306837,,src/data/scPDB 2/2e7z_1/ligand.sdf,src/data/scPDB 2/2e7z_1/site.mol2,bindingdb_scpdb
2eii,,,Ki,=,130000.0,nM,0.00013000000000000002,130000.0,3.886056647693163,5.113943352306837,,src/data/scPDB 2/2eii_1/ligand.sdf,src/data/scPDB 2/2eii_1/site.mol2,bindingdb_scpdb
2fkn,,,Ki,=,130000.0,nM,0.00013000000000000002,130000.0,3.886056647693163,5.113943352306837,,src/data/scPDB 2/2fkn_3/ligand.sdf,src/data/scPDB 2/2fkn_3/site.mol2,bindingdb_scpdb
2g6i,,,Ki,=,130000.0,nM,0.00013000000000000002,130000.0,3.886056647693163,5.113943352306837,,src/data/scPDB 2/2g6i_1/ligand.sdf,src/data/scPDB 2/2g6i_1/site.mol2,bindingdb_scpdb
2g6j,,,Ki,=,130000.0,nM,0.00013000000000000002,130000.0,3.886056647693163,5.113943352306837,,src/data/scPDB 2/2g6j_2/ligand.sdf,src/data/scPDB 2/2g6j_2/site.mol2,bindingdb_scpdb
2hka,,,Ki,=,130000.0,nM,0.00013000000000000002,130000.0,3.886056647693163,5.113943352306837,,src/data/scPDB 2/2hka_2/ligand.sdf,src/data/scPDB 2/2hka_2/site.mol2,bindingdb_scpdb
2hx3,,,Ki,=,130000.0,nM,0.00013000000000000002,130000.0,3.886056647693163,5.113943352306837,,src/data/scPDB 2/2hx3_3/ligand.sdf,src/data/scPDB 2/2hx3_3/site.mol2,bindingdb_scpdb
2hx4,,,Ki,=,130000.0,nM,0.00013000000000000002,130000.0,3.886056647693163,5.113943352306837,,src/data/scPDB 2/2hx4_4/ligand.sdf,src/data/scPDB 2/2hx4_4/site.mol2,bindingdb_scpdb
2iej,,,Ki,=,130000.0,nM,0.00013000000000000002,130000.0,3.886056647693163,5.113943352306837,,src/data/scPDB 2/2iej_1/ligand.sdf,src/data/scPDB 2/2iej_1/site.mol2,bindingdb_scpdb
2ii5,,,Ki,=,130000.0,nM,0.00013000000000000002,130000.0,3.886056647693163,5.113943352306837,,src/data/scPDB 2/2ii5_5/ligand.sdf,src/data/scPDB 2/2ii5_5/site.mol2,bindingdb_scpdb
2iux,,,Ki,=,130000.0,nM,0.00013000000000000002,130000.0,3.886056647693163,5.113943352306837,,src/data/scPDB 2/2iux_1/ligand.sdf,src/data/scPDB 2/2iux_1/site.mol2,bindingdb_scpdb
2izk,,,Ki,=,130000.0,nM,0.00013000000000000002,130000.0,3.886056647693163,5.113943352306837,,src/data/scPDB 2/2izk_1/ligand.sdf,src/data/scPDB 2/2izk_1/site.mol2,bindingdb_scpdb
2j40,,,Ki,=,130000.0,nM,0.00013000000000000002,130000.0,3.886056647693163,5.113943352306837,,src/data/scPDB 2/2j40_1/ligand.sdf,src/data/scPDB 2/2j40_1/site.mol2,bindingdb_scpdb
2j7c,,,Ki,=,130000.0,nM,0.00013000000000000002,130000.0,3.886056647693163,5.113943352306837,,src/data/scPDB 2/2j7c_1/ligand.sdf,src/data/scPDB 2/2j7c_1/site.mol2,bindingdb_scpdb
2o12,,,Ki,=,130000.0,nM,0.00013000000000000002,130000.0,3.886056647693163,5.113943352306837,,src/data/scPDB 2/2o12_1/ligand.sdf,src/data/scPDB 2/2o12_1/site.mol2,bindingdb_scpdb
2owb,,,Ki,=,130000.0,nM,0.00013000000000000002,130000.0,3.886056647693163,5.113943352306837,,src/data/scPDB 2/2owb_1/ligand.sdf,src/data/scPDB 2/2owb_1/site.mol2,bindingdb_scpdb
2ozg,,,Ki,=,130000.0,nM,0.00013000000000000002,130000.0,3.886056647693163,5.113943352306837,,src/data/scPDB 2/2ozg_1/ligand.sdf,src/data/scPDB 2/2ozg_1/site.mol2,bindingdb_scpdb
2p2f,,,Ki,=,130000.0,nM,0.00013000000000000002,130000.0,3.886056647693163,5.113943352306837,,src/data/scPDB 2/2p2f_2/ligand.sdf,src/data/scPDB 2/2p2f_2/site.mol2,bindingdb_scpdb
1tug,,,Ki,=,2800.0,nM,2.8000000000000003e-06,2800.0,5.552841968657781,3.4471580313422194,,src/data/scPDB 2/1tug_3/ligand.sdf,src/data/scPDB 2/1tug_3/site.mol2,bindingdb_scpdb
2puh,,,Ki,=,2800.0,nM,2.8000000000000003e-06,2800.0,5.552841968657781,3.4471580313422194,,src/data/scPDB 2/2puh_1/ligand.sdf,src/data/scPDB 2/2puh_1/site.mol2,bindingdb_scpdb
2rht,,,Ki,=,2800.0,nM,2.8000000000000003e-06,2800.0,5.552841968657781,3.4471580313422194,,src/data/scPDB 2/2rht_1/ligand.sdf,src/data/scPDB 2/2rht_1/site.mol2,bindingdb_scpdb
3ae4,,,Ki,=,2800.0,nM,2.8000000000000003e-06,2800.0,5.552841968657781,3.4471580313422194,,src/data/scPDB 2/3ae4_1/ligand.sdf,src/data/scPDB 2/3ae4_1/site.mol2,bindingdb_scpdb
3aeb,,,Ki,=,2800.0,nM,2.8000000000000003e-06,2800.0,5.552841968657781,3.4471580313422194,,src/data/scPDB 2/3aeb_1/ligand.sdf,src/data/scPDB 2/3aeb_1/site.mol2,bindingdb_scpdb
3hz6,,,Ki,=,2800.0,nM,2.8000000000000003e-06,2800.0,5.552841968657781,3.4471580313422194,,src/data/scPDB 2/3hz6_1/ligand.sdf,src/data/scPDB 2/3hz6_1/site.mol2,bindingdb_scpdb
3q60,,,Ki,=,2800.0,nM,2.8000000000000003e-06,2800.0,5.552841968657781,3.4471580313422194,,src/data/scPDB 2/3q60_1/ligand.sdf,src/data/scPDB 2/3q60_1/site.mol2,bindingdb_scpdb
3s6g,,,Ki,=,2800.0,nM,2.8000000000000003e-06,2800.0,5.552841968657781,3.4471580313422194,,src/data/scPDB 2/3s6g_1/ligand.sdf,src/data/scPDB 2/3s6g_1/site.mol2,bindingdb_scpdb
3t4k,,,Ki,=,2800.0,nM,2.8000000000000003e-06,2800.0,5.552841968657781,3.4471580313422194,,src/data/scPDB 2/3t4k_1/ligand.sdf,src/data/scPDB 2/3t4k_1/site.mol2,bindingdb_scpdb
3t4l,,,Ki,=,2800.0,nM,2.8000000000000003e-06,2800.0,5.552841968657781,3.4471580313422194,,src/data/scPDB 2/3t4l_1/ligand.sdf,src/data/scPDB 2/3t4l_1/site.mol2,bindingdb_scpdb
3t4q,,,Ki,=,2800.0,nM,2.8000000000000003e-06,2800.0,5.552841968657781,3.4471580313422194,,src/data/scPDB 2/3t4q_1/ligand.sdf,src/data/scPDB 2/3t4q_1/site.mol2,bindingdb_scpdb
3v1m,,,Ki,=,2800.0,nM,2.8000000000000003e-06,2800.0,5.552841968657781,3.4471580313422194,,src/data/scPDB 2/3v1m_1/ligand.sdf,src/data/scPDB 2/3v1m_1/site.mol2,bindingdb_scpdb
3zzh,,,Ki,=,2800.0,nM,2.8000000000000003e-06,2800.0,5.552841968657781,3.4471580313422194,,src/data/scPDB 2/3zzh_1/ligand.sdf,src/data/scPDB 2/3zzh_1/site.mol2,bindingdb_scpdb
4iah,,,Ki,=,2800.0,nM,2.8000000000000003e-06,2800.0,5.552841968657781,3.4471580313422194,,src/data/scPDB 2/4iah_1/ligand.sdf,src/data/scPDB 2/4iah_1/site.mol2,bindingdb_scpdb
4lrl,,,Ki,=,2800.0,nM,2.8000000000000003e-06,2800.0,5.552841968657781,3.4471580313422194,,src/data/scPDB 2/4lrl_5/ligand.sdf,src/data/scPDB 2/4lrl_5/site.mol2,bindingdb_scpdb
4x0o,,,Ki,=,2800.0,nM,2.8000000000000003e-06,2800.0,5.552841968657781,3.4471580313422194,,src/data/scPDB 2/4x0o_5/ligand.sdf,src/data/scPDB 2/4x0o_5/site.mol2,bindingdb_scpdb
4xmx,,,Ki,=,2800.0,nM,2.8000000000000003e-06,2800.0,5.552841968657781,3.4471580313422194,,src/data/scPDB 2/4xmx_1/ligand.sdf,src/data/scPDB 2/4xmx_1/site.mol2,bindingdb_scpdb
4ytn,,,Ki,=,2800.0,nM,2.8000000000000003e-06,2800.0,5.552841968657781,3.4471580313422194,,src/data/scPDB 2/4ytn_3/ligand.sdf,src/data/scPDB 2/4ytn_3/site.mol2,bindingdb_scpdb
5c2t,,,Ki,=,2800.0,nM,2.8000000000000003e-06,2800.0,5.552841968657781,3.4471580313422194,,src/data/scPDB 2/5c2t_1/ligand.sdf,src/data/scPDB 2/5c2t_1/site.mol2,bindingdb_scpdb
5c3j,,,Ki,=,2800.0,nM,2.8000000000000003e-06,2800.0,5.552841968657781,3.4471580313422194,,src/data/scPDB 2/5c3j_2/ligand.sdf,src/data/scPDB 2/5c3j_2/site.mol2,bindingdb_scpdb
1i7a,,,Ki,=,99.0,nM,9.9e-08,99.0,7.00436480540245,1.99563519459755,,src/data/scPDB 2/1i7a_1/ligand.sdf,src/data/scPDB 2/1i7a_1/site.mol2,bindingdb_scpdb
2bp1,,,Ki,=,99.0,nM,9.9e-08,99.0,7.00436480540245,1.99563519459755,,src/data/scPDB 2/2bp1_1/ligand.sdf,src/data/scPDB 2/2bp1_1/site.mol2,bindingdb_scpdb
2d4v,,,Ki,=,99.0,nM,9.9e-08,99.0,7.00436480540245,1.99563519459755,,src/data/scPDB 2/2d4v_4/ligand.sdf,src/data/scPDB 2/2d4v_4/site.mol2,bindingdb_scpdb
2oye,,,Ki,=,99.0,nM,9.9e-08,99.0,7.00436480540245,1.99563519459755,,src/data/scPDB 2/2oye_1/ligand.sdf,src/data/scPDB 2/2oye_1/site.mol2,bindingdb_scpdb
2whd,,,Ki,=,99.0,nM,9.9e-08,99.0,7.00436480540245,1.99563519459755,,src/data/scPDB 2/2whd_2/ligand.sdf,src/data/scPDB 2/2whd_2/site.mol2,bindingdb_scpdb
2zse,,,Ki,=,99.0,nM,9.9e-08,99.0,7.00436480540245,1.99563519459755,,src/data/scPDB 2/2zse_1/ligand.sdf,src/data/scPDB 2/2zse_1/site.mol2,bindingdb_scpdb
3b4y,,,Ki,=,99.0,nM,9.9e-08,99.0,7.00436480540245,1.99563519459755,,src/data/scPDB 2/3b4y_1/ligand.sdf,src/data/scPDB 2/3b4y_1/site.mol2,bindingdb_scpdb
3gcm,,,Ki,=,99.0,nM,9.9e-08,99.0,7.00436480540245,1.99563519459755,,src/data/scPDB 2/3gcm_2/ligand.sdf,src/data/scPDB 2/3gcm_2/site.mol2,bindingdb_scpdb
3iel,,,Ki,=,99.0,nM,9.9e-08,99.0,7.00436480540245,1.99563519459755,,src/data/scPDB 2/3iel_1/ligand.sdf,src/data/scPDB 2/3iel_1/site.mol2,bindingdb_scpdb
3llk,,,Ki,=,99.0,nM,9.9e-08,99.0,7.00436480540245,1.99563519459755,,src/data/scPDB 2/3llk_3/ligand.sdf,src/data/scPDB 2/3llk_3/site.mol2,bindingdb_scpdb
4aff,,,Ki,=,99.0,nM,9.9e-08,99.0,7.00436480540245,1.99563519459755,,src/data/scPDB 2/4aff_1/ligand.sdf,src/data/scPDB 2/4aff_1/site.mol2,bindingdb_scpdb
4bgg,,,Ki,=,99.0,nM,9.9e-08,99.0,7.00436480540245,1.99563519459755,,src/data/scPDB 2/4bgg_2/ligand.sdf,src/data/scPDB 2/4bgg_2/site.mol2,bindingdb_scpdb
4qvh,,,Ki,=,99.0,nM,9.9e-08,99.0,7.00436480540245,1.99563519459755,,src/data/scPDB 2/4qvh_2/ligand.sdf,src/data/scPDB 2/4qvh_2/site.mol2,bindingdb_scpdb
5aga,,,Ki,=,99.0,nM,9.9e-08,99.0,7.00436480540245,1.99563519459755,,src/data/scPDB 2/5aga_1/ligand.sdf,src/data/scPDB 2/5aga_1/site.mol2,bindingdb_scpdb
5cfl,,,Ki,=,99.0,nM,9.9e-08,99.0,7.00436480540245,1.99563519459755,,src/data/scPDB 2/5cfl_1/ligand.sdf,src/data/scPDB 2/5cfl_1/site.mol2,bindingdb_scpdb
5frd,,,Ki,=,99.0,nM,9.9e-08,99.0,7.00436480540245,1.99563519459755,,src/data/scPDB 2/5frd_2/ligand.sdf,src/data/scPDB 2/5frd_2/site.mol2,bindingdb_scpdb
1dq8,,,Ki,=,23.5,nM,2.3500000000000002e-08,23.5,7.628932137728263,1.3710678622717363,,src/data/scPDB 2/1dq8_4/ligand.sdf,src/data/scPDB 2/1dq8_4/site.mol2,bindingdb_scpdb
1dqa,,,Ki,=,23.5,nM,2.3500000000000002e-08,23.5,7.628932137728263,1.3710678622717363,,src/data/scPDB 2/1dqa_3/ligand.sdf,src/data/scPDB 2/1dqa_3/site.mol2,bindingdb_scpdb
1fvo,,,Ki,=,9900.0,nM,9.9e-06,9900.0,5.004364805402449,3.99563519459755,,src/data/scPDB 2/1fvo_2/ligand.sdf,src/data/scPDB 2/1fvo_2/site.mol2,bindingdb_scpdb
2air,,,Ki,=,9900.0,nM,9.9e-06,9900.0,5.004364805402449,3.99563519459755,,src/data/scPDB 2/2air_1/ligand.sdf,src/data/scPDB 2/2air_1/site.mol2,bindingdb_scpdb
3kzo,,,Ki,=,9900.0,nM,9.9e-06,9900.0,5.004364805402449,3.99563519459755,,src/data/scPDB 2/3kzo_2/ligand.sdf,src/data/scPDB 2/3kzo_2/site.mol2,bindingdb_scpdb
3l04,,,Ki,=,9900.0,nM,9.9e-06,9900.0,5.004364805402449,3.99563519459755,,src/data/scPDB 2/3l04_2/ligand.sdf,src/data/scPDB 2/3l04_2/site.mol2,bindingdb_scpdb
3l06,,,Ki,=,9900.0,nM,9.9e-06,9900.0,5.004364805402449,3.99563519459755,,src/data/scPDB 2/3l06_2/ligand.sdf,src/data/scPDB 2/3l06_2/site.mol2,bindingdb_scpdb
3vf2,,,Ki,=,9900.0,nM,9.9e-06,9900.0,5.004364805402449,3.99563519459755,,src/data/scPDB 2/3vf2_1/ligand.sdf,src/data/scPDB 2/3vf2_1/site.mol2,bindingdb_scpdb
4j5j,,,Kd,=,0.4,nM,4.0000000000000007e-10,0.4,9.397940008672037,-0.3979400086720376,,src/data/scPDB 2/4j5j_1/ligand.sdf,src/data/scPDB 2/4j5j_1/site.mol2,bindingdb_scpdb
1di8,,,Kd,=,2400.0,nM,2.4000000000000003e-06,2400.0,5.619788758288394,3.380211241711606,,src/data/scPDB 2/1di8_1/ligand.sdf,src/data/scPDB 2/1di8_1/site.mol2,bindingdb_scpdb
3jws,,,Ki,=,70.0,nM,7e-08,70.0,7.154901959985743,1.845098040014257,,src/data/scPDB 2/3jws_2/ligand.sdf,src/data/scPDB 2/3jws_2/site.mol2,bindingdb_scpdb
3jx0,,,Ki,=,70.0,nM,7e-08,70.0,7.154901959985743,1.845098040014257,,src/data/scPDB 2/3jx0_2/ligand.sdf,src/data/scPDB 2/3jx0_2/site.mol2,bindingdb_scpdb
3jx2,,,Ki,=,70.0,nM,7e-08,70.0,7.154901959985743,1.845098040014257,,src/data/scPDB 2/3jx2_1/ligand.sdf,src/data/scPDB 2/3jx2_1/site.mol2,bindingdb_scpdb
4d9w,,,Ki,=,54.0,nM,5.4e-08,54.0,7.267606240177031,1.7323937598229686,,src/data/scPDB 2/4d9w_1/ligand.sdf,src/data/scPDB 2/4d9w_1/site.mol2,bindingdb_scpdb
3nlk,,,Ki,=,7.0,nM,7.000000000000001e-09,7.0,8.154901959985743,0.8450980400142568,,src/data/scPDB 2/3nlk_3/ligand.sdf,src/data/scPDB 2/3nlk_3/site.mol2,bindingdb_scpdb
3nlp,,,Ki,=,7.0,nM,7.000000000000001e-09,7.0,8.154901959985743,0.8450980400142568,,src/data/scPDB 2/3nlp_1/ligand.sdf,src/data/scPDB 2/3nlp_1/site.mol2,bindingdb_scpdb
2fum,,,Ki,=,3100.0,nM,3.1000000000000004e-06,3100.0,5.508638306165727,3.4913616938342726,,src/data/scPDB 2/2fum_1/ligand.sdf,src/data/scPDB 2/2fum_1/site.mol2,bindingdb_scpdb
4i41,,,Ki,=,3100.0,nM,3.1000000000000004e-06,3100.0,5.508638306165727,3.4913616938342726,,src/data/scPDB 2/4i41_1/ligand.sdf,src/data/scPDB 2/4i41_1/site.mol2,bindingdb_scpdb
3csj,,,Ki,=,37400.0,nM,3.74e-05,37400.0,4.42712839779952,4.57287160220048,,src/data/scPDB 2/3csj_1/ligand.sdf,src/data/scPDB 2/3csj_1/site.mol2,bindingdb_scpdb
3l3r,,,Ki,=,6.3,nM,6.3e-09,6.3,8.200659450546418,0.7993405494535817,,src/data/scPDB 2/3l3r_1/ligand.sdf,src/data/scPDB 2/3l3r_1/site.mol2,bindingdb_scpdb
3zpq,,,Ki,=,2700.0,nM,2.7e-06,2700.0,5.568636235841012,3.4313637641589874,,src/data/scPDB 2/3zpq_1/ligand.sdf,src/data/scPDB 2/3zpq_1/site.mol2,bindingdb_scpdb
1a59,,,Kd,=,2500.0,nM,2.5e-06,2500.0,5.6020599913279625,3.3979400086720375,,src/data/scPDB 2/1a59_1/ligand.sdf,src/data/scPDB 2/1a59_1/site.mol2,bindingdb_scpdb
1aj8,,,Kd,=,2500.0,nM,2.5e-06,2500.0,5.6020599913279625,3.3979400086720375,,src/data/scPDB 2/1aj8_1/ligand.sdf,src/data/scPDB 2/1aj8_1/site.mol2,bindingdb_scpdb
1emd,,,Kd,=,2500.0,nM,2.5e-06,2500.0,5.6020599913279625,3.3979400086720375,,src/data/scPDB 2/1emd_1/ligand.sdf,src/data/scPDB 2/1emd_1/site.mol2,bindingdb_scpdb
1f8r,,,Kd,=,2500.0,nM,2.5e-06,2500.0,5.6020599913279625,3.3979400086720375,,src/data/scPDB 2/1f8r_2/ligand.sdf,src/data/scPDB 2/1f8r_2/site.mol2,bindingdb_scpdb
1g1l,,,Kd,=,2500.0,nM,2.5e-06,2500.0,5.6020599913279625,3.3979400086720375,,src/data/scPDB 2/1g1l_1/ligand.sdf,src/data/scPDB 2/1g1l_1/site.mol2,bindingdb_scpdb
1gve,,,Kd,=,2500.0,nM,2.5e-06,2500.0,5.6020599913279625,3.3979400086720375,,src/data/scPDB 2/1gve_1/ligand.sdf,src/data/scPDB 2/1gve_1/site.mol2,bindingdb_scpdb
1ixe,,,Kd,=,2500.0,nM,2.5e-06,2500.0,5.6020599913279625,3.3979400086720375,,src/data/scPDB 2/1ixe_2/ligand.sdf,src/data/scPDB 2/1ixe_2/site.mol2,bindingdb_scpdb
1k4m,,,Kd,=,2500.0,nM,2.5e-06,2500.0,5.6020599913279625,3.3979400086720375,,src/data/scPDB 2/1k4m_3/ligand.sdf,src/data/scPDB 2/1k4m_3/site.mol2,bindingdb_scpdb
1reo,,,Kd,=,2500.0,nM,2.5e-06,2500.0,5.6020599913279625,3.3979400086720375,,src/data/scPDB 2/1reo_1/ligand.sdf,src/data/scPDB 2/1reo_1/site.mol2,bindingdb_scpdb
1x98,,,Kd,=,2500.0,nM,2.5e-06,2500.0,5.6020599913279625,3.3979400086720375,,src/data/scPDB 2/1x98_2/ligand.sdf,src/data/scPDB 2/1x98_2/site.mol2,bindingdb_scpdb
1yum,,,Kd,=,2500.0,nM,2.5e-06,2500.0,5.6020599913279625,3.3979400086720375,,src/data/scPDB 2/1yum_1/ligand.sdf,src/data/scPDB 2/1yum_1/site.mol2,bindingdb_scpdb
2acu,,,Kd,=,2500.0,nM,2.5e-06,2500.0,5.6020599913279625,3.3979400086720375,,src/data/scPDB 2/2acu_1/ligand.sdf,src/data/scPDB 2/2acu_1/site.mol2,bindingdb_scpdb
2cts,,,Kd,=,2500.0,nM,2.5e-06,2500.0,5.6020599913279625,3.3979400086720375,,src/data/scPDB 2/2cts_1/ligand.sdf,src/data/scPDB 2/2cts_1/site.mol2,bindingdb_scpdb
2dc1,,,Kd,=,2500.0,nM,2.5e-06,2500.0,5.6020599913279625,3.3979400086720375,,src/data/scPDB 2/2dc1_2/ligand.sdf,src/data/scPDB 2/2dc1_2/site.mol2,bindingdb_scpdb
2hjr,,,Kd,=,2500.0,nM,2.5e-06,2500.0,5.6020599913279625,3.3979400086720375,,src/data/scPDB 2/2hjr_9/ligand.sdf,src/data/scPDB 2/2hjr_9/site.mol2,bindingdb_scpdb
2okl,,,Kd,=,2500.0,nM,2.5e-06,2500.0,5.6020599913279625,3.3979400086720375,,src/data/scPDB 2/2okl_1/ligand.sdf,src/data/scPDB 2/2okl_1/site.mol2,bindingdb_scpdb
2p41,,,Kd,=,2500.0,nM,2.5e-06,2500.0,5.6020599913279625,3.3979400086720375,,src/data/scPDB 2/2p41_2/ligand.sdf,src/data/scPDB 2/2p41_2/site.mol2,bindingdb_scpdb
2qxw,,,Kd,=,2500.0,nM,2.5e-06,2500.0,5.6020599913279625,3.3979400086720375,,src/data/scPDB 2/2qxw_1/ligand.sdf,src/data/scPDB 2/2qxw_1/site.mol2,bindingdb_scpdb
2xb9,,,Kd,=,2500.0,nM,2.5e-06,2500.0,5.6020599913279625,3.3979400086720375,,src/data/scPDB 2/2xb9_1/ligand.sdf,src/data/scPDB 2/2xb9_1/site.mol2,bindingdb_scpdb
2zwa,,,Kd,=,2500.0,nM,2.5e-06,2500.0,5.6020599913279625,3.3979400086720375,,src/data/scPDB 2/2zwa_2/ligand.sdf,src/data/scPDB 2/2zwa_2/site.mol2,bindingdb_scpdb
3dge,,,Kd,=,2500.0,nM,2.5e-06,2500.0,5.6020599913279625,3.3979400086720375,,src/data/scPDB 2/3dge_2/ligand.sdf,src/data/scPDB 2/3dge_2/site.mol2,bindingdb_scpdb
3ghs,,,Kd,=,2500.0,nM,2.5e-06,2500.0,5.6020599913279625,3.3979400086720375,,src/data/scPDB 2/3ghs_1/ligand.sdf,src/data/scPDB 2/3ghs_1/site.mol2,bindingdb_scpdb
3ghu,,,Kd,=,2500.0,nM,2.5e-06,2500.0,5.6020599913279625,3.3979400086720375,,src/data/scPDB 2/3ghu_1/ligand.sdf,src/data/scPDB 2/3ghu_1/site.mol2,bindingdb_scpdb
3lz5,,,Kd,=,2500.0,nM,2.5e-06,2500.0,5.6020599913279625,3.3979400086720375,,src/data/scPDB 2/3lz5_1/ligand.sdf,src/data/scPDB 2/3lz5_1/site.mol2,bindingdb_scpdb
3t42,,,Kd,=,2500.0,nM,2.5e-06,2500.0,5.6020599913279625,3.3979400086720375,,src/data/scPDB 2/3t42_1/ligand.sdf,src/data/scPDB 2/3t42_1/site.mol2,bindingdb_scpdb
3u2c,,,Kd,=,2500.0,nM,2.5e-06,2500.0,5.6020599913279625,3.3979400086720375,,src/data/scPDB 2/3u2c_1/ligand.sdf,src/data/scPDB 2/3u2c_1/site.mol2,bindingdb_scpdb
4bzq,,,Kd,=,2500.0,nM,2.5e-06,2500.0,5.6020599913279625,3.3979400086720375,,src/data/scPDB 2/4bzq_2/ligand.sdf,src/data/scPDB 2/4bzq_2/site.mol2,bindingdb_scpdb
4c2y,,,Kd,=,2500.0,nM,2.5e-06,2500.0,5.6020599913279625,3.3979400086720375,,src/data/scPDB 2/4c2y_1/ligand.sdf,src/data/scPDB 2/4c2y_1/site.mol2,bindingdb_scpdb
4c2z,,,Kd,=,2500.0,nM,2.5e-06,2500.0,5.6020599913279625,3.3979400086720375,,src/data/scPDB 2/4c2z_2/ligand.sdf,src/data/scPDB 2/4c2z_2/site.mol2,bindingdb_scpdb
4da4,,,Kd,=,2500.0,nM,2.5e-06,2500.0,5.6020599913279625,3.3979400086720375,,src/data/scPDB 2/4da4_1/ligand.sdf,src/data/scPDB 2/4da4_1/site.mol2,bindingdb_scpdb
4wbd,,,Kd,=,2500.0,nM,2.5e-06,2500.0,5.6020599913279625,3.3979400086720375,,src/data/scPDB 2/4wbd_1/ligand.sdf,src/data/scPDB 2/4wbd_1/site.mol2,bindingdb_scpdb
3b7d,,,Ki,=,1050.0,nM,1.0500000000000001e-06,1050.0,5.978810700930062,3.0211892990699383,,src/data/scPDB 2/3b7d_1/ligand.sdf,src/data/scPDB 2/3b7d_1/site.mol2,bindingdb_scpdb
4f1y,,,Ki,=,1050.0,nM,1.0500000000000001e-06,1050.0,5.978810700930062,3.0211892990699383,,src/data/scPDB 2/4f1y_1/ligand.sdf,src/data/scPDB 2/4f1y_1/site.mol2,bindingdb_scpdb
1kq9,,,Ki,=,61000.0,nM,6.1000000000000005e-05,61000.0,4.214670164989233,4.785329835010767,,src/data/scPDB 2/1kq9_1/ligand.sdf,src/data/scPDB 2/1kq9_1/site.mol2,bindingdb_scpdb
4l65,,,Ki,=,61000.0,nM,6.1000000000000005e-05,61000.0,4.214670164989233,4.785329835010767,,src/data/scPDB 2/4l65_1/ligand.sdf,src/data/scPDB 2/4l65_1/site.mol2,bindingdb_scpdb
1ogu,,,Ki,=,2400.0,nM,2.4000000000000003e-06,2400.0,5.619788758288394,3.380211241711606,,src/data/scPDB 2/1ogu_2/ligand.sdf,src/data/scPDB 2/1ogu_2/site.mol2,bindingdb_scpdb
1a5s,,,Ki,=,300000.0,nM,0.00030000000000000003,300000.0,3.5228787452803374,5.477121254719663,,src/data/scPDB 2/1a5s_1/ligand.sdf,src/data/scPDB 2/1a5s_1/site.mol2,bindingdb_scpdb
1a9y,,,Ki,=,300000.0,nM,0.00030000000000000003,300000.0,3.5228787452803374,5.477121254719663,,src/data/scPDB 2/1a9y_1/ligand.sdf,src/data/scPDB 2/1a9y_1/site.mol2,bindingdb_scpdb
1a9z,,,Ki,=,300000.0,nM,0.00030000000000000003,300000.0,3.5228787452803374,5.477121254719663,,src/data/scPDB 2/1a9z_1/ligand.sdf,src/data/scPDB 2/1a9z_1/site.mol2,bindingdb_scpdb
1c1w,,,Ki,=,300000.0,nM,0.00030000000000000003,300000.0,3.5228787452803374,5.477121254719663,,src/data/scPDB 2/1c1w_1/ligand.sdf,src/data/scPDB 2/1c1w_1/site.mol2,bindingdb_scpdb
1d3q,,,Ki,=,300000.0,nM,0.00030000000000000003,300000.0,3.5228787452803374,5.477121254719663,,src/data/scPDB 2/1d3q_1/ligand.sdf,src/data/scPDB 2/1d3q_1/site.mol2,bindingdb_scpdb
1d3t,,,Ki,=,300000.0,nM,0.00030000000000000003,300000.0,3.5228787452803374,5.477121254719663,,src/data/scPDB 2/1d3t_1/ligand.sdf,src/data/scPDB 2/1d3t_1/site.mol2,bindingdb_scpdb
1ebu,,,Ki,=,300000.0,nM,0.00030000000000000003,300000.0,3.5228787452803374,5.477121254719663,,src/data/scPDB 2/1ebu_1/ligand.sdf,src/data/scPDB 2/1ebu_1/site.mol2,bindingdb_scpdb
1fuy,,,Ki,=,300000.0,nM,0.00030000000000000003,300000.0,3.5228787452803374,5.477121254719663,,src/data/scPDB 2/1fuy_1/ligand.sdf,src/data/scPDB 2/1fuy_1/site.mol2,bindingdb_scpdb
1fy7,,,Ki,=,300000.0,nM,0.00030000000000000003,300000.0,3.5228787452803374,5.477121254719663,,src/data/scPDB 2/1fy7_1/ligand.sdf,src/data/scPDB 2/1fy7_1/site.mol2,bindingdb_scpdb
1g60,,,Ki,=,300000.0,nM,0.00030000000000000003,300000.0,3.5228787452803374,5.477121254719663,,src/data/scPDB 2/1g60_1/ligand.sdf,src/data/scPDB 2/1g60_1/site.mol2,bindingdb_scpdb
1i7g,,,Ki,=,300000.0,nM,0.00030000000000000003,300000.0,3.5228787452803374,5.477121254719663,,src/data/scPDB 2/1i7g_1/ligand.sdf,src/data/scPDB 2/1i7g_1/site.mol2,bindingdb_scpdb
1jay,,,Ki,=,300000.0,nM,0.00030000000000000003,300000.0,3.5228787452803374,5.477121254719663,,src/data/scPDB 2/1jay_2/ligand.sdf,src/data/scPDB 2/1jay_2/site.mol2,bindingdb_scpdb
1k8z,,,Ki,=,300000.0,nM,0.00030000000000000003,300000.0,3.5228787452803374,5.477121254719663,,src/data/scPDB 2/1k8z_1/ligand.sdf,src/data/scPDB 2/1k8z_1/site.mol2,bindingdb_scpdb
1knr,,,Ki,=,300000.0,nM,0.00030000000000000003,300000.0,3.5228787452803374,5.477121254719663,,src/data/scPDB 2/1knr_1/ligand.sdf,src/data/scPDB 2/1knr_1/site.mol2,bindingdb_scpdb
1kvr,,,Ki,=,300000.0,nM,0.00030000000000000003,300000.0,3.5228787452803374,5.477121254719663,,src/data/scPDB 2/1kvr_1/ligand.sdf,src/data/scPDB 2/1kvr_1/site.mol2,bindingdb_scpdb
1kvs,,,Ki,=,300000.0,nM,0.00030000000000000003,300000.0,3.5228787452803374,5.477121254719663,,src/data/scPDB 2/1kvs_1/ligand.sdf,src/data/scPDB 2/1kvs_1/site.mol2,bindingdb_scpdb
1kvt,,,Ki,=,300000.0,nM,0.00030000000000000003,300000.0,3.5228787452803374,5.477121254719663,,src/data/scPDB 2/1kvt_1/ligand.sdf,src/data/scPDB 2/1kvt_1/site.mol2,bindingdb_scpdb
1ky8,,,Ki,=,300000.0,nM,0.00030000000000000003,300000.0,3.5228787452803374,5.477121254719663,,src/data/scPDB 2/1ky8_1/ligand.sdf,src/data/scPDB 2/1ky8_1/site.mol2,bindingdb_scpdb
1l2t,,,Ki,=,300000.0,nM,0.00030000000000000003,300000.0,3.5228787452803374,5.477121254719663,,src/data/scPDB 2/1l2t_1/ligand.sdf,src/data/scPDB 2/1l2t_1/site.mol2,bindingdb_scpdb
1lrj,,,Ki,=,300000.0,nM,0.00030000000000000003,300000.0,3.5228787452803374,5.477121254719663,,src/data/scPDB 2/1lrj_1/ligand.sdf,src/data/scPDB 2/1lrj_1/site.mol2,bindingdb_scpdb
1lrl,,,Ki,=,300000.0,nM,0.00030000000000000003,300000.0,3.5228787452803374,5.477121254719663,,src/data/scPDB 2/1lrl_1/ligand.sdf,src/data/scPDB 2/1lrl_1/site.mol2,bindingdb_scpdb
1m9m,,,Ki,=,300000.0,nM,0.00030000000000000003,300000.0,3.5228787452803374,5.477121254719663,,src/data/scPDB 2/1m9m_1/ligand.sdf,src/data/scPDB 2/1m9m_1/site.mol2,bindingdb_scpdb
1mlz,,,Ki,=,300000.0,nM,0.00030000000000000003,300000.0,3.5228787452803374,5.477121254719663,,src/data/scPDB 2/1mlz_1/ligand.sdf,src/data/scPDB 2/1mlz_1/site.mol2,bindingdb_scpdb
1nzx,,,Ki,=,300000.0,nM,0.00030000000000000003,300000.0,3.5228787452803374,5.477121254719663,,src/data/scPDB 2/1nzx_3/ligand.sdf,src/data/scPDB 2/1nzx_3/site.mol2,bindingdb_scpdb
1omo,,,Ki,=,300000.0,nM,0.00030000000000000003,300000.0,3.5228787452803374,5.477121254719663,,src/data/scPDB 2/1omo_2/ligand.sdf,src/data/scPDB 2/1omo_2/site.mol2,bindingdb_scpdb
1pj6,,,Ki,=,300000.0,nM,0.00030000000000000003,300000.0,3.5228787452803374,5.477121254719663,,src/data/scPDB 2/1pj6_1/ligand.sdf,src/data/scPDB 2/1pj6_1/site.mol2,bindingdb_scpdb
1pz0,,,Ki,=,300000.0,nM,0.00030000000000000003,300000.0,3.5228787452803374,5.477121254719663,,src/data/scPDB 2/1pz0_1/ligand.sdf,src/data/scPDB 2/1pz0_1/site.mol2,bindingdb_scpdb
1r8b,,,Ki,=,300000.0,nM,0.00030000000000000003,300000.0,3.5228787452803374,5.477121254719663,,src/data/scPDB 2/1r8b_1/ligand.sdf,src/data/scPDB 2/1r8b_1/site.mol2,bindingdb_scpdb
1riw,,,Ki,=,300000.0,nM,0.00030000000000000003,300000.0,3.5228787452803374,5.477121254719663,,src/data/scPDB 2/1riw_1/ligand.sdf,src/data/scPDB 2/1riw_1/site.mol2,bindingdb_scpdb
1txz,,,Ki,=,300000.0,nM,0.00030000000000000003,300000.0,3.5228787452803374,5.477121254719663,,src/data/scPDB 2/1txz_1/ligand.sdf,src/data/scPDB 2/1txz_1/site.mol2,bindingdb_scpdb
1uda,,,Ki,=,300000.0,nM,0.00030000000000000003,300000.0,3.5228787452803374,5.477121254719663,,src/data/scPDB 2/1uda_1/ligand.sdf,src/data/scPDB 2/1uda_1/site.mol2,bindingdb_scpdb
1uuo,,,Ki,=,300000.0,nM,0.00030000000000000003,300000.0,3.5228787452803374,5.477121254719663,,src/data/scPDB 2/1uuo_1/ligand.sdf,src/data/scPDB 2/1uuo_1/site.mol2,bindingdb_scpdb
1uxj,,,Ki,=,300000.0,nM,0.00030000000000000003,300000.0,3.5228787452803374,5.477121254719663,,src/data/scPDB 2/1uxj_1/ligand.sdf,src/data/scPDB 2/1uxj_1/site.mol2,bindingdb_scpdb
1uxn,,,Ki,=,300000.0,nM,0.00030000000000000003,300000.0,3.5228787452803374,5.477121254719663,,src/data/scPDB 2/1uxn_1/ligand.sdf,src/data/scPDB 2/1uxn_1/site.mol2,bindingdb_scpdb
1uxp,,,Ki,=,300000.0,nM,0.00030000000000000003,300000.0,3.5228787452803374,5.477121254719663,,src/data/scPDB 2/1uxp_1/ligand.sdf,src/data/scPDB 2/1uxp_1/site.mol2,bindingdb_scpdb
1uxr,,,Ki,=,300000.0,nM,0.00030000000000000003,300000.0,3.5228787452803374,5.477121254719663,,src/data/scPDB 2/1uxr_1/ligand.sdf,src/data/scPDB 2/1uxr_1/site.mol2,bindingdb_scpdb
1uxv,,,Ki,=,300000.0,nM,0.00030000000000000003,300000.0,3.5228787452803374,5.477121254719663,,src/data/scPDB 2/1uxv_1/ligand.sdf,src/data/scPDB 2/1uxv_1/site.mol2,bindingdb_scpdb
1v4s,,,Ki,=,300000.0,nM,0.00030000000000000003,300000.0,3.5228787452803374,5.477121254719663,,src/data/scPDB 2/1v4s_1/ligand.sdf,src/data/scPDB 2/1v4s_1/site.mol2,bindingdb_scpdb
1v3q,,,Kd,=,44000.0,nM,4.4000000000000006e-05,44000.0,4.356547323513812,4.643452676486188,,src/data/scPDB 2/1v3q_1/ligand.sdf,src/data/scPDB 2/1v3q_1/site.mol2,bindingdb_scpdb
1dkf,,,Ki,=,248.0,nM,2.48e-07,248.0,6.605548319173783,2.3944516808262164,,src/data/scPDB 2/1dkf_1/ligand.sdf,src/data/scPDB 2/1dkf_1/site.mol2,bindingdb_scpdb
1j78,,,Ki,=,248.0,nM,2.48e-07,248.0,6.605548319173783,2.3944516808262164,,src/data/scPDB 2/1j78_1/ligand.sdf,src/data/scPDB 2/1j78_1/site.mol2,bindingdb_scpdb
4ea3,,,Ki,=,248.0,nM,2.48e-07,248.0,6.605548319173783,2.3944516808262164,,src/data/scPDB 2/4ea3_2/ligand.sdf,src/data/scPDB 2/4ea3_2/site.mol2,bindingdb_scpdb
4eiy,,,Ki,=,248.0,nM,2.48e-07,248.0,6.605548319173783,2.3944516808262164,,src/data/scPDB 2/4eiy_1/ligand.sdf,src/data/scPDB 2/4eiy_1/site.mol2,bindingdb_scpdb
4zjc,,,Ki,=,248.0,nM,2.48e-07,248.0,6.605548319173783,2.3944516808262164,,src/data/scPDB 2/4zjc_1/ligand.sdf,src/data/scPDB 2/4zjc_1/site.mol2,bindingdb_scpdb
5dsg,,,Ki,=,248.0,nM,2.48e-07,248.0,6.605548319173783,2.3944516808262164,,src/data/scPDB 2/5dsg_2/ligand.sdf,src/data/scPDB 2/5dsg_2/site.mol2,bindingdb_scpdb
5tgz,,,Ki,=,248.0,nM,2.48e-07,248.0,6.605548319173783,2.3944516808262164,,src/data/scPDB 2/5tgz_1/ligand.sdf,src/data/scPDB 2/5tgz_1/site.mol2,bindingdb_scpdb
5uvi,,,Ki,=,248.0,nM,2.48e-07,248.0,6.605548319173783,2.3944516808262164,,src/data/scPDB 2/5uvi_1/ligand.sdf,src/data/scPDB 2/5uvi_1/site.mol2,bindingdb_scpdb
5xra,,,Ki,=,248.0,nM,2.48e-07,248.0,6.605548319173783,2.3944516808262164,,src/data/scPDB 2/5xra_2/ligand.sdf,src/data/scPDB 2/5xra_2/site.mol2,bindingdb_scpdb
3uiv,,,Ki,=,10000.0,nM,1e-05,10000.0,5.0,4.0,,src/data/scPDB 2/3uiv_1/ligand.sdf,src/data/scPDB 2/3uiv_1/site.mol2,bindingdb_scpdb
3u9y,,,Kd,=,0.24,nM,2.4e-10,0.24,9.619788758288394,-0.619788758288394,,src/data/scPDB 2/3u9y_1/ligand.sdf,src/data/scPDB 2/3u9y_1/site.mol2,bindingdb_scpdb
5ds3,,,Kd,=,0.24,nM,2.4e-10,0.24,9.619788758288394,-0.619788758288394,,src/data/scPDB 2/5ds3_1/ligand.sdf,src/data/scPDB 2/5ds3_1/site.mol2,bindingdb_scpdb
3hng,,,Ki,=,15.0,nM,1.5000000000000002e-08,15.0,7.823908740944319,1.1760912590556813,,src/data/scPDB 2/3hng_1/ligand.sdf,src/data/scPDB 2/3hng_1/site.mol2,bindingdb_scpdb
1nav,,,Ki,=,7.18,nM,7.1800000000000004e-09,7.18,8.143875555757699,0.8561244442423003,,src/data/scPDB 2/1nav_1/ligand.sdf,src/data/scPDB 2/1nav_1/site.mol2,bindingdb_scpdb
1nax,,,Ki,=,7.18,nM,7.1800000000000004e-09,7.18,8.143875555757699,0.8561244442423003,,src/data/scPDB 2/1nax_1/ligand.sdf,src/data/scPDB 2/1nax_1/site.mol2,bindingdb_scpdb
3lt2,,,Kd,=,0.3,nM,3e-10,0.3,9.522878745280337,-0.5228787452803376,,src/data/scPDB 2/3lt2_2/ligand.sdf,src/data/scPDB 2/3lt2_2/site.mol2,bindingdb_scpdb
3lt0,,,Kd,=,13.9,nM,1.3900000000000002e-08,13.9,7.856985199745905,1.1430148002540952,,src/data/scPDB 2/3lt0_2/ligand.sdf,src/data/scPDB 2/3lt0_2/site.mol2,bindingdb_scpdb
3vw8,,,Ki,=,2.0,nM,2e-09,2.0,8.698970004336019,0.3010299956639812,,src/data/scPDB 2/3vw8_1/ligand.sdf,src/data/scPDB 2/3vw8_1/site.mol2,bindingdb_scpdb
1bwc,,,Ki,=,6000000.0,nM,0.006,6000000.0,2.221848749616356,6.778151250383644,,src/data/scPDB 2/1bwc_1/ligand.sdf,src/data/scPDB 2/1bwc_1/site.mol2,bindingdb_scpdb
1cjt,,,Ki,=,6000000.0,nM,0.006,6000000.0,2.221848749616356,6.778151250383644,,src/data/scPDB 2/1cjt_1/ligand.sdf,src/data/scPDB 2/1cjt_1/site.mol2,bindingdb_scpdb
1cs4,,,Ki,=,6000000.0,nM,0.006,6000000.0,2.221848749616356,6.778151250383644,,src/data/scPDB 2/1cs4_1/ligand.sdf,src/data/scPDB 2/1cs4_1/site.mol2,bindingdb_scpdb
1cul,,,Ki,=,6000000.0,nM,0.006,6000000.0,2.221848749616356,6.778151250383644,,src/data/scPDB 2/1cul_2/ligand.sdf,src/data/scPDB 2/1cul_2/site.mol2,bindingdb_scpdb
1dyi,,,Ki,=,6000000.0,nM,0.006,6000000.0,2.221848749616356,6.778151250383644,,src/data/scPDB 2/1dyi_2/ligand.sdf,src/data/scPDB 2/1dyi_2/site.mol2,bindingdb_scpdb
1dyj,,,Ki,=,6000000.0,nM,0.006,6000000.0,2.221848749616356,6.778151250383644,,src/data/scPDB 2/1dyj_2/ligand.sdf,src/data/scPDB 2/1dyj_2/site.mol2,bindingdb_scpdb
1el4,,,Ki,=,6000000.0,nM,0.006,6000000.0,2.221848749616356,6.778151250383644,,src/data/scPDB 2/1el4_1/ligand.sdf,src/data/scPDB 2/1el4_1/site.mol2,bindingdb_scpdb
1f0l,,,Ki,=,6000000.0,nM,0.006,6000000.0,2.221848749616356,6.778151250383644,,src/data/scPDB 2/1f0l_1/ligand.sdf,src/data/scPDB 2/1f0l_1/site.mol2,bindingdb_scpdb
1i3k,,,Ki,=,6000000.0,nM,0.006,6000000.0,2.221848749616356,6.778151250383644,,src/data/scPDB 2/1i3k_2/ligand.sdf,src/data/scPDB 2/1i3k_2/site.mol2,bindingdb_scpdb
1i3l,,,Ki,=,6000000.0,nM,0.006,6000000.0,2.221848749616356,6.778151250383644,,src/data/scPDB 2/1i3l_1/ligand.sdf,src/data/scPDB 2/1i3l_1/site.mol2,bindingdb_scpdb
1i3m,,,Ki,=,6000000.0,nM,0.006,6000000.0,2.221848749616356,6.778151250383644,,src/data/scPDB 2/1i3m_1/ligand.sdf,src/data/scPDB 2/1i3m_1/site.mol2,bindingdb_scpdb
1i3n,,,Ki,=,6000000.0,nM,0.006,6000000.0,2.221848749616356,6.778151250383644,,src/data/scPDB 2/1i3n_1/ligand.sdf,src/data/scPDB 2/1i3n_1/site.mol2,bindingdb_scpdb
1icp,,,Ki,=,6000000.0,nM,0.006,6000000.0,2.221848749616356,6.778151250383644,,src/data/scPDB 2/1icp_2/ligand.sdf,src/data/scPDB 2/1icp_2/site.mol2,bindingdb_scpdb
1jol,,,Ki,=,6000000.0,nM,0.006,6000000.0,2.221848749616356,6.778151250383644,,src/data/scPDB 2/1jol_2/ligand.sdf,src/data/scPDB 2/1jol_2/site.mol2,bindingdb_scpdb
1khz,,,Ki,=,6000000.0,nM,0.006,6000000.0,2.221848749616356,6.778151250383644,,src/data/scPDB 2/1khz_1/ligand.sdf,src/data/scPDB 2/1khz_1/site.mol2,bindingdb_scpdb
1l9d,,,Ki,=,6000000.0,nM,0.006,6000000.0,2.221848749616356,6.778151250383644,,src/data/scPDB 2/1l9d_1/ligand.sdf,src/data/scPDB 2/1l9d_1/site.mol2,bindingdb_scpdb
1lri,,,Ki,=,6000000.0,nM,0.006,6000000.0,2.221848749616356,6.778151250383644,,src/data/scPDB 2/1lri_1/ligand.sdf,src/data/scPDB 2/1lri_1/site.mol2,bindingdb_scpdb
1mx5,,,Ki,=,6000000.0,nM,0.006,6000000.0,2.221848749616356,6.778151250383644,,src/data/scPDB 2/1mx5_3/ligand.sdf,src/data/scPDB 2/1mx5_3/site.mol2,bindingdb_scpdb
1n4q,,,Ki,=,6000000.0,nM,0.006,6000000.0,2.221848749616356,6.778151250383644,,src/data/scPDB 2/1n4q_2/ligand.sdf,src/data/scPDB 2/1n4q_2/site.mol2,bindingdb_scpdb
1n4s,,,Ki,=,6000000.0,nM,0.006,6000000.0,2.221848749616356,6.778151250383644,,src/data/scPDB 2/1n4s_4/ligand.sdf,src/data/scPDB 2/1n4s_4/site.mol2,bindingdb_scpdb
1nva,,,Ki,=,6000000.0,nM,0.006,6000000.0,2.221848749616356,6.778151250383644,,src/data/scPDB 2/1nva_1/ligand.sdf,src/data/scPDB 2/1nva_1/site.mol2,bindingdb_scpdb
1nve,,,Ki,=,6000000.0,nM,0.006,6000000.0,2.221848749616356,6.778151250383644,,src/data/scPDB 2/1nve_1/ligand.sdf,src/data/scPDB 2/1nve_1/site.mol2,bindingdb_scpdb
1nzf,,,Ki,=,6000000.0,nM,0.006,6000000.0,2.221848749616356,6.778151250383644,,src/data/scPDB 2/1nzf_1/ligand.sdf,src/data/scPDB 2/1nzf_1/site.mol2,bindingdb_scpdb
1oj4,,,Ki,=,6000000.0,nM,0.006,6000000.0,2.221848749616356,6.778151250383644,,src/data/scPDB 2/1oj4_1/ligand.sdf,src/data/scPDB 2/1oj4_1/site.mol2,bindingdb_scpdb
3nvc,,,Ki,=,620000.0,nM,0.00062,620000.0,3.2076083105017466,5.7923916894982534,,src/data/scPDB 2/3nvc_1/ligand.sdf,src/data/scPDB 2/3nvc_1/site.mol2,bindingdb_scpdb
4qmt,,,Kd,=,52.0,nM,5.2e-08,52.0,7.2839966563652006,1.7160033436347992,,src/data/scPDB 2/4qmt_1/ligand.sdf,src/data/scPDB 2/4qmt_1/site.mol2,bindingdb_scpdb
1ov4,,,Ki,=,3400.0,nM,3.4e-06,3400.0,5.468521082957745,3.531478917042255,,src/data/scPDB 2/1ov4_1/ligand.sdf,src/data/scPDB 2/1ov4_1/site.mol2,bindingdb_scpdb
2qp3,,,Ki,=,3400.0,nM,3.4e-06,3400.0,5.468521082957745,3.531478917042255,,src/data/scPDB 2/2qp3_1/ligand.sdf,src/data/scPDB 2/2qp3_1/site.mol2,bindingdb_scpdb
3uzx,,,Ki,=,3400.0,nM,3.4e-06,3400.0,5.468521082957745,3.531478917042255,,src/data/scPDB 2/3uzx_2/ligand.sdf,src/data/scPDB 2/3uzx_2/site.mol2,bindingdb_scpdb
1e7a,,,Ki,=,98900.0,nM,9.89e-05,98900.0,4.004803708402821,4.995196291597179,,src/data/scPDB 2/1e7a_2/ligand.sdf,src/data/scPDB 2/1e7a_2/site.mol2,bindingdb_scpdb
3ce0,,,Kd,=,700.0,nM,7.000000000000001e-07,700.0,6.154901959985743,2.845098040014257,,src/data/scPDB 2/3ce0_1/ligand.sdf,src/data/scPDB 2/3ce0_1/site.mol2,bindingdb_scpdb
4kxj,,,Kd,=,700.0,nM,7.000000000000001e-07,700.0,6.154901959985743,2.845098040014257,,src/data/scPDB 2/4kxj_1/ligand.sdf,src/data/scPDB 2/4kxj_1/site.mol2,bindingdb_scpdb
3u0f,,,Ki,=,750.0,nM,7.5e-07,750.0,6.1249387366083,2.8750612633917,,src/data/scPDB 2/3u0f_1/ligand.sdf,src/data/scPDB 2/3u0f_1/site.mol2,bindingdb_scpdb
1v5y,,,Ki,=,6300.0,nM,6.300000000000001e-06,6300.0,5.200659450546418,3.7993405494535817,,src/data/scPDB 2/1v5y_2/ligand.sdf,src/data/scPDB 2/1v5y_2/site.mol2,bindingdb_scpdb
2dld,,,Ki,=,136000.0,nM,0.000136,136000.0,3.866461091629782,5.133538908370218,,src/data/scPDB 2/2dld_1/ligand.sdf,src/data/scPDB 2/2dld_1/site.mol2,bindingdb_scpdb
3h3f,,,Ki,=,136000.0,nM,0.000136,136000.0,3.866461091629782,5.133538908370218,,src/data/scPDB 2/3h3f_6/ligand.sdf,src/data/scPDB 2/3h3f_6/site.mol2,bindingdb_scpdb
4loc,,,Ki,=,136000.0,nM,0.000136,136000.0,3.866461091629782,5.133538908370218,,src/data/scPDB 2/4loc_2/ligand.sdf,src/data/scPDB 2/4loc_2/site.mol2,bindingdb_scpdb
5es3,,,Ki,=,136000.0,nM,0.000136,136000.0,3.866461091629782,5.133538908370218,,src/data/scPDB 2/5es3_6/ligand.sdf,src/data/scPDB 2/5es3_6/site.mol2,bindingdb_scpdb
4j3i,,,Kd,=,303.0,nM,3.03e-07,303.0,6.518557371497695,2.481442628502305,,src/data/scPDB 2/4j3i_1/ligand.sdf,src/data/scPDB 2/4j3i_1/site.mol2,bindingdb_scpdb
2vd7,,,Ki,=,2.2,nM,2.2000000000000003e-09,2.2,8.657577319177793,0.3424226808222063,,src/data/scPDB 2/2vd7_2/ligand.sdf,src/data/scPDB 2/2vd7_2/site.mol2,bindingdb_scpdb
4ie0,,,Ki,=,2.2,nM,2.2000000000000003e-09,2.2,8.657577319177793,0.3424226808222063,,src/data/scPDB 2/4ie0_1/ligand.sdf,src/data/scPDB 2/4ie0_1/site.mol2,bindingdb_scpdb
4lxl,,,Ki,=,2.2,nM,2.2000000000000003e-09,2.2,8.657577319177793,0.3424226808222063,,src/data/scPDB 2/4lxl_1/ligand.sdf,src/data/scPDB 2/4lxl_1/site.mol2,bindingdb_scpdb
4nhk,,,Ki,=,2.2,nM,2.2000000000000003e-09,2.2,8.657577319177793,0.3424226808222063,,src/data/scPDB 2/4nhk_1/ligand.sdf,src/data/scPDB 2/4nhk_1/site.mol2,bindingdb_scpdb
5fe1,,,Kd,=,5000.0,nM,5e-06,5000.0,5.301029995663981,3.6989700043360187,,src/data/scPDB 2/5fe1_2/ligand.sdf,src/data/scPDB 2/5fe1_2/site.mol2,bindingdb_scpdb
4hw2,,,Ki,=,55.0,nM,5.5e-08,55.0,7.259637310505756,1.7403626894942439,,src/data/scPDB 2/4hw2_6/ligand.sdf,src/data/scPDB 2/4hw2_6/site.mol2,bindingdb_scpdb
4jnk,,,Ki,=,5.1,nM,5.1e-09,5.1,8.292429823902063,0.7075701760979364,,src/data/scPDB 2/4jnk_6/ligand.sdf,src/data/scPDB 2/4jnk_6/site.mol2,bindingdb_scpdb
2ktd,,,Ki,=,5.5,nM,5.5000000000000004e-09,5.5,8.259637310505756,0.7403626894942439,,src/data/scPDB 2/2ktd_1/ligand.sdf,src/data/scPDB 2/2ktd_1/site.mol2,bindingdb_scpdb
3sa0,,,Ki,=,250200.0,nM,0.0002502,250200.0,3.6017126946425986,5.398287305357401,,src/data/scPDB 2/3sa0_1/ligand.sdf,src/data/scPDB 2/3sa0_1/site.mol2,bindingdb_scpdb
3bi5,,,Ki,=,300.0,nM,3.0000000000000004e-07,300.0,6.522878745280337,2.4771212547196626,,src/data/scPDB 2/3bi5_1/ligand.sdf,src/data/scPDB 2/3bi5_1/site.mol2,bindingdb_scpdb
3g9n,,,Ki,=,1800.0,nM,1.8000000000000001e-06,1800.0,5.7447274948966935,3.255272505103306,,src/data/scPDB 2/3g9n_1/ligand.sdf,src/data/scPDB 2/3g9n_1/site.mol2,bindingdb_scpdb
4a79,,,Ki,=,370.0,nM,3.7e-07,370.0,6.431798275933005,2.568201724066995,,src/data/scPDB 2/4a79_2/ligand.sdf,src/data/scPDB 2/4a79_2/site.mol2,bindingdb_scpdb
1qvu,,,Kd,=,140000.0,nM,0.00014000000000000001,140000.0,3.853871964321762,5.146128035678238,,src/data/scPDB 2/1qvu_2/ligand.sdf,src/data/scPDB 2/1qvu_2/site.mol2,bindingdb_scpdb
3p9k,,,Ki,=,93880.0,nM,9.388e-05,93880.0,4.027426919073445,4.972573080926555,,src/data/scPDB 2/3p9k_5/ligand.sdf,src/data/scPDB 2/3p9k_5/site.mol2,bindingdb_scpdb
4hfn,,,Ki,=,93880.0,nM,9.388e-05,93880.0,4.027426919073445,4.972573080926555,,src/data/scPDB 2/4hfn_1/ligand.sdf,src/data/scPDB 2/4hfn_1/site.mol2,bindingdb_scpdb
1pq6,,,Ki,=,2000.0,nM,2.0000000000000003e-06,2000.0,5.698970004336019,3.3010299956639813,,src/data/scPDB 2/1pq6_1/ligand.sdf,src/data/scPDB 2/1pq6_1/site.mol2,bindingdb_scpdb
4a9e,,,Kd,=,20400.0,nM,2.04e-05,20400.0,4.690369832574102,4.309630167425898,,src/data/scPDB 2/4a9e_3/ligand.sdf,src/data/scPDB 2/4a9e_3/site.mol2,bindingdb_scpdb
4o76,,,Kd,=,123.0,nM,1.23e-07,123.0,6.910094888560602,2.089905111439398,,src/data/scPDB 2/4o76_4/ligand.sdf,src/data/scPDB 2/4o76_4/site.mol2,bindingdb_scpdb
3w3o,,,Ki,=,23100.0,nM,2.3100000000000002e-05,23100.0,4.636388020107856,4.363611979892144,,src/data/scPDB 2/3w3o_2/ligand.sdf,src/data/scPDB 2/3w3o_2/site.mol2,bindingdb_scpdb
3w2l,,,Ki,=,1255000.0,nM,0.001255,1255000.0,2.901356274182943,6.098643725817057,,src/data/scPDB 2/3w2l_2/ligand.sdf,src/data/scPDB 2/3w2l_2/site.mol2,bindingdb_scpdb
3w2m,,,Ki,=,360000.0,nM,0.00036,360000.0,3.443697499232713,5.556302500767287,,src/data/scPDB 2/3w2m_2/ligand.sdf,src/data/scPDB 2/3w2m_2/site.mol2,bindingdb_scpdb
4c36,,,Ki,=,12.0,nM,1.2000000000000002e-08,12.0,7.920818753952375,1.0791812460476249,,src/data/scPDB 2/4c36_1/ligand.sdf,src/data/scPDB 2/4c36_1/site.mol2,bindingdb_scpdb
3nlq,,,Ki,=,31000.0,nM,3.1e-05,31000.0,4.508638306165727,4.491361693834273,,src/data/scPDB 2/3nlq_4/ligand.sdf,src/data/scPDB 2/3nlq_4/site.mol2,bindingdb_scpdb
3nlv,,,Ki,=,62000.0,nM,6.2e-05,62000.0,4.2076083105017466,4.7923916894982534,,src/data/scPDB 2/3nlv_1/ligand.sdf,src/data/scPDB 2/3nlv_1/site.mol2,bindingdb_scpdb
3kjs,,,Ki,=,1.3,nM,1.3e-09,1.3,8.886056647693163,0.11394335230683679,,src/data/scPDB 2/3kjs_5/ligand.sdf,src/data/scPDB 2/3kjs_5/site.mol2,bindingdb_scpdb
3qj5,,,Ki,=,13300.0,nM,1.3300000000000001e-05,13300.0,4.876148359032914,4.123851640967086,,src/data/scPDB 2/3qj5_1/ligand.sdf,src/data/scPDB 2/3qj5_1/site.mol2,bindingdb_scpdb
3oc1,,,Kd,=,1190.0,nM,1.19e-06,1190.0,5.924453038607469,3.0755469613925306,,src/data/scPDB 2/3oc1_1/ligand.sdf,src/data/scPDB 2/3oc1_1/site.mol2,bindingdb_scpdb
3v2w,,,Ki,=,77.0,nM,7.7e-08,77.0,7.113509274827518,1.8864907251724818,,src/data/scPDB 2/3v2w_1/ligand.sdf,src/data/scPDB 2/3v2w_1/site.mol2,bindingdb_scpdb
3iak,,,Ki,=,8000.0,nM,8.000000000000001e-06,8000.0,5.096910013008056,3.9030899869919438,,src/data/scPDB 2/3iak_1/ligand.sdf,src/data/scPDB 2/3iak_1/site.mol2,bindingdb_scpdb
3jsu,,,Ki,=,10.2,nM,1.02e-08,10.2,7.991399828238082,1.0086001717619175,,src/data/scPDB 2/3jsu_1/ligand.sdf,src/data/scPDB 2/3jsu_1/site.mol2,bindingdb_scpdb
3nnz,,,Ki,=,220.0,nM,2.2e-07,220.0,6.657577319177793,2.342422680822206,,src/data/scPDB 2/3nnz_1/ligand.sdf,src/data/scPDB 2/3nnz_1/site.mol2,bindingdb_scpdb
3jwm,,,Ki,=,9810.0,nM,9.810000000000001e-06,9810.0,5.008330992620051,3.9916690073799486,,src/data/scPDB 2/3jwm_2/ligand.sdf,src/data/scPDB 2/3jwm_2/site.mol2,bindingdb_scpdb
3qly,,,Ki,=,4280.0,nM,4.2800000000000005e-06,4280.0,5.368556230986828,3.6314437690131722,,src/data/scPDB 2/3qly_1/ligand.sdf,src/data/scPDB 2/3qly_1/site.mol2,bindingdb_scpdb
2kgk,,,Ki,=,300.0,nM,3.0000000000000004e-07,300.0,6.522878745280337,2.4771212547196626,,src/data/scPDB 2/2kgk_1/ligand.sdf,src/data/scPDB 2/2kgk_1/site.mol2,bindingdb_scpdb
3cse,,,Ki,=,300.0,nM,3.0000000000000004e-07,300.0,6.522878745280337,2.4771212547196626,,src/data/scPDB 2/3cse_1/ligand.sdf,src/data/scPDB 2/3cse_1/site.mol2,bindingdb_scpdb
3i8a,,,Ki,=,300.0,nM,3.0000000000000004e-07,300.0,6.522878745280337,2.4771212547196626,,src/data/scPDB 2/3i8a_1/ligand.sdf,src/data/scPDB 2/3i8a_1/site.mol2,bindingdb_scpdb
3sh2,,,Ki,=,1210.0,nM,1.21e-06,1210.0,5.917214629683549,3.0827853703164503,,src/data/scPDB 2/3sh2_1/ligand.sdf,src/data/scPDB 2/3sh2_1/site.mol2,bindingdb_scpdb
3jx5,,,Ki,=,48.0,nM,4.8000000000000006e-08,48.0,7.318758762624412,1.6812412373755872,,src/data/scPDB 2/3jx5_1/ligand.sdf,src/data/scPDB 2/3jx5_1/site.mol2,bindingdb_scpdb
3nln,,,Ki,=,63000.0,nM,6.3e-05,63000.0,4.200659450546418,4.799340549453582,,src/data/scPDB 2/3nln_1/ligand.sdf,src/data/scPDB 2/3nln_1/site.mol2,bindingdb_scpdb
3nlo,,,Ki,=,193500.0,nM,0.00019350000000000001,193500.0,3.71331903064507,5.28668096935493,,src/data/scPDB 2/3nlo_4/ligand.sdf,src/data/scPDB 2/3nlo_4/site.mol2,bindingdb_scpdb
1bmf,,,Ki,=,4000.0,nM,4.000000000000001e-06,4000.0,5.3979400086720375,3.6020599913279625,,src/data/scPDB 2/1bmf_4/ligand.sdf,src/data/scPDB 2/1bmf_4/site.mol2,bindingdb_scpdb
1cdk,,,Ki,=,4000.0,nM,4.000000000000001e-06,4000.0,5.3979400086720375,3.6020599913279625,,src/data/scPDB 2/1cdk_1/ligand.sdf,src/data/scPDB 2/1cdk_1/site.mol2,bindingdb_scpdb
1daw,,,Ki,=,4000.0,nM,4.000000000000001e-06,4000.0,5.3979400086720375,3.6020599913279625,,src/data/scPDB 2/1daw_1/ligand.sdf,src/data/scPDB 2/1daw_1/site.mol2,bindingdb_scpdb
1e0j,,,Ki,=,4000.0,nM,4.000000000000001e-06,4000.0,5.3979400086720375,3.6020599913279625,,src/data/scPDB 2/1e0j_4/ligand.sdf,src/data/scPDB 2/1e0j_4/site.mol2,bindingdb_scpdb
1esn,,,Ki,=,4000.0,nM,4.000000000000001e-06,4000.0,5.3979400086720375,3.6020599913279625,,src/data/scPDB 2/1esn_3/ligand.sdf,src/data/scPDB 2/1esn_3/site.mol2,bindingdb_scpdb
1h72,,,Ki,=,4000.0,nM,4.000000000000001e-06,4000.0,5.3979400086720375,3.6020599913279625,,src/data/scPDB 2/1h72_1/ligand.sdf,src/data/scPDB 2/1h72_1/site.mol2,bindingdb_scpdb
1id0,,,Ki,=,4000.0,nM,4.000000000000001e-06,4000.0,5.3979400086720375,3.6020599913279625,,src/data/scPDB 2/1id0_1/ligand.sdf,src/data/scPDB 2/1id0_1/site.mol2,bindingdb_scpdb
1ig1,,,Ki,=,4000.0,nM,4.000000000000001e-06,4000.0,5.3979400086720375,3.6020599913279625,,src/data/scPDB 2/1ig1_1/ligand.sdf,src/data/scPDB 2/1ig1_1/site.mol2,bindingdb_scpdb
1j7u,,,Ki,=,4000.0,nM,4.000000000000001e-06,4000.0,5.3979400086720375,3.6020599913279625,,src/data/scPDB 2/1j7u_2/ligand.sdf,src/data/scPDB 2/1j7u_2/site.mol2,bindingdb_scpdb
1jpa,,,Ki,=,4000.0,nM,4.000000000000001e-06,4000.0,5.3979400086720375,3.6020599913279625,,src/data/scPDB 2/1jpa_1/ligand.sdf,src/data/scPDB 2/1jpa_1/site.mol2,bindingdb_scpdb
1jqh,,,Ki,=,4000.0,nM,4.000000000000001e-06,4000.0,5.3979400086720375,3.6020599913279625,,src/data/scPDB 2/1jqh_3/ligand.sdf,src/data/scPDB 2/1jqh_3/site.mol2,bindingdb_scpdb
1lp4,,,Ki,=,4000.0,nM,4.000000000000001e-06,4000.0,5.3979400086720375,3.6020599913279625,,src/data/scPDB 2/1lp4_1/ligand.sdf,src/data/scPDB 2/1lp4_1/site.mol2,bindingdb_scpdb
1m0w,,,Ki,=,4000.0,nM,4.000000000000001e-06,4000.0,5.3979400086720375,3.6020599913279625,,src/data/scPDB 2/1m0w_1/ligand.sdf,src/data/scPDB 2/1m0w_1/site.mol2,bindingdb_scpdb
1ngi,,,Ki,=,4000.0,nM,4.000000000000001e-06,4000.0,5.3979400086720375,3.6020599913279625,,src/data/scPDB 2/1ngi_1/ligand.sdf,src/data/scPDB 2/1ngi_1/site.mol2,bindingdb_scpdb
1ngj,,,Ki,=,4000.0,nM,4.000000000000001e-06,4000.0,5.3979400086720375,3.6020599913279625,,src/data/scPDB 2/1ngj_1/ligand.sdf,src/data/scPDB 2/1ngj_1/site.mol2,bindingdb_scpdb
1nhh,,,Ki,=,4000.0,nM,4.000000000000001e-06,4000.0,5.3979400086720375,3.6020599913279625,,src/data/scPDB 2/1nhh_1/ligand.sdf,src/data/scPDB 2/1nhh_1/site.mol2,bindingdb_scpdb
1p3d,,,Ki,=,4000.0,nM,4.000000000000001e-06,4000.0,5.3979400086720375,3.6020599913279625,,src/data/scPDB 2/1p3d_2/ligand.sdf,src/data/scPDB 2/1p3d_2/site.mol2,bindingdb_scpdb
1p9w,,,Ki,=,4000.0,nM,4.000000000000001e-06,4000.0,5.3979400086720375,3.6020599913279625,,src/data/scPDB 2/1p9w_1/ligand.sdf,src/data/scPDB 2/1p9w_1/site.mol2,bindingdb_scpdb
1pvg,,,Ki,=,4000.0,nM,4.000000000000001e-06,4000.0,5.3979400086720375,3.6020599913279625,,src/data/scPDB 2/1pvg_1/ligand.sdf,src/data/scPDB 2/1pvg_1/site.mol2,bindingdb_scpdb
1pvo,,,Ki,=,4000.0,nM,4.000000000000001e-06,4000.0,5.3979400086720375,3.6020599913279625,,src/data/scPDB 2/1pvo_6/ligand.sdf,src/data/scPDB 2/1pvo_6/site.mol2,bindingdb_scpdb
1pyx,,,Ki,=,4000.0,nM,4.000000000000001e-06,4000.0,5.3979400086720375,3.6020599913279625,,src/data/scPDB 2/1pyx_2/ligand.sdf,src/data/scPDB 2/1pyx_2/site.mol2,bindingdb_scpdb
1q3q,,,Ki,=,4000.0,nM,4.000000000000001e-06,4000.0,5.3979400086720375,3.6020599913279625,,src/data/scPDB 2/1q3q_4/ligand.sdf,src/data/scPDB 2/1q3q_4/site.mol2,bindingdb_scpdb
1qvr,,,Ki,=,4000.0,nM,4.000000000000001e-06,4000.0,5.3979400086720375,3.6020599913279625,,src/data/scPDB 2/1qvr_2/ligand.sdf,src/data/scPDB 2/1qvr_2/site.mol2,bindingdb_scpdb
1s16,,,Ki,=,4000.0,nM,4.000000000000001e-06,4000.0,5.3979400086720375,3.6020599913279625,,src/data/scPDB 2/1s16_1/ligand.sdf,src/data/scPDB 2/1s16_1/site.mol2,bindingdb_scpdb
1u3d,,,Ki,=,4000.0,nM,4.000000000000001e-06,4000.0,5.3979400086720375,3.6020599913279625,,src/data/scPDB 2/1u3d_2/ligand.sdf,src/data/scPDB 2/1u3d_2/site.mol2,bindingdb_scpdb
1v25,,,Ki,=,4000.0,nM,4.000000000000001e-06,4000.0,5.3979400086720375,3.6020599913279625,,src/data/scPDB 2/1v25_1/ligand.sdf,src/data/scPDB 2/1v25_1/site.mol2,bindingdb_scpdb
1w5t,,,Ki,=,4000.0,nM,4.000000000000001e-06,4000.0,5.3979400086720375,3.6020599913279625,,src/data/scPDB 2/1w5t_3/ligand.sdf,src/data/scPDB 2/1w5t_3/site.mol2,bindingdb_scpdb
1zxm,,,Ki,=,4000.0,nM,4.000000000000001e-06,4000.0,5.3979400086720375,3.6020599913279625,,src/data/scPDB 2/1zxm_2/ligand.sdf,src/data/scPDB 2/1zxm_2/site.mol2,bindingdb_scpdb
1zy5,,,Ki,=,4000.0,nM,4.000000000000001e-06,4000.0,5.3979400086720375,3.6020599913279625,,src/data/scPDB 2/1zy5_2/ligand.sdf,src/data/scPDB 2/1zy5_2/site.mol2,bindingdb_scpdb
2a19,,,Ki,=,4000.0,nM,4.000000000000001e-06,4000.0,5.3979400086720375,3.6020599913279625,,src/data/scPDB 2/2a19_1/ligand.sdf,src/data/scPDB 2/2a19_1/site.mol2,bindingdb_scpdb
2acx,,,Ki,=,4000.0,nM,4.000000000000001e-06,4000.0,5.3979400086720375,3.6020599913279625,,src/data/scPDB 2/2acx_2/ligand.sdf,src/data/scPDB 2/2acx_2/site.mol2,bindingdb_scpdb
2db3,,,Ki,=,4000.0,nM,4.000000000000001e-06,4000.0,5.3979400086720375,3.6020599913279625,,src/data/scPDB 2/2db3_1/ligand.sdf,src/data/scPDB 2/2db3_1/site.mol2,bindingdb_scpdb
2hld,,,Ki,=,4000.0,nM,4.000000000000001e-06,4000.0,5.3979400086720375,3.6020599913279625,,src/data/scPDB 2/2hld_8/ligand.sdf,src/data/scPDB 2/2hld_8/site.mol2,bindingdb_scpdb
2hw1,,,Ki,=,4000.0,nM,4.000000000000001e-06,4000.0,5.3979400086720375,3.6020599913279625,,src/data/scPDB 2/2hw1_1/ligand.sdf,src/data/scPDB 2/2hw1_1/site.mol2,bindingdb_scpdb
2io7,,,Ki,=,4000.0,nM,4.000000000000001e-06,4000.0,5.3979400086720375,3.6020599913279625,,src/data/scPDB 2/2io7_1/ligand.sdf,src/data/scPDB 2/2io7_1/site.mol2,bindingdb_scpdb
2itn,,,Ki,=,4000.0,nM,4.000000000000001e-06,4000.0,5.3979400086720375,3.6020599913279625,,src/data/scPDB 2/2itn_1/ligand.sdf,src/data/scPDB 2/2itn_1/site.mol2,bindingdb_scpdb
2itx,,,Ki,=,4000.0,nM,4.000000000000001e-06,4000.0,5.3979400086720375,3.6020599913279625,,src/data/scPDB 2/2itx_1/ligand.sdf,src/data/scPDB 2/2itx_1/site.mol2,bindingdb_scpdb
2ivn,,,Ki,=,4000.0,nM,4.000000000000001e-06,4000.0,5.3979400086720375,3.6020599913279625,,src/data/scPDB 2/2ivn_1/ligand.sdf,src/data/scPDB 2/2ivn_1/site.mol2,bindingdb_scpdb
2iwh,,,Ki,=,4000.0,nM,4.000000000000001e-06,4000.0,5.3979400086720375,3.6020599913279625,,src/data/scPDB 2/2iwh_2/ligand.sdf,src/data/scPDB 2/2iwh_2/site.mol2,bindingdb_scpdb
2j0s,,,Ki,=,4000.0,nM,4.000000000000001e-06,4000.0,5.3979400086720375,3.6020599913279625,,src/data/scPDB 2/2j0s_1/ligand.sdf,src/data/scPDB 2/2j0s_1/site.mol2,bindingdb_scpdb
2j9g,,,Ki,=,4000.0,nM,4.000000000000001e-06,4000.0,5.3979400086720375,3.6020599913279625,,src/data/scPDB 2/2j9g_2/ligand.sdf,src/data/scPDB 2/2j9g_2/site.mol2,bindingdb_scpdb
2o1u,,,Ki,=,4000.0,nM,4.000000000000001e-06,4000.0,5.3979400086720375,3.6020599913279625,,src/data/scPDB 2/2o1u_1/ligand.sdf,src/data/scPDB 2/2o1u_1/site.mol2,bindingdb_scpdb
2oap,,,Ki,=,4000.0,nM,4.000000000000001e-06,4000.0,5.3979400086720375,3.6020599913279625,,src/data/scPDB 2/2oap_2/ligand.sdf,src/data/scPDB 2/2oap_2/site.mol2,bindingdb_scpdb
2ozo,,,Ki,=,4000.0,nM,4.000000000000001e-06,4000.0,5.3979400086720375,3.6020599913279625,,src/data/scPDB 2/2ozo_1/ligand.sdf,src/data/scPDB 2/2ozo_1/site.mol2,bindingdb_scpdb
2qt0,,,Ki,=,4000.0,nM,4.000000000000001e-06,4000.0,5.3979400086720375,3.6020599913279625,,src/data/scPDB 2/2qt0_1/ligand.sdf,src/data/scPDB 2/2qt0_1/site.mol2,bindingdb_scpdb
2r5t,,,Ki,=,4000.0,nM,4.000000000000001e-06,4000.0,5.3979400086720375,3.6020599913279625,,src/data/scPDB 2/2r5t_1/ligand.sdf,src/data/scPDB 2/2r5t_1/site.mol2,bindingdb_scpdb
2wtk,,,Ki,=,4000.0,nM,4.000000000000001e-06,4000.0,5.3979400086720375,3.6020599913279625,,src/data/scPDB 2/2wtk_1/ligand.sdf,src/data/scPDB 2/2wtk_1/site.mol2,bindingdb_scpdb
2xcl,,,Ki,=,4000.0,nM,4.000000000000001e-06,4000.0,5.3979400086720375,3.6020599913279625,,src/data/scPDB 2/2xcl_1/ligand.sdf,src/data/scPDB 2/2xcl_1/site.mol2,bindingdb_scpdb
2xs0,,,Ki,=,4000.0,nM,4.000000000000001e-06,4000.0,5.3979400086720375,3.6020599913279625,,src/data/scPDB 2/2xs0_1/ligand.sdf,src/data/scPDB 2/2xs0_1/site.mol2,bindingdb_scpdb
2yef,,,Ki,=,4000.0,nM,4.000000000000001e-06,4000.0,5.3979400086720375,3.6020599913279625,,src/data/scPDB 2/2yef_1/ligand.sdf,src/data/scPDB 2/2yef_1/site.mol2,bindingdb_scpdb
2zce,,,Ki,=,4000.0,nM,4.000000000000001e-06,4000.0,5.3979400086720375,3.6020599913279625,,src/data/scPDB 2/2zce_1/ligand.sdf,src/data/scPDB 2/2zce_1/site.mol2,bindingdb_scpdb
2zue,,,Ki,=,4000.0,nM,4.000000000000001e-06,4000.0,5.3979400086720375,3.6020599913279625,,src/data/scPDB 2/2zue_1/ligand.sdf,src/data/scPDB 2/2zue_1/site.mol2,bindingdb_scpdb
3adc,,,Ki,=,4000.0,nM,4.000000000000001e-06,4000.0,5.3979400086720375,3.6020599913279625,,src/data/scPDB 2/3adc_1/ligand.sdf,src/data/scPDB 2/3adc_1/site.mol2,bindingdb_scpdb
3akl,,,Ki,=,4000.0,nM,4.000000000000001e-06,4000.0,5.3979400086720375,3.6020599913279625,,src/data/scPDB 2/3akl_3/ligand.sdf,src/data/scPDB 2/3akl_3/site.mol2,bindingdb_scpdb
3beg,,,Ki,=,4000.0,nM,4.000000000000001e-06,4000.0,5.3979400086720375,3.6020599913279625,,src/data/scPDB 2/3beg_1/ligand.sdf,src/data/scPDB 2/3beg_1/site.mol2,bindingdb_scpdb
3c1m,,,Ki,=,4000.0,nM,4.000000000000001e-06,4000.0,5.3979400086720375,3.6020599913279625,,src/data/scPDB 2/3c1m_4/ligand.sdf,src/data/scPDB 2/3c1m_4/site.mol2,bindingdb_scpdb
3cok,,,Ki,=,4000.0,nM,4.000000000000001e-06,4000.0,5.3979400086720375,3.6020599913279625,,src/data/scPDB 2/3cok_2/ligand.sdf,src/data/scPDB 2/3cok_2/site.mol2,bindingdb_scpdb
3dfc,,,Ki,=,4000.0,nM,4.000000000000001e-06,4000.0,5.3979400086720375,3.6020599913279625,,src/data/scPDB 2/3dfc_1/ligand.sdf,src/data/scPDB 2/3dfc_1/site.mol2,bindingdb_scpdb
3fws,,,Ki,=,4000.0,nM,4.000000000000001e-06,4000.0,5.3979400086720375,3.6020599913279625,,src/data/scPDB 2/3fws_2/ligand.sdf,src/data/scPDB 2/3fws_2/site.mol2,bindingdb_scpdb
3g51,,,Ki,=,4000.0,nM,4.000000000000001e-06,4000.0,5.3979400086720375,3.6020599913279625,,src/data/scPDB 2/3g51_1/ligand.sdf,src/data/scPDB 2/3g51_1/site.mol2,bindingdb_scpdb
3gu4,,,Ki,=,4000.0,nM,4.000000000000001e-06,4000.0,5.3979400086720375,3.6020599913279625,,src/data/scPDB 2/3gu4_1/ligand.sdf,src/data/scPDB 2/3gu4_1/site.mol2,bindingdb_scpdb
3hko,,,Ki,=,4000.0,nM,4.000000000000001e-06,4000.0,5.3979400086720375,3.6020599913279625,,src/data/scPDB 2/3hko_1/ligand.sdf,src/data/scPDB 2/3hko_1/site.mol2,bindingdb_scpdb
3i4l,,,Ki,=,4000.0,nM,4.000000000000001e-06,4000.0,5.3979400086720375,3.6020599913279625,,src/data/scPDB 2/3i4l_1/ligand.sdf,src/data/scPDB 2/3i4l_1/site.mol2,bindingdb_scpdb
3i5x,,,Ki,=,4000.0,nM,4.000000000000001e-06,4000.0,5.3979400086720375,3.6020599913279625,,src/data/scPDB 2/3i5x_1/ligand.sdf,src/data/scPDB 2/3i5x_1/site.mol2,bindingdb_scpdb
3id8,,,Ki,=,4000.0,nM,4.000000000000001e-06,4000.0,5.3979400086720375,3.6020599913279625,,src/data/scPDB 2/3id8_1/ligand.sdf,src/data/scPDB 2/3id8_1/site.mol2,bindingdb_scpdb
3idc,,,Ki,=,4000.0,nM,4.000000000000001e-06,4000.0,5.3979400086720375,3.6020599913279625,,src/data/scPDB 2/3idc_1/ligand.sdf,src/data/scPDB 2/3idc_1/site.mol2,bindingdb_scpdb
3igo,,,Ki,=,4000.0,nM,4.000000000000001e-06,4000.0,5.3979400086720375,3.6020599913279625,,src/data/scPDB 2/3igo_1/ligand.sdf,src/data/scPDB 2/3igo_1/site.mol2,bindingdb_scpdb
3ih0,,,Ki,=,4000.0,nM,4.000000000000001e-06,4000.0,5.3979400086720375,3.6020599913279625,,src/data/scPDB 2/3ih0_1/ligand.sdf,src/data/scPDB 2/3ih0_1/site.mol2,bindingdb_scpdb
3juh,,,Ki,=,4000.0,nM,4.000000000000001e-06,4000.0,5.3979400086720375,3.6020599913279625,,src/data/scPDB 2/3juh_2/ligand.sdf,src/data/scPDB 2/3juh_2/site.mol2,bindingdb_scpdb
3kn5,,,Ki,=,4000.0,nM,4.000000000000001e-06,4000.0,5.3979400086720375,3.6020599913279625,,src/data/scPDB 2/3kn5_1/ligand.sdf,src/data/scPDB 2/3kn5_1/site.mol2,bindingdb_scpdb
3llt,,,Ki,=,4000.0,nM,4.000000000000001e-06,4000.0,5.3979400086720375,3.6020599913279625,,src/data/scPDB 2/3llt_1/ligand.sdf,src/data/scPDB 2/3llt_1/site.mol2,bindingdb_scpdb
3lmg,,,Ki,=,4000.0,nM,4.000000000000001e-06,4000.0,5.3979400086720375,3.6020599913279625,,src/data/scPDB 2/3lmg_2/ligand.sdf,src/data/scPDB 2/3lmg_2/site.mol2,bindingdb_scpdb
3mfr,,,Ki,=,4000.0,nM,4.000000000000001e-06,4000.0,5.3979400086720375,3.6020599913279625,,src/data/scPDB 2/3mfr_1/ligand.sdf,src/data/scPDB 2/3mfr_1/site.mol2,bindingdb_scpdb
3mia,,,Ki,=,4000.0,nM,4.000000000000001e-06,4000.0,5.3979400086720375,3.6020599913279625,,src/data/scPDB 2/3mia_1/ligand.sdf,src/data/scPDB 2/3mia_1/site.mol2,bindingdb_scpdb
3nbv,,,Ki,=,4000.0,nM,4.000000000000001e-06,4000.0,5.3979400086720375,3.6020599913279625,,src/data/scPDB 2/3nbv_1/ligand.sdf,src/data/scPDB 2/3nbv_1/site.mol2,bindingdb_scpdb
3oeh,,,Ki,=,4000.0,nM,4.000000000000001e-06,4000.0,5.3979400086720375,3.6020599913279625,,src/data/scPDB 2/3oeh_2/ligand.sdf,src/data/scPDB 2/3oeh_2/site.mol2,bindingdb_scpdb
3orn,,,Ki,=,4000.0,nM,4.000000000000001e-06,4000.0,5.3979400086720375,3.6020599913279625,,src/data/scPDB 2/3orn_1/ligand.sdf,src/data/scPDB 2/3orn_1/site.mol2,bindingdb_scpdb
3pls,,,Ki,=,4000.0,nM,4.000000000000001e-06,4000.0,5.3979400086720375,3.6020599913279625,,src/data/scPDB 2/3pls_1/ligand.sdf,src/data/scPDB 2/3pls_1/site.mol2,bindingdb_scpdb
3pyz,,,Ki,=,4000.0,nM,4.000000000000001e-06,4000.0,5.3979400086720375,3.6020599913279625,,src/data/scPDB 2/3pyz_1/ligand.sdf,src/data/scPDB 2/3pyz_1/site.mol2,bindingdb_scpdb
3q4z,,,Ki,=,4000.0,nM,4.000000000000001e-06,4000.0,5.3979400086720375,3.6020599913279625,,src/data/scPDB 2/3q4z_1/ligand.sdf,src/data/scPDB 2/3q4z_1/site.mol2,bindingdb_scpdb
3qcz,,,Ki,=,4000.0,nM,4.000000000000001e-06,4000.0,5.3979400086720375,3.6020599913279625,,src/data/scPDB 2/3qcz_1/ligand.sdf,src/data/scPDB 2/3qcz_1/site.mol2,bindingdb_scpdb
3qtt,,,Ki,=,4000.0,nM,4.000000000000001e-06,4000.0,5.3979400086720375,3.6020599913279625,,src/data/scPDB 2/3qtt_2/ligand.sdf,src/data/scPDB 2/3qtt_2/site.mol2,bindingdb_scpdb
3s8c,,,Ki,=,4000.0,nM,4.000000000000001e-06,4000.0,5.3979400086720375,3.6020599913279625,,src/data/scPDB 2/3s8c_2/ligand.sdf,src/data/scPDB 2/3s8c_2/site.mol2,bindingdb_scpdb
3sqw,,,Ki,=,4000.0,nM,4.000000000000001e-06,4000.0,5.3979400086720375,3.6020599913279625,,src/data/scPDB 2/3sqw_1/ligand.sdf,src/data/scPDB 2/3sqw_1/site.mol2,bindingdb_scpdb
3sqx,,,Ki,=,4000.0,nM,4.000000000000001e-06,4000.0,5.3979400086720375,3.6020599913279625,,src/data/scPDB 2/3sqx_1/ligand.sdf,src/data/scPDB 2/3sqx_1/site.mol2,bindingdb_scpdb
3t9a,,,Ki,=,4000.0,nM,4.000000000000001e-06,4000.0,5.3979400086720375,3.6020599913279625,,src/data/scPDB 2/3t9a_1/ligand.sdf,src/data/scPDB 2/3t9a_1/site.mol2,bindingdb_scpdb
3t9d,,,Ki,=,4000.0,nM,4.000000000000001e-06,4000.0,5.3979400086720375,3.6020599913279625,,src/data/scPDB 2/3t9d_1/ligand.sdf,src/data/scPDB 2/3t9d_1/site.mol2,bindingdb_scpdb
3tb9,,,Ki,=,4000.0,nM,4.000000000000001e-06,4000.0,5.3979400086720375,3.6020599913279625,,src/data/scPDB 2/3tb9_2/ligand.sdf,src/data/scPDB 2/3tb9_2/site.mol2,bindingdb_scpdb
3tei,,,Ki,=,4000.0,nM,4.000000000000001e-06,4000.0,5.3979400086720375,3.6020599913279625,,src/data/scPDB 2/3tei_1/ligand.sdf,src/data/scPDB 2/3tei_1/site.mol2,bindingdb_scpdb
3tm0,,,Ki,=,4000.0,nM,4.000000000000001e-06,4000.0,5.3979400086720375,3.6020599913279625,,src/data/scPDB 2/3tm0_1/ligand.sdf,src/data/scPDB 2/3tm0_1/site.mol2,bindingdb_scpdb
3vgl,,,Ki,=,4000.0,nM,4.000000000000001e-06,4000.0,5.3979400086720375,3.6020599913279625,,src/data/scPDB 2/3vgl_1/ligand.sdf,src/data/scPDB 2/3vgl_1/site.mol2,bindingdb_scpdb
3vjo,,,Ki,=,4000.0,nM,4.000000000000001e-06,4000.0,5.3979400086720375,3.6020599913279625,,src/data/scPDB 2/3vjo_1/ligand.sdf,src/data/scPDB 2/3vjo_1/site.mol2,bindingdb_scpdb
3vqv,,,Ki,=,4000.0,nM,4.000000000000001e-06,4000.0,5.3979400086720375,3.6020599913279625,,src/data/scPDB 2/3vqv_1/ligand.sdf,src/data/scPDB 2/3vqv_1/site.mol2,bindingdb_scpdb
3w0n,,,Ki,=,4000.0,nM,4.000000000000001e-06,4000.0,5.3979400086720375,3.6020599913279625,,src/data/scPDB 2/3w0n_1/ligand.sdf,src/data/scPDB 2/3w0n_1/site.mol2,bindingdb_scpdb
3w0q,,,Ki,=,4000.0,nM,4.000000000000001e-06,4000.0,5.3979400086720375,3.6020599913279625,,src/data/scPDB 2/3w0q_1/ligand.sdf,src/data/scPDB 2/3w0q_1/site.mol2,bindingdb_scpdb
3w0r,,,Ki,=,4000.0,nM,4.000000000000001e-06,4000.0,5.3979400086720375,3.6020599913279625,,src/data/scPDB 2/3w0r_1/ligand.sdf,src/data/scPDB 2/3w0r_1/site.mol2,bindingdb_scpdb
3w0s,,,Ki,=,4000.0,nM,4.000000000000001e-06,4000.0,5.3979400086720375,3.6020599913279625,,src/data/scPDB 2/3w0s_1/ligand.sdf,src/data/scPDB 2/3w0s_1/site.mol2,bindingdb_scpdb
3wow,,,Ki,=,4000.0,nM,4.000000000000001e-06,4000.0,5.3979400086720375,3.6020599913279625,,src/data/scPDB 2/3wow_1/ligand.sdf,src/data/scPDB 2/3wow_1/site.mol2,bindingdb_scpdb
3x03,,,Ki,=,4000.0,nM,4.000000000000001e-06,4000.0,5.3979400086720375,3.6020599913279625,,src/data/scPDB 2/3x03_1/ligand.sdf,src/data/scPDB 2/3x03_1/site.mol2,bindingdb_scpdb
3zlm,,,Ki,=,4000.0,nM,4.000000000000001e-06,4000.0,5.3979400086720375,3.6020599913279625,,src/data/scPDB 2/3zlm_1/ligand.sdf,src/data/scPDB 2/3zlm_1/site.mol2,bindingdb_scpdb
4a4z,,,Ki,=,4000.0,nM,4.000000000000001e-06,4000.0,5.3979400086720375,3.6020599913279625,,src/data/scPDB 2/4a4z_1/ligand.sdf,src/data/scPDB 2/4a4z_1/site.mol2,bindingdb_scpdb
4a61,,,Ki,=,4000.0,nM,4.000000000000001e-06,4000.0,5.3979400086720375,3.6020599913279625,,src/data/scPDB 2/4a61_1/ligand.sdf,src/data/scPDB 2/4a61_1/site.mol2,bindingdb_scpdb
4axf,,,Ki,=,4000.0,nM,4.000000000000001e-06,4000.0,5.3979400086720375,3.6020599913279625,,src/data/scPDB 2/4axf_1/ligand.sdf,src/data/scPDB 2/4axf_1/site.mol2,bindingdb_scpdb
4bfm,,,Ki,=,4000.0,nM,4.000000000000001e-06,4000.0,5.3979400086720375,3.6020599913279625,,src/data/scPDB 2/4bfm_1/ligand.sdf,src/data/scPDB 2/4bfm_1/site.mol2,bindingdb_scpdb
4bl1,,,Ki,=,4000.0,nM,4.000000000000001e-06,4000.0,5.3979400086720375,3.6020599913279625,,src/data/scPDB 2/4bl1_1/ligand.sdf,src/data/scPDB 2/4bl1_1/site.mol2,bindingdb_scpdb
4brd,,,Ki,=,4000.0,nM,4.000000000000001e-06,4000.0,5.3979400086720375,3.6020599913279625,,src/data/scPDB 2/4brd_1/ligand.sdf,src/data/scPDB 2/4brd_1/site.mol2,bindingdb_scpdb
4c2w,,,Ki,=,4000.0,nM,4.000000000000001e-06,4000.0,5.3979400086720375,3.6020599913279625,,src/data/scPDB 2/4c2w_2/ligand.sdf,src/data/scPDB 2/4c2w_2/site.mol2,bindingdb_scpdb
4c30,,,Ki,=,4000.0,nM,4.000000000000001e-06,4000.0,5.3979400086720375,3.6020599913279625,,src/data/scPDB 2/4c30_1/ligand.sdf,src/data/scPDB 2/4c30_1/site.mol2,bindingdb_scpdb
4cei,,,Ki,=,4000.0,nM,4.000000000000001e-06,4000.0,5.3979400086720375,3.6020599913279625,,src/data/scPDB 2/4cei_2/ligand.sdf,src/data/scPDB 2/4cei_2/site.mol2,bindingdb_scpdb
4dg3,,,Ki,=,4000.0,nM,4.000000000000001e-06,4000.0,5.3979400086720375,3.6020599913279625,,src/data/scPDB 2/4dg3_1/ligand.sdf,src/data/scPDB 2/4dg3_1/site.mol2,bindingdb_scpdb
4dh7,,,Ki,=,4000.0,nM,4.000000000000001e-06,4000.0,5.3979400086720375,3.6020599913279625,,src/data/scPDB 2/4dh7_1/ligand.sdf,src/data/scPDB 2/4dh7_1/site.mol2,bindingdb_scpdb
4ehu,,,Ki,=,4000.0,nM,4.000000000000001e-06,4000.0,5.3979400086720375,3.6020599913279625,,src/data/scPDB 2/4ehu_2/ligand.sdf,src/data/scPDB 2/4ehu_2/site.mol2,bindingdb_scpdb
4ekk,,,Ki,=,4000.0,nM,4.000000000000001e-06,4000.0,5.3979400086720375,3.6020599913279625,,src/data/scPDB 2/4ekk_1/ligand.sdf,src/data/scPDB 2/4ekk_1/site.mol2,bindingdb_scpdb
4h3p,,,Ki,=,4000.0,nM,4.000000000000001e-06,4000.0,5.3979400086720375,3.6020599913279625,,src/data/scPDB 2/4h3p_1/ligand.sdf,src/data/scPDB 2/4h3p_1/site.mol2,bindingdb_scpdb
4h3q,,,Ki,=,4000.0,nM,4.000000000000001e-06,4000.0,5.3979400086720375,3.6020599913279625,,src/data/scPDB 2/4h3q_1/ligand.sdf,src/data/scPDB 2/4h3q_1/site.mol2,bindingdb_scpdb
4hpt,,,Ki,=,4000.0,nM,4.000000000000001e-06,4000.0,5.3979400086720375,3.6020599913279625,,src/data/scPDB 2/4hpt_1/ligand.sdf,src/data/scPDB 2/4hpt_1/site.mol2,bindingdb_scpdb
4ivg,,,Ki,=,4000.0,nM,4.000000000000001e-06,4000.0,5.3979400086720375,3.6020599913279625,,src/data/scPDB 2/4ivg_1/ligand.sdf,src/data/scPDB 2/4ivg_1/site.mol2,bindingdb_scpdb
4ix5,,,Ki,=,4000.0,nM,4.000000000000001e-06,4000.0,5.3979400086720375,3.6020599913279625,,src/data/scPDB 2/4ix5_1/ligand.sdf,src/data/scPDB 2/4ix5_1/site.mol2,bindingdb_scpdb
4jhd,,,Ki,=,4000.0,nM,4.000000000000001e-06,4000.0,5.3979400086720375,3.6020599913279625,,src/data/scPDB 2/4jhd_4/ligand.sdf,src/data/scPDB 2/4jhd_4/site.mol2,bindingdb_scpdb
4lmn,,,Ki,=,4000.0,nM,4.000000000000001e-06,4000.0,5.3979400086720375,3.6020599913279625,,src/data/scPDB 2/4lmn_1/ligand.sdf,src/data/scPDB 2/4lmn_1/site.mol2,bindingdb_scpdb
4lrj,,,Ki,=,4000.0,nM,4.000000000000001e-06,4000.0,5.3979400086720375,3.6020599913279625,,src/data/scPDB 2/4lrj_2/ligand.sdf,src/data/scPDB 2/4lrj_2/site.mol2,bindingdb_scpdb
4m69,,,Ki,=,4000.0,nM,4.000000000000001e-06,4000.0,5.3979400086720375,3.6020599913279625,,src/data/scPDB 2/4m69_1/ligand.sdf,src/data/scPDB 2/4m69_1/site.mol2,bindingdb_scpdb
4ma5,,,Ki,=,4000.0,nM,4.000000000000001e-06,4000.0,5.3979400086720375,3.6020599913279625,,src/data/scPDB 2/4ma5_1/ligand.sdf,src/data/scPDB 2/4ma5_1/site.mol2,bindingdb_scpdb
4nif,,,Ki,=,4000.0,nM,4.000000000000001e-06,4000.0,5.3979400086720375,3.6020599913279625,,src/data/scPDB 2/4nif_2/ligand.sdf,src/data/scPDB 2/4nif_2/site.mol2,bindingdb_scpdb
4o1p,,,Ki,=,4000.0,nM,4.000000000000001e-06,4000.0,5.3979400086720375,3.6020599913279625,,src/data/scPDB 2/4o1p_1/ligand.sdf,src/data/scPDB 2/4o1p_1/site.mol2,bindingdb_scpdb
4oh4,,,Ki,=,4000.0,nM,4.000000000000001e-06,4000.0,5.3979400086720375,3.6020599913279625,,src/data/scPDB 2/4oh4_2/ligand.sdf,src/data/scPDB 2/4oh4_2/site.mol2,bindingdb_scpdb
4pl0,,,Ki,=,4000.0,nM,4.000000000000001e-06,4000.0,5.3979400086720375,3.6020599913279625,,src/data/scPDB 2/4pl0_1/ligand.sdf,src/data/scPDB 2/4pl0_1/site.mol2,bindingdb_scpdb
4q5h,,,Ki,=,4000.0,nM,4.000000000000001e-06,4000.0,5.3979400086720375,3.6020599913279625,,src/data/scPDB 2/4q5h_1/ligand.sdf,src/data/scPDB 2/4q5h_1/site.mol2,bindingdb_scpdb
4q5j,,,Ki,=,4000.0,nM,4.000000000000001e-06,4000.0,5.3979400086720375,3.6020599913279625,,src/data/scPDB 2/4q5j_1/ligand.sdf,src/data/scPDB 2/4q5j_1/site.mol2,bindingdb_scpdb
4qny,,,Ki,=,4000.0,nM,4.000000000000001e-06,4000.0,5.3979400086720375,3.6020599913279625,,src/data/scPDB 2/4qny_1/ligand.sdf,src/data/scPDB 2/4qny_1/site.mol2,bindingdb_scpdb
4r3a,,,Ki,=,4000.0,nM,4.000000000000001e-06,4000.0,5.3979400086720375,3.6020599913279625,,src/data/scPDB 2/4r3a_4/ligand.sdf,src/data/scPDB 2/4r3a_4/site.mol2,bindingdb_scpdb
4riy,,,Ki,=,4000.0,nM,4.000000000000001e-06,4000.0,5.3979400086720375,3.6020599913279625,,src/data/scPDB 2/4riy_4/ligand.sdf,src/data/scPDB 2/4riy_4/site.mol2,bindingdb_scpdb
4s32,,,Ki,=,4000.0,nM,4.000000000000001e-06,4000.0,5.3979400086720375,3.6020599913279625,,src/data/scPDB 2/4s32_1/ligand.sdf,src/data/scPDB 2/4s32_1/site.mol2,bindingdb_scpdb
4s34,,,Ki,=,4000.0,nM,4.000000000000001e-06,4000.0,5.3979400086720375,3.6020599913279625,,src/data/scPDB 2/4s34_1/ligand.sdf,src/data/scPDB 2/4s34_1/site.mol2,bindingdb_scpdb
4wud,,,Ki,=,4000.0,nM,4.000000000000001e-06,4000.0,5.3979400086720375,3.6020599913279625,,src/data/scPDB 2/4wud_1/ligand.sdf,src/data/scPDB 2/4wud_1/site.mol2,bindingdb_scpdb
4xfj,,,Ki,=,4000.0,nM,4.000000000000001e-06,4000.0,5.3979400086720375,3.6020599913279625,,src/data/scPDB 2/4xfj_1/ligand.sdf,src/data/scPDB 2/4xfj_1/site.mol2,bindingdb_scpdb
4xh1,,,Ki,=,4000.0,nM,4.000000000000001e-06,4000.0,5.3979400086720375,3.6020599913279625,,src/data/scPDB 2/4xh1_1/ligand.sdf,src/data/scPDB 2/4xh1_1/site.mol2,bindingdb_scpdb
4xw4,,,Ki,=,4000.0,nM,4.000000000000001e-06,4000.0,5.3979400086720375,3.6020599913279625,,src/data/scPDB 2/4xw4_1/ligand.sdf,src/data/scPDB 2/4xw4_1/site.mol2,bindingdb_scpdb
4ydq,,,Ki,=,4000.0,nM,4.000000000000001e-06,4000.0,5.3979400086720375,3.6020599913279625,,src/data/scPDB 2/4ydq_2/ligand.sdf,src/data/scPDB 2/4ydq_2/site.mol2,bindingdb_scpdb
4zir,,,Ki,=,4000.0,nM,4.000000000000001e-06,4000.0,5.3979400086720375,3.6020599913279625,,src/data/scPDB 2/4zir_1/ligand.sdf,src/data/scPDB 2/4zir_1/site.mol2,bindingdb_scpdb
5awm,,,Ki,=,4000.0,nM,4.000000000000001e-06,4000.0,5.3979400086720375,3.6020599913279625,,src/data/scPDB 2/5awm_1/ligand.sdf,src/data/scPDB 2/5awm_1/site.mol2,bindingdb_scpdb
5bn4,,,Ki,=,4000.0,nM,4.000000000000001e-06,4000.0,5.3979400086720375,3.6020599913279625,,src/data/scPDB 2/5bn4_1/ligand.sdf,src/data/scPDB 2/5bn4_1/site.mol2,bindingdb_scpdb
5c1o,,,Ki,=,4000.0,nM,4.000000000000001e-06,4000.0,5.3979400086720375,3.6020599913279625,,src/data/scPDB 2/5c1o_1/ligand.sdf,src/data/scPDB 2/5c1o_1/site.mol2,bindingdb_scpdb
5ckw,,,Ki,=,4000.0,nM,4.000000000000001e-06,4000.0,5.3979400086720375,3.6020599913279625,,src/data/scPDB 2/5ckw_1/ligand.sdf,src/data/scPDB 2/5ckw_1/site.mol2,bindingdb_scpdb
5e92,,,Ki,=,4000.0,nM,4.000000000000001e-06,4000.0,5.3979400086720375,3.6020599913279625,,src/data/scPDB 2/5e92_1/ligand.sdf,src/data/scPDB 2/5e92_1/site.mol2,bindingdb_scpdb
5e9e,,,Ki,=,4000.0,nM,4.000000000000001e-06,4000.0,5.3979400086720375,3.6020599913279625,,src/data/scPDB 2/5e9e_2/ligand.sdf,src/data/scPDB 2/5e9e_2/site.mol2,bindingdb_scpdb
5hvj,,,Ki,=,4000.0,nM,4.000000000000001e-06,4000.0,5.3979400086720375,3.6020599913279625,,src/data/scPDB 2/5hvj_1/ligand.sdf,src/data/scPDB 2/5hvj_1/site.mol2,bindingdb_scpdb
5kwv,,,Ki,=,4000.0,nM,4.000000000000001e-06,4000.0,5.3979400086720375,3.6020599913279625,,src/data/scPDB 2/5kwv_2/ligand.sdf,src/data/scPDB 2/5kwv_2/site.mol2,bindingdb_scpdb
1b2r,,,Ki,=,9900000.0,nM,0.0099,9900000.0,2.0043648054024503,6.99563519459755,,src/data/scPDB 2/1b2r_1/ligand.sdf,src/data/scPDB 2/1b2r_1/site.mol2,bindingdb_scpdb
1b4p,,,Ki,=,9900000.0,nM,0.0099,9900000.0,2.0043648054024503,6.99563519459755,,src/data/scPDB 2/1b4p_1/ligand.sdf,src/data/scPDB 2/1b4p_1/site.mol2,bindingdb_scpdb
1b6p,,,Ki,=,9900000.0,nM,0.0099,9900000.0,2.0043648054024503,6.99563519459755,,src/data/scPDB 2/1b6p_1/ligand.sdf,src/data/scPDB 2/1b6p_1/site.mol2,bindingdb_scpdb
1bjk,,,Ki,=,9900000.0,nM,0.0099,9900000.0,2.0043648054024503,6.99563519459755,,src/data/scPDB 2/1bjk_1/ligand.sdf,src/data/scPDB 2/1bjk_1/site.mol2,bindingdb_scpdb
1bk0,,,Ki,=,9900000.0,nM,0.0099,9900000.0,2.0043648054024503,6.99563519459755,,src/data/scPDB 2/1bk0_1/ligand.sdf,src/data/scPDB 2/1bk0_1/site.mol2,bindingdb_scpdb
1bu5,,,Ki,=,9900000.0,nM,0.0099,9900000.0,2.0043648054024503,6.99563519459755,,src/data/scPDB 2/1bu5_1/ligand.sdf,src/data/scPDB 2/1bu5_1/site.mol2,bindingdb_scpdb
1c0a,,,Ki,=,9900000.0,nM,0.0099,9900000.0,2.0043648054024503,6.99563519459755,,src/data/scPDB 2/1c0a_1/ligand.sdf,src/data/scPDB 2/1c0a_1/site.mol2,bindingdb_scpdb
1d4c,,,Ki,=,9900000.0,nM,0.0099,9900000.0,2.0043648054024503,6.99563519459755,,src/data/scPDB 2/1d4c_3/ligand.sdf,src/data/scPDB 2/1d4c_3/site.mol2,bindingdb_scpdb
1dbv,,,Ki,=,9900000.0,nM,0.0099,9900000.0,2.0043648054024503,6.99563519459755,,src/data/scPDB 2/1dbv_3/ligand.sdf,src/data/scPDB 2/1dbv_3/site.mol2,bindingdb_scpdb
1dli,,,Ki,=,9900000.0,nM,0.0099,9900000.0,2.0043648054024503,6.99563519459755,,src/data/scPDB 2/1dli_1/ligand.sdf,src/data/scPDB 2/1dli_1/site.mol2,bindingdb_scpdb
1drf,,,Ki,=,9900000.0,nM,0.0099,9900000.0,2.0043648054024503,6.99563519459755,,src/data/scPDB 2/1drf_1/ligand.sdf,src/data/scPDB 2/1drf_1/site.mol2,bindingdb_scpdb
1dss,,,Ki,=,9900000.0,nM,0.0099,9900000.0,2.0043648054024503,6.99563519459755,,src/data/scPDB 2/1dss_2/ligand.sdf,src/data/scPDB 2/1dss_2/site.mol2,bindingdb_scpdb
1dwx,,,Ki,=,9900000.0,nM,0.0099,9900000.0,2.0043648054024503,6.99563519459755,,src/data/scPDB 2/1dwx_2/ligand.sdf,src/data/scPDB 2/1dwx_2/site.mol2,bindingdb_scpdb
1dxr,,,Ki,=,9900000.0,nM,0.0099,9900000.0,2.0043648054024503,6.99563519459755,,src/data/scPDB 2/1dxr_1/ligand.sdf,src/data/scPDB 2/1dxr_1/site.mol2,bindingdb_scpdb
1dxy,,,Ki,=,9900000.0,nM,0.0099,9900000.0,2.0043648054024503,6.99563519459755,,src/data/scPDB 2/1dxy_1/ligand.sdf,src/data/scPDB 2/1dxy_1/site.mol2,bindingdb_scpdb
1e62,,,Ki,=,9900000.0,nM,0.0099,9900000.0,2.0043648054024503,6.99563519459755,,src/data/scPDB 2/1e62_1/ligand.sdf,src/data/scPDB 2/1e62_1/site.mol2,bindingdb_scpdb
1e6z,,,Ki,=,9900000.0,nM,0.0099,9900000.0,2.0043648054024503,6.99563519459755,,src/data/scPDB 2/1e6z_1/ligand.sdf,src/data/scPDB 2/1e6z_1/site.mol2,bindingdb_scpdb
1e79,,,Ki,=,9900000.0,nM,0.0099,9900000.0,2.0043648054024503,6.99563519459755,,src/data/scPDB 2/1e79_4/ligand.sdf,src/data/scPDB 2/1e79_4/site.mol2,bindingdb_scpdb
1eje,,,Ki,=,9900000.0,nM,0.0099,9900000.0,2.0043648054024503,6.99563519459755,,src/data/scPDB 2/1eje_1/ligand.sdf,src/data/scPDB 2/1eje_1/site.mol2,bindingdb_scpdb
1ex7,,,Ki,=,9900000.0,nM,0.0099,9900000.0,2.0043648054024503,6.99563519459755,,src/data/scPDB 2/1ex7_1/ligand.sdf,src/data/scPDB 2/1ex7_1/site.mol2,bindingdb_scpdb
1f8f,,,Ki,=,9900000.0,nM,0.0099,9900000.0,2.0043648054024503,6.99563519459755,,src/data/scPDB 2/1f8f_1/ligand.sdf,src/data/scPDB 2/1f8f_1/site.mol2,bindingdb_scpdb
1fwm,,,Ki,=,9900000.0,nM,0.0099,9900000.0,2.0043648054024503,6.99563519459755,,src/data/scPDB 2/1fwm_2/ligand.sdf,src/data/scPDB 2/1fwm_2/site.mol2,bindingdb_scpdb
1fwy,,,Ki,=,9900000.0,nM,0.0099,9900000.0,2.0043648054024503,6.99563519459755,,src/data/scPDB 2/1fwy_1/ligand.sdf,src/data/scPDB 2/1fwy_1/site.mol2,bindingdb_scpdb
1xo2,,,Ki,=,13200.0,nM,1.32e-05,13200.0,4.87942606879415,4.12057393120585,,src/data/scPDB 2/1xo2_1/ligand.sdf,src/data/scPDB 2/1xo2_1/site.mol2,bindingdb_scpdb
3p0h,,,Ki,=,13200.0,nM,1.32e-05,13200.0,4.87942606879415,4.12057393120585,,src/data/scPDB 2/3p0h_2/ligand.sdf,src/data/scPDB 2/3p0h_2/site.mol2,bindingdb_scpdb
2jbt,,,Ki,=,10300.0,nM,1.0300000000000001e-05,10300.0,4.987162775294828,4.012837224705172,,src/data/scPDB 2/2jbt_1/ligand.sdf,src/data/scPDB 2/2jbt_1/site.mol2,bindingdb_scpdb
2qw8,,,Ki,=,7000000.0,nM,0.007,7000000.0,2.154901959985743,6.845098040014257,,src/data/scPDB 2/2qw8_2/ligand.sdf,src/data/scPDB 2/2qw8_2/site.mol2,bindingdb_scpdb
2xbj,,,Ki,=,7000000.0,nM,0.007,7000000.0,2.154901959985743,6.845098040014257,,src/data/scPDB 2/2xbj_1/ligand.sdf,src/data/scPDB 2/2xbj_1/site.mol2,bindingdb_scpdb
3fln,,,Kd,=,0.2,nM,2.0000000000000003e-10,0.2,9.698970004336019,-0.6989700043360187,,src/data/scPDB 2/3fln_1/ligand.sdf,src/data/scPDB 2/3fln_1/site.mol2,bindingdb_scpdb
3n5z,,,Ki,=,12600.0,nM,1.2600000000000001e-05,12600.0,4.8996294548824375,4.1003705451175625,,src/data/scPDB 2/3n5z_4/ligand.sdf,src/data/scPDB 2/3n5z_4/site.mol2,bindingdb_scpdb
3n5x,,,Ki,=,1910.0,nM,1.91e-06,1910.0,5.718966632752272,3.2810333672477277,,src/data/scPDB 2/3n5x_1/ligand.sdf,src/data/scPDB 2/3n5x_1/site.mol2,bindingdb_scpdb
3n5v,,,Ki,=,2730.0,nM,2.73e-06,2730.0,5.5638373529592435,3.436162647040756,,src/data/scPDB 2/3n5v_1/ligand.sdf,src/data/scPDB 2/3n5v_1/site.mol2,bindingdb_scpdb
3p8h,,,Kd,=,5000.0,nM,5e-06,5000.0,5.301029995663981,3.6989700043360187,,src/data/scPDB 2/3p8h_1/ligand.sdf,src/data/scPDB 2/3p8h_1/site.mol2,bindingdb_scpdb
3fls,,,Kd,=,110.0,nM,1.1e-07,110.0,6.958607314841775,2.041392685158225,,src/data/scPDB 2/3fls_1/ligand.sdf,src/data/scPDB 2/3fls_1/site.mol2,bindingdb_scpdb
1onp,,,Ki,=,140.0,nM,1.4e-07,140.0,6.853871964321762,2.146128035678238,,src/data/scPDB 2/1onp_2/ligand.sdf,src/data/scPDB 2/1onp_2/site.mol2,bindingdb_scpdb
2egh,,,Ki,=,140.0,nM,1.4e-07,140.0,6.853871964321762,2.146128035678238,,src/data/scPDB 2/2egh_1/ligand.sdf,src/data/scPDB 2/2egh_1/site.mol2,bindingdb_scpdb
2jcv,,,Ki,=,140.0,nM,1.4e-07,140.0,6.853871964321762,2.146128035678238,,src/data/scPDB 2/2jcv_1/ligand.sdf,src/data/scPDB 2/2jcv_1/site.mol2,bindingdb_scpdb
3upy,,,Ki,=,140.0,nM,1.4e-07,140.0,6.853871964321762,2.146128035678238,,src/data/scPDB 2/3upy_1/ligand.sdf,src/data/scPDB 2/3upy_1/site.mol2,bindingdb_scpdb
3anl,,,Ki,=,1600.0,nM,1.6000000000000001e-06,1600.0,5.795880017344075,3.2041199826559246,,src/data/scPDB 2/3anl_1/ligand.sdf,src/data/scPDB 2/3anl_1/site.mol2,bindingdb_scpdb
3c06,,,Ki,=,23000.0,nM,2.3e-05,23000.0,4.638272163982407,4.361727836017593,,src/data/scPDB 2/3c06_1/ligand.sdf,src/data/scPDB 2/3c06_1/site.mol2,bindingdb_scpdb
3c0a,,,Ki,=,23000.0,nM,2.3e-05,23000.0,4.638272163982407,4.361727836017593,,src/data/scPDB 2/3c0a_1/ligand.sdf,src/data/scPDB 2/3c0a_1/site.mol2,bindingdb_scpdb
3frf,,,Ki,=,0.081,nM,8.1e-11,0.081,10.09151498112135,-1.0915149811213503,,src/data/scPDB 2/3frf_1/ligand.sdf,src/data/scPDB 2/3frf_1/site.mol2,bindingdb_scpdb
3fyw,,,Ki,=,0.081,nM,8.1e-11,0.081,10.09151498112135,-1.0915149811213503,,src/data/scPDB 2/3fyw_1/ligand.sdf,src/data/scPDB 2/3fyw_1/site.mol2,bindingdb_scpdb
1w7h,,,Kd,=,691800.0,nM,0.0006918,691800.0,3.1600194423216577,5.839980557678342,,src/data/scPDB 2/1w7h_1/ligand.sdf,src/data/scPDB 2/1w7h_1/site.mol2,bindingdb_scpdb
3svp,,,Ki,=,77.0,nM,7.7e-08,77.0,7.113509274827518,1.8864907251724818,,src/data/scPDB 2/3svp_3/ligand.sdf,src/data/scPDB 2/3svp_3/site.mol2,bindingdb_scpdb
3svq,,,Ki,=,180.0,nM,1.8000000000000002e-07,180.0,6.7447274948966935,2.255272505103306,,src/data/scPDB 2/3svq_4/ligand.sdf,src/data/scPDB 2/3svq_4/site.mol2,bindingdb_scpdb
4egi,,,Kd,=,42.0,nM,4.2000000000000006e-08,42.0,7.376750709602099,1.6232492903979006,,src/data/scPDB 2/4egi_1/ligand.sdf,src/data/scPDB 2/4egi_1/site.mol2,bindingdb_scpdb
1w2d,,,Kd,=,100.0,nM,1.0000000000000001e-07,100.0,7.0,2.0,,src/data/scPDB 2/1w2d_1/ligand.sdf,src/data/scPDB 2/1w2d_1/site.mol2,bindingdb_scpdb
2ivd,,,Ki,=,70.0,nM,7e-08,70.0,7.154901959985743,1.845098040014257,,src/data/scPDB 2/2ivd_1/ligand.sdf,src/data/scPDB 2/2ivd_1/site.mol2,bindingdb_scpdb
3i6d,,,Ki,=,70.0,nM,7e-08,70.0,7.154901959985743,1.845098040014257,,src/data/scPDB 2/3i6d_2/ligand.sdf,src/data/scPDB 2/3i6d_2/site.mol2,bindingdb_scpdb
3nks,,,Ki,=,70.0,nM,7e-08,70.0,7.154901959985743,1.845098040014257,,src/data/scPDB 2/3nks_1/ligand.sdf,src/data/scPDB 2/3nks_1/site.mol2,bindingdb_scpdb
4ivo,,,Ki,=,70.0,nM,7e-08,70.0,7.154901959985743,1.845098040014257,,src/data/scPDB 2/4ivo_1/ligand.sdf,src/data/scPDB 2/4ivo_1/site.mol2,bindingdb_scpdb
3tti,,,Ki,=,44.0,nM,4.4000000000000004e-08,44.0,7.356547323513812,1.6434526764861874,,src/data/scPDB 2/3tti_1/ligand.sdf,src/data/scPDB 2/3tti_1/site.mol2,bindingdb_scpdb
1did,,,Ki,=,910000.0,nM,0.0009100000000000001,910000.0,3.040958607678906,5.959041392321094,,src/data/scPDB 2/1did_2/ligand.sdf,src/data/scPDB 2/1did_2/site.mol2,bindingdb_scpdb
4bcr,,,Kd,=,19.0,nM,1.9e-08,19.0,7.721246399047171,1.2787536009528289,,src/data/scPDB 2/4bcr_1/ligand.sdf,src/data/scPDB 2/4bcr_1/site.mol2,bindingdb_scpdb
2e40,,,Ki,=,30000.0,nM,3e-05,30000.0,4.522878745280337,4.477121254719663,,src/data/scPDB 2/2e40_1/ligand.sdf,src/data/scPDB 2/2e40_1/site.mol2,bindingdb_scpdb
2vwg,,,Ki,=,30000.0,nM,3e-05,30000.0,4.522878745280337,4.477121254719663,,src/data/scPDB 2/2vwg_1/ligand.sdf,src/data/scPDB 2/2vwg_1/site.mol2,bindingdb_scpdb
3azz,,,Ki,=,30000.0,nM,3e-05,30000.0,4.522878745280337,4.477121254719663,,src/data/scPDB 2/3azz_1/ligand.sdf,src/data/scPDB 2/3azz_1/site.mol2,bindingdb_scpdb
4ynu,,,Ki,=,30000.0,nM,3e-05,30000.0,4.522878745280337,4.477121254719663,,src/data/scPDB 2/4ynu_1/ligand.sdf,src/data/scPDB 2/4ynu_1/site.mol2,bindingdb_scpdb
4zlg,,,Ki,=,30000.0,nM,3e-05,30000.0,4.522878745280337,4.477121254719663,,src/data/scPDB 2/4zlg_1/ligand.sdf,src/data/scPDB 2/4zlg_1/site.mol2,bindingdb_scpdb
1je1,,,Ki,=,1472000.0,nM,0.001472,1472000.0,2.8320921899985203,6.16790781000148,,src/data/scPDB 2/1je1_3/ligand.sdf,src/data/scPDB 2/1je1_3/site.mol2,bindingdb_scpdb
1rfg,,,Ki,=,1472000.0,nM,0.001472,1472000.0,2.8320921899985203,6.16790781000148,,src/data/scPDB 2/1rfg_1/ligand.sdf,src/data/scPDB 2/1rfg_1/site.mol2,bindingdb_scpdb
3cfo,,,Ki,=,1472000.0,nM,0.001472,1472000.0,2.8320921899985203,6.16790781000148,,src/data/scPDB 2/3cfo_1/ligand.sdf,src/data/scPDB 2/3cfo_1/site.mol2,bindingdb_scpdb
3dmh,,,Ki,=,1472000.0,nM,0.001472,1472000.0,2.8320921899985203,6.16790781000148,,src/data/scPDB 2/3dmh_1/ligand.sdf,src/data/scPDB 2/3dmh_1/site.mol2,bindingdb_scpdb
3iex,,,Ki,=,1472000.0,nM,0.001472,1472000.0,2.8320921899985203,6.16790781000148,,src/data/scPDB 2/3iex_1/ligand.sdf,src/data/scPDB 2/3iex_1/site.mol2,bindingdb_scpdb
4dt9,,,Ki,=,1472000.0,nM,0.001472,1472000.0,2.8320921899985203,6.16790781000148,,src/data/scPDB 2/4dt9_1/ligand.sdf,src/data/scPDB 2/4dt9_1/site.mol2,bindingdb_scpdb
4dtb,,,Ki,=,1472000.0,nM,0.001472,1472000.0,2.8320921899985203,6.16790781000148,,src/data/scPDB 2/4dtb_1/ligand.sdf,src/data/scPDB 2/4dtb_1/site.mol2,bindingdb_scpdb
4xba,,,Ki,=,1472000.0,nM,0.001472,1472000.0,2.8320921899985203,6.16790781000148,,src/data/scPDB 2/4xba_2/ligand.sdf,src/data/scPDB 2/4xba_2/site.mol2,bindingdb_scpdb
1rct,,,Ki,=,925000.0,nM,0.000925,925000.0,3.0338582672609675,5.9661417327390325,,src/data/scPDB 2/1rct_1/ligand.sdf,src/data/scPDB 2/1rct_1/site.mol2,bindingdb_scpdb
2bsx,,,Ki,=,925000.0,nM,0.000925,925000.0,3.0338582672609675,5.9661417327390325,,src/data/scPDB 2/2bsx_1/ligand.sdf,src/data/scPDB 2/2bsx_1/site.mol2,bindingdb_scpdb
3uax,,,Ki,=,925000.0,nM,0.000925,925000.0,3.0338582672609675,5.9661417327390325,,src/data/scPDB 2/3uax_1/ligand.sdf,src/data/scPDB 2/3uax_1/site.mol2,bindingdb_scpdb
3m2y,,,Ki,=,148.0,nM,1.48e-07,148.0,6.8297382846050425,2.1702617153949575,,src/data/scPDB 2/3m2y_2/ligand.sdf,src/data/scPDB 2/3m2y_2/site.mol2,bindingdb_scpdb
3fhx,,,Ki,=,30000.0,nM,3e-05,30000.0,4.522878745280337,4.477121254719663,,src/data/scPDB 2/3fhx_3/ligand.sdf,src/data/scPDB 2/3fhx_3/site.mol2,bindingdb_scpdb
1b5q,,,Ki,=,1700.0,nM,1.7e-06,1700.0,5.769551078621726,3.230448921378274,,src/data/scPDB 2/1b5q_2/ligand.sdf,src/data/scPDB 2/1b5q_2/site.mol2,bindingdb_scpdb
4bc6,,,Kd,=,4.7,nM,4.700000000000001e-09,4.7,8.327902142064282,0.6720978579357175,,src/data/scPDB 2/4bc6_1/ligand.sdf,src/data/scPDB 2/4bc6_1/site.mol2,bindingdb_scpdb
1qap,,,Kd,=,43.0,nM,4.3e-08,43.0,7.366531544420414,1.6334684555795864,,src/data/scPDB 2/1qap_1/ligand.sdf,src/data/scPDB 2/1qap_1/site.mol2,bindingdb_scpdb
4zk6,,,Kd,=,43.0,nM,4.3e-08,43.0,7.366531544420414,1.6334684555795864,,src/data/scPDB 2/4zk6_1/ligand.sdf,src/data/scPDB 2/4zk6_1/site.mol2,bindingdb_scpdb
5dwq,,,Ki,=,5900.0,nM,5.9e-06,5900.0,5.229147988357855,3.7708520116421442,,src/data/scPDB 2/5dwq_1/ligand.sdf,src/data/scPDB 2/5dwq_1/site.mol2,bindingdb_scpdb
5dxa,,,Ki,=,5900.0,nM,5.9e-06,5900.0,5.229147988357855,3.7708520116421442,,src/data/scPDB 2/5dxa_2/ligand.sdf,src/data/scPDB 2/5dxa_2/site.mol2,bindingdb_scpdb
1qw5,,,Ki,=,2000.0,nM,2.0000000000000003e-06,2000.0,5.698970004336019,3.3010299956639813,,src/data/scPDB 2/1qw5_1/ligand.sdf,src/data/scPDB 2/1qw5_1/site.mol2,bindingdb_scpdb
1f40,,,Ki,=,7.5,nM,7.500000000000001e-09,7.5,8.1249387366083,0.8750612633917001,,src/data/scPDB 2/1f40_1/ligand.sdf,src/data/scPDB 2/1f40_1/site.mol2,bindingdb_scpdb
2g97,,,Ki,=,3.0,nM,3.0000000000000004e-09,3.0,8.522878745280337,0.47712125471966244,,src/data/scPDB 2/2g97_1/ligand.sdf,src/data/scPDB 2/2g97_1/site.mol2,bindingdb_scpdb
4o1b,,,Ki,=,3.0,nM,3.0000000000000004e-09,3.0,8.522878745280337,0.47712125471966244,,src/data/scPDB 2/4o1b_2/ligand.sdf,src/data/scPDB 2/4o1b_2/site.mol2,bindingdb_scpdb
4o1d,,,Ki,=,3.0,nM,3.0000000000000004e-09,3.0,8.522878745280337,0.47712125471966244,,src/data/scPDB 2/4o1d_1/ligand.sdf,src/data/scPDB 2/4o1d_1/site.mol2,bindingdb_scpdb
1o27,,,Ki,=,460.0,nM,4.6000000000000004e-07,460.0,6.337242168318426,2.662757831681574,,src/data/scPDB 2/1o27_1/ligand.sdf,src/data/scPDB 2/1o27_1/site.mol2,bindingdb_scpdb
3vtk,,,Ki,=,7680.0,nM,7.680000000000001e-06,7680.0,5.114638779968487,3.885361220031512,,src/data/scPDB 2/3vtk_1/ligand.sdf,src/data/scPDB 2/3vtk_1/site.mol2,bindingdb_scpdb
1bqo,,,Ki,=,30.0,nM,3.0000000000000004e-08,30.0,7.522878745280337,1.4771212547196624,,src/data/scPDB 2/1bqo_1/ligand.sdf,src/data/scPDB 2/1bqo_1/site.mol2,bindingdb_scpdb
2g1a,,,Ki,=,3000000.0,nM,0.003,3000000.0,2.5228787452803374,6.477121254719663,,src/data/scPDB 2/2g1a_2/ligand.sdf,src/data/scPDB 2/2g1a_2/site.mol2,bindingdb_scpdb
3vg9,,,Kd,=,80000.0,nM,8e-05,80000.0,4.096910013008056,4.903089986991944,,src/data/scPDB 2/3vg9_1/ligand.sdf,src/data/scPDB 2/3vg9_1/site.mol2,bindingdb_scpdb
4gf9,,,Kd,=,80000.0,nM,8e-05,80000.0,4.096910013008056,4.903089986991944,,src/data/scPDB 2/4gf9_1/ligand.sdf,src/data/scPDB 2/4gf9_1/site.mol2,bindingdb_scpdb
1s9p,,,Ki,=,0.49,nM,4.900000000000001e-10,0.49,9.309803919971486,-0.3098039199714863,,src/data/scPDB 2/1s9p_3/ligand.sdf,src/data/scPDB 2/1s9p_3/site.mol2,bindingdb_scpdb
4zn7,,,Ki,=,0.49,nM,4.900000000000001e-10,0.49,9.309803919971486,-0.3098039199714863,,src/data/scPDB 2/4zn7_1/ligand.sdf,src/data/scPDB 2/4zn7_1/site.mol2,bindingdb_scpdb
1rml,,,Kd,=,474000.0,nM,0.00047400000000000003,474000.0,3.324221658325915,5.675778341674085,,src/data/scPDB 2/1rml_1/ligand.sdf,src/data/scPDB 2/1rml_1/site.mol2,bindingdb_scpdb
3qnl,,,Ki,=,10200.0,nM,1.02e-05,10200.0,4.991399828238082,4.008600171761918,,src/data/scPDB 2/3qnl_1/ligand.sdf,src/data/scPDB 2/3qnl_1/site.mol2,bindingdb_scpdb
4xnw,,,Ki,=,0.78,nM,7.800000000000001e-10,0.78,9.10790539730952,-0.10790539730951958,,src/data/scPDB 2/4xnw_1/ligand.sdf,src/data/scPDB 2/4xnw_1/site.mol2,bindingdb_scpdb
1zua,,,Ki,=,22000.0,nM,2.2000000000000003e-05,22000.0,4.657577319177793,4.342422680822207,,src/data/scPDB 2/1zua_1/ligand.sdf,src/data/scPDB 2/1zua_1/site.mol2,bindingdb_scpdb
2fzd,,,Ki,=,22000.0,nM,2.2000000000000003e-05,22000.0,4.657577319177793,4.342422680822207,,src/data/scPDB 2/2fzd_1/ligand.sdf,src/data/scPDB 2/2fzd_1/site.mol2,bindingdb_scpdb
4oty,,,Ki,=,320.0,nM,3.2e-07,320.0,6.494850021680094,2.505149978319906,,src/data/scPDB 2/4oty_2/ligand.sdf,src/data/scPDB 2/4oty_2/site.mol2,bindingdb_scpdb
4rrx,,,Ki,=,320.0,nM,3.2e-07,320.0,6.494850021680094,2.505149978319906,,src/data/scPDB 2/4rrx_2/ligand.sdf,src/data/scPDB 2/4rrx_2/site.mol2,bindingdb_scpdb
4rrz,,,Ki,=,320.0,nM,3.2e-07,320.0,6.494850021680094,2.505149978319906,,src/data/scPDB 2/4rrz_3/ligand.sdf,src/data/scPDB 2/4rrz_3/site.mol2,bindingdb_scpdb
1pj2,,,Ki,=,616595.0,nM,0.0006165950000000001,616595.0,3.210000001311122,5.789999998688878,,src/data/scPDB 2/1pj2_5/ligand.sdf,src/data/scPDB 2/1pj2_5/site.mol2,bindingdb_scpdb
1pj3,,,Ki,=,616595.0,nM,0.0006165950000000001,616595.0,3.210000001311122,5.789999998688878,,src/data/scPDB 2/1pj3_5/ligand.sdf,src/data/scPDB 2/1pj3_5/site.mol2,bindingdb_scpdb
1pj4,,,Ki,=,616595.0,nM,0.0006165950000000001,616595.0,3.210000001311122,5.789999998688878,,src/data/scPDB 2/1pj4_5/ligand.sdf,src/data/scPDB 2/1pj4_5/site.mol2,bindingdb_scpdb
2ptq,,,Ki,=,616595.0,nM,0.0006165950000000001,616595.0,3.210000001311122,5.789999998688878,,src/data/scPDB 2/2ptq_1/ligand.sdf,src/data/scPDB 2/2ptq_1/site.mol2,bindingdb_scpdb
5bwd,,,Ki,=,616595.0,nM,0.0006165950000000001,616595.0,3.210000001311122,5.789999998688878,,src/data/scPDB 2/5bwd_1/ligand.sdf,src/data/scPDB 2/5bwd_1/site.mol2,bindingdb_scpdb
5hw2,,,Ki,=,616595.0,nM,0.0006165950000000001,616595.0,3.210000001311122,5.789999998688878,,src/data/scPDB 2/5hw2_3/ligand.sdf,src/data/scPDB 2/5hw2_3/site.mol2,bindingdb_scpdb
4cvb,,,Ki,=,8180000.0,nM,0.00818,8180000.0,2.087246696328677,6.912753303671323,,src/data/scPDB 2/4cvb_1/ligand.sdf,src/data/scPDB 2/4cvb_1/site.mol2,bindingdb_scpdb
1n8w,,,Ki,=,16000.0,nM,1.6000000000000003e-05,16000.0,4.795880017344075,4.204119982655925,,src/data/scPDB 2/1n8w_1/ligand.sdf,src/data/scPDB 2/1n8w_1/site.mol2,bindingdb_scpdb
4l9y,,,Ki,=,16000.0,nM,1.6000000000000003e-05,16000.0,4.795880017344075,4.204119982655925,,src/data/scPDB 2/4l9y_1/ligand.sdf,src/data/scPDB 2/4l9y_1/site.mol2,bindingdb_scpdb
1a5b,,,Ki,=,7300000.0,nM,0.0073,7300000.0,2.136677139879544,6.863322860120456,,src/data/scPDB 2/1a5b_1/ligand.sdf,src/data/scPDB 2/1a5b_1/site.mol2,bindingdb_scpdb
1ahg,,,Ki,=,7300000.0,nM,0.0073,7300000.0,2.136677139879544,6.863322860120456,,src/data/scPDB 2/1ahg_2/ligand.sdf,src/data/scPDB 2/1ahg_2/site.mol2,bindingdb_scpdb
1asb,,,Ki,=,7300000.0,nM,0.0073,7300000.0,2.136677139879544,6.863322860120456,,src/data/scPDB 2/1asb_1/ligand.sdf,src/data/scPDB 2/1asb_1/site.mol2,bindingdb_scpdb
1em6,,,Ki,=,7300000.0,nM,0.0073,7300000.0,2.136677139879544,6.863322860120456,,src/data/scPDB 2/1em6_1/ligand.sdf,src/data/scPDB 2/1em6_1/site.mol2,bindingdb_scpdb
1exv,,,Ki,=,7300000.0,nM,0.0073,7300000.0,2.136677139879544,6.863322860120456,,src/data/scPDB 2/1exv_2/ligand.sdf,src/data/scPDB 2/1exv_2/site.mol2,bindingdb_scpdb
1iay,,,Ki,=,7300000.0,nM,0.0073,7300000.0,2.136677139879544,6.863322860120456,,src/data/scPDB 2/1iay_1/ligand.sdf,src/data/scPDB 2/1iay_1/site.mol2,bindingdb_scpdb
1qis,,,Ki,=,7300000.0,nM,0.0073,7300000.0,2.136677139879544,6.863322860120456,,src/data/scPDB 2/1qis_1/ligand.sdf,src/data/scPDB 2/1qis_1/site.mol2,bindingdb_scpdb
1qoq,,,Ki,=,7300000.0,nM,0.0073,7300000.0,2.136677139879544,6.863322860120456,,src/data/scPDB 2/1qoq_1/ligand.sdf,src/data/scPDB 2/1qoq_1/site.mol2,bindingdb_scpdb
1tzj,,,Ki,=,7300000.0,nM,0.0073,7300000.0,2.136677139879544,6.863322860120456,,src/data/scPDB 2/1tzj_2/ligand.sdf,src/data/scPDB 2/1tzj_2/site.mol2,bindingdb_scpdb
1u08,,,Ki,=,7300000.0,nM,0.0073,7300000.0,2.136677139879544,6.863322860120456,,src/data/scPDB 2/1u08_1/ligand.sdf,src/data/scPDB 2/1u08_1/site.mol2,bindingdb_scpdb
2a5h,,,Ki,=,7300000.0,nM,0.0073,7300000.0,2.136677139879544,6.863322860120456,,src/data/scPDB 2/2a5h_1/ligand.sdf,src/data/scPDB 2/2a5h_1/site.mol2,bindingdb_scpdb
2ati,,,Ki,=,7300000.0,nM,0.0073,7300000.0,2.136677139879544,6.863322860120456,,src/data/scPDB 2/2ati_2/ligand.sdf,src/data/scPDB 2/2ati_2/site.mol2,bindingdb_scpdb
2c2b,,,Ki,=,7300000.0,nM,0.0073,7300000.0,2.136677139879544,6.863322860120456,,src/data/scPDB 2/2c2b_1/ligand.sdf,src/data/scPDB 2/2c2b_1/site.mol2,bindingdb_scpdb
2cft,,,Ki,=,7300000.0,nM,0.0073,7300000.0,2.136677139879544,6.863322860120456,,src/data/scPDB 2/2cft_1/ligand.sdf,src/data/scPDB 2/2cft_1/site.mol2,bindingdb_scpdb
2d61,,,Ki,=,7300000.0,nM,0.0073,7300000.0,2.136677139879544,6.863322860120456,,src/data/scPDB 2/2d61_1/ligand.sdf,src/data/scPDB 2/2d61_1/site.mol2,bindingdb_scpdb
2d7z,,,Ki,=,7300000.0,nM,0.0073,7300000.0,2.136677139879544,6.863322860120456,,src/data/scPDB 2/2d7z_1/ligand.sdf,src/data/scPDB 2/2d7z_1/site.mol2,bindingdb_scpdb
2hdk,,,Ki,=,7300000.0,nM,0.0073,7300000.0,2.136677139879544,6.863322860120456,,src/data/scPDB 2/2hdk_1/ligand.sdf,src/data/scPDB 2/2hdk_1/site.mol2,bindingdb_scpdb
2qll,,,Ki,=,7300000.0,nM,0.0073,7300000.0,2.136677139879544,6.863322860120456,,src/data/scPDB 2/2qll_2/ligand.sdf,src/data/scPDB 2/2qll_2/site.mol2,bindingdb_scpdb
2qn7,,,Ki,=,7300000.0,nM,0.0073,7300000.0,2.136677139879544,6.863322860120456,,src/data/scPDB 2/2qn7_1/ligand.sdf,src/data/scPDB 2/2qn7_1/site.mol2,bindingdb_scpdb
2rh9,,,Ki,=,7300000.0,nM,0.0073,7300000.0,2.136677139879544,6.863322860120456,,src/data/scPDB 2/2rh9_1/ligand.sdf,src/data/scPDB 2/2rh9_1/site.mol2,bindingdb_scpdb
3dtg,,,Ki,=,7300000.0,nM,0.0073,7300000.0,2.136677139879544,6.863322860120456,,src/data/scPDB 2/3dtg_1/ligand.sdf,src/data/scPDB 2/3dtg_1/site.mol2,bindingdb_scpdb
3ei8,,,Ki,=,7300000.0,nM,0.0073,7300000.0,2.136677139879544,6.863322860120456,,src/data/scPDB 2/3ei8_1/ligand.sdf,src/data/scPDB 2/3ei8_1/site.mol2,bindingdb_scpdb
3if2,,,Ki,=,7300000.0,nM,0.0073,7300000.0,2.136677139879544,6.863322860120456,,src/data/scPDB 2/3if2_1/ligand.sdf,src/data/scPDB 2/3if2_1/site.mol2,bindingdb_scpdb
3keu,,,Ki,=,7300000.0,nM,0.0073,7300000.0,2.136677139879544,6.863322860120456,,src/data/scPDB 2/3keu_1/ligand.sdf,src/data/scPDB 2/3keu_1/site.mol2,bindingdb_scpdb
3wwi,,,Ki,=,7300000.0,nM,0.0073,7300000.0,2.136677139879544,6.863322860120456,,src/data/scPDB 2/3wwi_3/ligand.sdf,src/data/scPDB 2/3wwi_3/site.mol2,bindingdb_scpdb
3zei,,,Ki,=,7300000.0,nM,0.0073,7300000.0,2.136677139879544,6.863322860120456,,src/data/scPDB 2/3zei_1/ligand.sdf,src/data/scPDB 2/3zei_1/site.mol2,bindingdb_scpdb
4adc,,,Ki,=,7300000.0,nM,0.0073,7300000.0,2.136677139879544,6.863322860120456,,src/data/scPDB 2/4adc_1/ligand.sdf,src/data/scPDB 2/4adc_1/site.mol2,bindingdb_scpdb
4eb7,,,Ki,=,7300000.0,nM,0.0073,7300000.0,2.136677139879544,6.863322860120456,,src/data/scPDB 2/4eb7_2/ligand.sdf,src/data/scPDB 2/4eb7_2/site.mol2,bindingdb_scpdb
4je5,,,Ki,=,7300000.0,nM,0.0073,7300000.0,2.136677139879544,6.863322860120456,,src/data/scPDB 2/4je5_1/ligand.sdf,src/data/scPDB 2/4je5_1/site.mol2,bindingdb_scpdb
4jey,,,Ki,=,7300000.0,nM,0.0073,7300000.0,2.136677139879544,6.863322860120456,,src/data/scPDB 2/4jey_1/ligand.sdf,src/data/scPDB 2/4jey_1/site.mol2,bindingdb_scpdb
4obu,,,Ki,=,7300000.0,nM,0.0073,7300000.0,2.136677139879544,6.863322860120456,,src/data/scPDB 2/4obu_2/ligand.sdf,src/data/scPDB 2/4obu_2/site.mol2,bindingdb_scpdb
4rkd,,,Ki,=,7300000.0,nM,0.0073,7300000.0,2.136677139879544,6.863322860120456,,src/data/scPDB 2/4rkd_1/ligand.sdf,src/data/scPDB 2/4rkd_1/site.mol2,bindingdb_scpdb
4s1i,,,Ki,=,7300000.0,nM,0.0073,7300000.0,2.136677139879544,6.863322860120456,,src/data/scPDB 2/4s1i_2/ligand.sdf,src/data/scPDB 2/4s1i_2/site.mol2,bindingdb_scpdb
4w5k,,,Ki,=,7300000.0,nM,0.0073,7300000.0,2.136677139879544,6.863322860120456,,src/data/scPDB 2/4w5k_1/ligand.sdf,src/data/scPDB 2/4w5k_1/site.mol2,bindingdb_scpdb
4y6g,,,Ki,=,7300000.0,nM,0.0073,7300000.0,2.136677139879544,6.863322860120456,,src/data/scPDB 2/4y6g_1/ligand.sdf,src/data/scPDB 2/4y6g_1/site.mol2,bindingdb_scpdb
4zm3,,,Ki,=,7300000.0,nM,0.0073,7300000.0,2.136677139879544,6.863322860120456,,src/data/scPDB 2/4zm3_4/ligand.sdf,src/data/scPDB 2/4zm3_4/site.mol2,bindingdb_scpdb
4zm4,,,Ki,=,7300000.0,nM,0.0073,7300000.0,2.136677139879544,6.863322860120456,,src/data/scPDB 2/4zm4_2/ligand.sdf,src/data/scPDB 2/4zm4_2/site.mol2,bindingdb_scpdb
4zqc,,,Ki,=,7300000.0,nM,0.0073,7300000.0,2.136677139879544,6.863322860120456,,src/data/scPDB 2/4zqc_1/ligand.sdf,src/data/scPDB 2/4zqc_1/site.mol2,bindingdb_scpdb
3nga,,,Kd,=,0.56,nM,5.600000000000001e-10,0.56,9.2518119729938,-0.25181197299379954,,src/data/scPDB 2/3nga_1/ligand.sdf,src/data/scPDB 2/3nga_1/site.mol2,bindingdb_scpdb
4ixf,,,Ki,=,11.0,nM,1.1000000000000001e-08,11.0,7.958607314841775,1.0413926851582251,,src/data/scPDB 2/4ixf_1/ligand.sdf,src/data/scPDB 2/4ixf_1/site.mol2,bindingdb_scpdb
3jq8,,,Ki,=,12000.0,nM,1.2e-05,12000.0,4.920818753952375,4.079181246047625,,src/data/scPDB 2/3jq8_2/ligand.sdf,src/data/scPDB 2/3jq8_2/site.mol2,bindingdb_scpdb
1fmj,,,Kd,=,36.0,nM,3.6000000000000005e-08,36.0,7.443697499232712,1.5563025007672873,,src/data/scPDB 2/1fmj_1/ligand.sdf,src/data/scPDB 2/1fmj_1/site.mol2,bindingdb_scpdb
1fml,,,Kd,=,36.0,nM,3.6000000000000005e-08,36.0,7.443697499232712,1.5563025007672873,,src/data/scPDB 2/1fml_2/ligand.sdf,src/data/scPDB 2/1fml_2/site.mol2,bindingdb_scpdb
1iiu,,,Kd,=,36.0,nM,3.6000000000000005e-08,36.0,7.443697499232712,1.5563025007672873,,src/data/scPDB 2/1iiu_1/ligand.sdf,src/data/scPDB 2/1iiu_1/site.mol2,bindingdb_scpdb
1kgl,,,Kd,=,36.0,nM,3.6000000000000005e-08,36.0,7.443697499232712,1.5563025007672873,,src/data/scPDB 2/1kgl_1/ligand.sdf,src/data/scPDB 2/1kgl_1/site.mol2,bindingdb_scpdb
1kqw,,,Kd,=,36.0,nM,3.6000000000000005e-08,36.0,7.443697499232712,1.5563025007672873,,src/data/scPDB 2/1kqw_1/ligand.sdf,src/data/scPDB 2/1kqw_1/site.mol2,bindingdb_scpdb
1kt3,,,Kd,=,36.0,nM,3.6000000000000005e-08,36.0,7.443697499232712,1.5563025007672873,,src/data/scPDB 2/1kt3_1/ligand.sdf,src/data/scPDB 2/1kt3_1/site.mol2,bindingdb_scpdb
1kt5,,,Kd,=,36.0,nM,3.6000000000000005e-08,36.0,7.443697499232712,1.5563025007672873,,src/data/scPDB 2/1kt5_1/ligand.sdf,src/data/scPDB 2/1kt5_1/site.mol2,bindingdb_scpdb
1mx8,,,Kd,=,36.0,nM,3.6000000000000005e-08,36.0,7.443697499232712,1.5563025007672873,,src/data/scPDB 2/1mx8_1/ligand.sdf,src/data/scPDB 2/1mx8_1/site.mol2,bindingdb_scpdb
4qzu,,,Kd,=,36.0,nM,3.6000000000000005e-08,36.0,7.443697499232712,1.5563025007672873,,src/data/scPDB 2/4qzu_2/ligand.sdf,src/data/scPDB 2/4qzu_2/site.mol2,bindingdb_scpdb
5h8t,,,Kd,=,36.0,nM,3.6000000000000005e-08,36.0,7.443697499232712,1.5563025007672873,,src/data/scPDB 2/5h8t_1/ligand.sdf,src/data/scPDB 2/5h8t_1/site.mol2,bindingdb_scpdb
1g93,,,Kd,=,1460000.0,nM,0.0014600000000000001,1460000.0,2.835647144215563,6.164352855784437,,src/data/scPDB 2/1g93_1/ligand.sdf,src/data/scPDB 2/1g93_1/site.mol2,bindingdb_scpdb
1z45,,,Kd,=,1460000.0,nM,0.0014600000000000001,1460000.0,2.835647144215563,6.164352855784437,,src/data/scPDB 2/1z45_1/ligand.sdf,src/data/scPDB 2/1z45_1/site.mol2,bindingdb_scpdb
2ilv,,,Kd,=,1460000.0,nM,0.0014600000000000001,1460000.0,2.835647144215563,6.164352855784437,,src/data/scPDB 2/2ilv_1/ligand.sdf,src/data/scPDB 2/2ilv_1/site.mol2,bindingdb_scpdb
2wnb,,,Kd,=,1460000.0,nM,0.0014600000000000001,1460000.0,2.835647144215563,6.164352855784437,,src/data/scPDB 2/2wnb_1/ligand.sdf,src/data/scPDB 2/2wnb_1/site.mol2,bindingdb_scpdb
4ee3,,,Kd,=,1460000.0,nM,0.0014600000000000001,1460000.0,2.835647144215563,6.164352855784437,,src/data/scPDB 2/4ee3_3/ligand.sdf,src/data/scPDB 2/4ee3_3/site.mol2,bindingdb_scpdb
4js1,,,Kd,=,1460000.0,nM,0.0014600000000000001,1460000.0,2.835647144215563,6.164352855784437,,src/data/scPDB 2/4js1_1/ligand.sdf,src/data/scPDB 2/4js1_1/site.mol2,bindingdb_scpdb
1pn3,,,Ki,=,7400000.0,nM,0.0074,7400000.0,2.1307682802690238,6.869231719730976,,src/data/scPDB 2/1pn3_1/ligand.sdf,src/data/scPDB 2/1pn3_1/site.mol2,bindingdb_scpdb
1pnv,,,Ki,=,7400000.0,nM,0.0074,7400000.0,2.1307682802690238,6.869231719730976,,src/data/scPDB 2/1pnv_1/ligand.sdf,src/data/scPDB 2/1pnv_1/site.mol2,bindingdb_scpdb
1wtg,,,Ki,=,7400000.0,nM,0.0074,7400000.0,2.1307682802690238,6.869231719730976,,src/data/scPDB 2/1wtg_1/ligand.sdf,src/data/scPDB 2/1wtg_1/site.mol2,bindingdb_scpdb
1wv7,,,Ki,=,7400000.0,nM,0.0074,7400000.0,2.1307682802690238,6.869231719730976,,src/data/scPDB 2/1wv7_1/ligand.sdf,src/data/scPDB 2/1wv7_1/site.mol2,bindingdb_scpdb
2vwh,,,Ki,=,7400000.0,nM,0.0074,7400000.0,2.1307682802690238,6.869231719730976,,src/data/scPDB 2/2vwh_1/ligand.sdf,src/data/scPDB 2/2vwh_1/site.mol2,bindingdb_scpdb
2zp0,,,Ki,=,7400000.0,nM,0.0074,7400000.0,2.1307682802690238,6.869231719730976,,src/data/scPDB 2/2zp0_1/ligand.sdf,src/data/scPDB 2/2zp0_1/site.mol2,bindingdb_scpdb
3cx4,,,Ki,=,7400000.0,nM,0.0074,7400000.0,2.1307682802690238,6.869231719730976,,src/data/scPDB 2/3cx4_1/ligand.sdf,src/data/scPDB 2/3cx4_1/site.mol2,bindingdb_scpdb
3p70,,,Ki,=,7400000.0,nM,0.0074,7400000.0,2.1307682802690238,6.869231719730976,,src/data/scPDB 2/3p70_6/ligand.sdf,src/data/scPDB 2/3p70_6/site.mol2,bindingdb_scpdb
3uyk,,,Ki,=,7400000.0,nM,0.0074,7400000.0,2.1307682802690238,6.869231719730976,,src/data/scPDB 2/3uyk_1/ligand.sdf,src/data/scPDB 2/3uyk_1/site.mol2,bindingdb_scpdb
2yhu,,,Ki,=,2000.0,nM,2.0000000000000003e-06,2000.0,5.698970004336019,3.3010299956639813,,src/data/scPDB 2/2yhu_3/ligand.sdf,src/data/scPDB 2/2yhu_3/site.mol2,bindingdb_scpdb
3mp3,,,Ki,=,98000.0,nM,9.800000000000001e-05,98000.0,4.008773924307505,4.991226075692495,,src/data/scPDB 2/3mp3_1/ligand.sdf,src/data/scPDB 2/3mp3_1/site.mol2,bindingdb_scpdb
3fgd,,,Ki,=,23600.0,nM,2.36e-05,23600.0,4.627087997029894,4.372912002970106,,src/data/scPDB 2/3fgd_1/ligand.sdf,src/data/scPDB 2/3fgd_1/site.mol2,bindingdb_scpdb
4kos,,,Ki,=,4300000.0,nM,0.0043,4300000.0,2.366531544420414,6.633468455579586,,src/data/scPDB 2/4kos_1/ligand.sdf,src/data/scPDB 2/4kos_1/site.mol2,bindingdb_scpdb
4a5y,,,Ki,=,2.5,nM,2.5e-09,2.5,8.602059991327963,0.3979400086720376,,src/data/scPDB 2/4a5y_1/ligand.sdf,src/data/scPDB 2/4a5y_1/site.mol2,bindingdb_scpdb
4a51,,,Ki,=,185.8,nM,1.8580000000000004e-07,185.8,6.7309542903423765,2.269045709657623,,src/data/scPDB 2/4a51_10/ligand.sdf,src/data/scPDB 2/4a51_10/site.mol2,bindingdb_scpdb
4e5f,,,Ki,=,850.0,nM,8.5e-07,850.0,6.070581074285707,2.929418925714293,,src/data/scPDB 2/4e5f_4/ligand.sdf,src/data/scPDB 2/4e5f_4/site.mol2,bindingdb_scpdb
4e5i,,,Ki,=,5010.0,nM,5.01e-06,5010.0,5.300162274132754,3.699837725867246,,src/data/scPDB 2/4e5i_3/ligand.sdf,src/data/scPDB 2/4e5i_3/site.mol2,bindingdb_scpdb
4eke,,,Ki,=,33400.0,nM,3.34e-05,33400.0,4.476253533188435,4.523746466811565,,src/data/scPDB 2/4eke_1/ligand.sdf,src/data/scPDB 2/4eke_1/site.mol2,bindingdb_scpdb
4mwz,,,Ki,=,19.0,nM,1.9e-08,19.0,7.721246399047171,1.2787536009528289,,src/data/scPDB 2/4mwz_2/ligand.sdf,src/data/scPDB 2/4mwz_2/site.mol2,bindingdb_scpdb
3wcd,,,Ki,=,1500.0,nM,1.5e-06,1500.0,5.823908740944319,3.1760912590556813,,src/data/scPDB 2/3wcd_4/ligand.sdf,src/data/scPDB 2/3wcd_4/site.mol2,bindingdb_scpdb
4f6v,,,Ki,=,250.0,nM,2.5000000000000004e-07,250.0,6.6020599913279625,2.3979400086720375,,src/data/scPDB 2/4f6v_1/ligand.sdf,src/data/scPDB 2/4f6v_1/site.mol2,bindingdb_scpdb
4f6x,,,Ki,=,450.0,nM,4.5000000000000003e-07,450.0,6.346787486224656,2.6532125137753435,,src/data/scPDB 2/4f6x_1/ligand.sdf,src/data/scPDB 2/4f6x_1/site.mol2,bindingdb_scpdb
4aql,,,Ki,=,4080000.0,nM,0.00408,4080000.0,2.3893398369101204,6.61066016308988,,src/data/scPDB 2/4aql_1/ligand.sdf,src/data/scPDB 2/4aql_1/site.mol2,bindingdb_scpdb
4yfy,,,Ki,=,358000.0,nM,0.00035800000000000003,358000.0,3.4461169733561254,5.553883026643875,,src/data/scPDB 2/4yfy_1/ligand.sdf,src/data/scPDB 2/4yfy_1/site.mol2,bindingdb_scpdb
3uic,,,Ki,=,360.0,nM,3.6000000000000005e-07,360.0,6.443697499232712,2.5563025007672873,,src/data/scPDB 2/3uic_11/ligand.sdf,src/data/scPDB 2/3uic_11/site.mol2,bindingdb_scpdb
4ai8,,,Ki,=,85000.0,nM,8.5e-05,85000.0,4.070581074285707,4.929418925714293,,src/data/scPDB 2/4ai8_1/ligand.sdf,src/data/scPDB 2/4ai8_1/site.mol2,bindingdb_scpdb
3h4v,,,Ki,=,10000.0,nM,1e-05,10000.0,5.0,4.0,,src/data/scPDB 2/3h4v_9/ligand.sdf,src/data/scPDB 2/3h4v_9/site.mol2,bindingdb_scpdb
4e96,,,Kd,=,49000.0,nM,4.9000000000000005e-05,49000.0,4.309803919971486,4.690196080028514,,src/data/scPDB 2/4e96_1/ligand.sdf,src/data/scPDB 2/4e96_1/site.mol2,bindingdb_scpdb
3tzb,,,Ki,=,38000.0,nM,3.8e-05,38000.0,4.42021640338319,4.57978359661681,,src/data/scPDB 2/3tzb_1/ligand.sdf,src/data/scPDB 2/3tzb_1/site.mol2,bindingdb_scpdb
3mo0,,,Kd,=,243.0,nM,2.43e-07,243.0,6.614393726401688,2.385606273598312,,src/data/scPDB 2/3mo0_3/ligand.sdf,src/data/scPDB 2/3mo0_3/site.mol2,bindingdb_scpdb
4bjc,,,Ki,=,2.9,nM,2.9e-09,2.9,8.537602002101044,0.4623979978989561,,src/data/scPDB 2/4bjc_1/ligand.sdf,src/data/scPDB 2/4bjc_1/site.mol2,bindingdb_scpdb
1jvm,,,Ki,=,1051961.87,nM,0.0010519618700000001,1051961.87,2.9780000015783887,6.021999998421611,,src/data/scPDB 2/1jvm_1/ligand.sdf,src/data/scPDB 2/1jvm_1/site.mol2,bindingdb_scpdb
4wvd,,,Ki,=,500.0,nM,5.000000000000001e-07,500.0,6.301029995663981,2.6989700043360187,,src/data/scPDB 2/4wvd_1/ligand.sdf,src/data/scPDB 2/4wvd_1/site.mol2,bindingdb_scpdb
1o1v,,,Ki,=,2770000.0,nM,0.0027700000000000003,2770000.0,2.557520230935552,6.442479769064448,,src/data/scPDB 2/1o1v_1/ligand.sdf,src/data/scPDB 2/1o1v_1/site.mol2,bindingdb_scpdb
4bqp,,,Kd,=,12.0,nM,1.2000000000000002e-08,12.0,7.920818753952375,1.0791812460476249,,src/data/scPDB 2/4bqp_4/ligand.sdf,src/data/scPDB 2/4bqp_4/site.mol2,bindingdb_scpdb
2x23,,,Ki,=,114.0,nM,1.14e-07,114.0,6.943095148663527,2.0569048513364727,,src/data/scPDB 2/2x23_2/ligand.sdf,src/data/scPDB 2/2x23_2/site.mol2,bindingdb_scpdb
5coq,,,Ki,=,114.0,nM,1.14e-07,114.0,6.943095148663527,2.0569048513364727,,src/data/scPDB 2/5coq_1/ligand.sdf,src/data/scPDB 2/5coq_1/site.mol2,bindingdb_scpdb
4oxy,,,Ki,=,129.0,nM,1.29e-07,129.0,6.889410289700751,2.110589710299249,,src/data/scPDB 2/4oxy_3/ligand.sdf,src/data/scPDB 2/4oxy_3/site.mol2,bindingdb_scpdb
1x8v,,,Kd,=,234.0,nM,2.34e-07,234.0,6.630784142589857,2.369215857410143,,src/data/scPDB 2/1x8v_1/ligand.sdf,src/data/scPDB 2/1x8v_1/site.mol2,bindingdb_scpdb
3q95,,,Kd,=,234.0,nM,2.34e-07,234.0,6.630784142589857,2.369215857410143,,src/data/scPDB 2/3q95_1/ligand.sdf,src/data/scPDB 2/3q95_1/site.mol2,bindingdb_scpdb
1kbq,,,Ki,=,450.0,nM,4.5000000000000003e-07,450.0,6.346787486224656,2.6532125137753435,,src/data/scPDB 2/1kbq_6/ligand.sdf,src/data/scPDB 2/1kbq_6/site.mol2,bindingdb_scpdb
5ah5,,,Ki,=,0.139,nM,1.39e-10,0.139,9.856985199745905,-0.8569851997459049,,src/data/scPDB 2/5ah5_1/ligand.sdf,src/data/scPDB 2/5ah5_1/site.mol2,bindingdb_scpdb
3od4,,,Kd,=,60000.0,nM,6e-05,60000.0,4.221848749616356,4.778151250383644,,src/data/scPDB 2/3od4_1/ligand.sdf,src/data/scPDB 2/3od4_1/site.mol2,bindingdb_scpdb
4bio,,,Kd,=,60000.0,nM,6e-05,60000.0,4.221848749616356,4.778151250383644,,src/data/scPDB 2/4bio_1/ligand.sdf,src/data/scPDB 2/4bio_1/site.mol2,bindingdb_scpdb
1t9a,,,Ki,=,400.0,nM,4.0000000000000003e-07,400.0,6.3979400086720375,2.6020599913279625,,src/data/scPDB 2/1t9a_1/ligand.sdf,src/data/scPDB 2/1t9a_1/site.mol2,bindingdb_scpdb
1t9c,,,Ki,=,51.0,nM,5.1e-08,51.0,7.292429823902063,1.7075701760979363,,src/data/scPDB 2/1t9c_3/ligand.sdf,src/data/scPDB 2/1t9c_3/site.mol2,bindingdb_scpdb
4zqd,,,Kd,=,90.0,nM,9.000000000000001e-08,90.0,7.045757490560675,1.954242509439325,,src/data/scPDB 2/4zqd_1/ligand.sdf,src/data/scPDB 2/4zqd_1/site.mol2,bindingdb_scpdb
3znp,,,Ki,=,156.0,nM,1.5600000000000002e-07,156.0,6.806875401645538,2.1931245983544616,,src/data/scPDB 2/3znp_1/ligand.sdf,src/data/scPDB 2/3znp_1/site.mol2,bindingdb_scpdb
4as7,,,Ki,=,0.5,nM,5e-10,0.5,9.301029995663981,-0.3010299956639812,,src/data/scPDB 2/4as7_1/ligand.sdf,src/data/scPDB 2/4as7_1/site.mol2,bindingdb_scpdb
4j0j,,,Ki,=,900.0,nM,9.000000000000001e-07,900.0,6.045757490560675,2.9542425094393248,,src/data/scPDB 2/4j0j_1/ligand.sdf,src/data/scPDB 2/4j0j_1/site.mol2,bindingdb_scpdb
3zpr,,,Ki,=,220.0,nM,2.2e-07,220.0,6.657577319177793,2.342422680822206,,src/data/scPDB 2/3zpr_4/ligand.sdf,src/data/scPDB 2/3zpr_4/site.mol2,bindingdb_scpdb
4ilx,,,Ki,=,9.4,nM,9.400000000000001e-09,9.4,8.0268721464003,0.9731278535996987,,src/data/scPDB 2/4ilx_1/ligand.sdf,src/data/scPDB 2/4ilx_1/site.mol2,bindingdb_scpdb
4lay,,,Ki,=,2700.0,nM,2.7e-06,2700.0,5.568636235841012,3.4313637641589874,,src/data/scPDB 2/4lay_1/ligand.sdf,src/data/scPDB 2/4lay_1/site.mol2,bindingdb_scpdb
3zno,,,Kd,=,700.0,nM,7.000000000000001e-07,700.0,6.154901959985743,2.845098040014257,,src/data/scPDB 2/3zno_2/ligand.sdf,src/data/scPDB 2/3zno_2/site.mol2,bindingdb_scpdb
3fr0,,,Kd,=,440.0,nM,4.4e-07,440.0,6.356547323513812,2.6434526764861874,,src/data/scPDB 2/3fr0_1/ligand.sdf,src/data/scPDB 2/3fr0_1/site.mol2,bindingdb_scpdb
4dch,,,Kd,=,500.0,nM,5.000000000000001e-07,500.0,6.301029995663981,2.6989700043360187,,src/data/scPDB 2/4dch_1/ligand.sdf,src/data/scPDB 2/4dch_1/site.mol2,bindingdb_scpdb
4jse,,,Ki,=,375.0,nM,3.75e-07,375.0,6.425968732272281,2.574031267727719,,src/data/scPDB 2/4jse_4/ligand.sdf,src/data/scPDB 2/4jse_4/site.mol2,bindingdb_scpdb
4jsf,,,Ki,=,2154.0,nM,2.154e-06,2154.0,5.666754301038037,3.3332456989619628,,src/data/scPDB 2/4jsf_3/ligand.sdf,src/data/scPDB 2/4jsf_3/site.mol2,bindingdb_scpdb
4jwl,,,Ki,=,3720000.0,nM,0.00372,3720000.0,2.4294570601181027,6.570542939881897,,src/data/scPDB 2/4jwl_1/ligand.sdf,src/data/scPDB 2/4jwl_1/site.mol2,bindingdb_scpdb
4jxh,,,Ki,=,3720000.0,nM,0.00372,3720000.0,2.4294570601181027,6.570542939881897,,src/data/scPDB 2/4jxh_1/ligand.sdf,src/data/scPDB 2/4jxh_1/site.mol2,bindingdb_scpdb
3p0e,,,Kd,=,6600.0,nM,6.6e-06,6600.0,5.180456064458131,3.8195439355418688,,src/data/scPDB 2/3p0e_4/ligand.sdf,src/data/scPDB 2/3p0e_4/site.mol2,bindingdb_scpdb
4ekg,,,Ki,=,13.0,nM,1.3e-08,13.0,7.886056647693163,1.1139433523068367,,src/data/scPDB 2/4ekg_1/ligand.sdf,src/data/scPDB 2/4ekg_1/site.mol2,bindingdb_scpdb
4b84,,,Kd,=,14800.0,nM,1.48e-05,14800.0,4.8297382846050425,4.1702617153949575,,src/data/scPDB 2/4b84_2/ligand.sdf,src/data/scPDB 2/4b84_2/site.mol2,bindingdb_scpdb
5cuq,,,Ki,=,500.0,nM,5.000000000000001e-07,500.0,6.301029995663981,2.6989700043360187,,src/data/scPDB 2/5cuq_1/ligand.sdf,src/data/scPDB 2/5cuq_1/site.mol2,bindingdb_scpdb
4nh9,,,Ki,=,375.0,nM,3.75e-07,375.0,6.425968732272281,2.574031267727719,,src/data/scPDB 2/4nh9_1/ligand.sdf,src/data/scPDB 2/4nh9_1/site.mol2,bindingdb_scpdb
4hlm,,,Ki,=,84500.0,nM,8.450000000000001e-05,84500.0,4.073143291050307,4.926856708949693,,src/data/scPDB 2/4hlm_1/ligand.sdf,src/data/scPDB 2/4hlm_1/site.mol2,bindingdb_scpdb
4lv9,,,Kd,=,230000.0,nM,0.00023,230000.0,3.638272163982407,5.361727836017593,,src/data/scPDB 2/4lv9_2/ligand.sdf,src/data/scPDB 2/4lv9_2/site.mol2,bindingdb_scpdb
4pyl,,,Kd,=,21.0,nM,2.1000000000000003e-08,21.0,7.6777807052660805,1.3222192947339193,,src/data/scPDB 2/4pyl_2/ligand.sdf,src/data/scPDB 2/4pyl_2/site.mol2,bindingdb_scpdb
4rn6,,,Ki,=,20.0,nM,2e-08,20.0,7.698970004336019,1.3010299956639813,,src/data/scPDB 2/4rn6_2/ligand.sdf,src/data/scPDB 2/4rn6_2/site.mol2,bindingdb_scpdb
2jdd,,,Kd,=,121000.0,nM,0.00012100000000000001,121000.0,3.91721462968355,5.08278537031645,,src/data/scPDB 2/2jdd_1/ligand.sdf,src/data/scPDB 2/2jdd_1/site.mol2,bindingdb_scpdb
2paa,,,Kd,=,121000.0,nM,0.00012100000000000001,121000.0,3.91721462968355,5.08278537031645,,src/data/scPDB 2/2paa_1/ligand.sdf,src/data/scPDB 2/2paa_1/site.mol2,bindingdb_scpdb
2wzb,,,Kd,=,121000.0,nM,0.00012100000000000001,121000.0,3.91721462968355,5.08278537031645,,src/data/scPDB 2/2wzb_1/ligand.sdf,src/data/scPDB 2/2wzb_1/site.mol2,bindingdb_scpdb
2xe8,,,Kd,=,121000.0,nM,0.00012100000000000001,121000.0,3.91721462968355,5.08278537031645,,src/data/scPDB 2/2xe8_1/ligand.sdf,src/data/scPDB 2/2xe8_1/site.mol2,bindingdb_scpdb
3c3a,,,Kd,=,121000.0,nM,0.00012100000000000001,121000.0,3.91721462968355,5.08278537031645,,src/data/scPDB 2/3c3a_1/ligand.sdf,src/data/scPDB 2/3c3a_1/site.mol2,bindingdb_scpdb
4y6n,,,Kd,=,121000.0,nM,0.00012100000000000001,121000.0,3.91721462968355,5.08278537031645,,src/data/scPDB 2/4y6n_1/ligand.sdf,src/data/scPDB 2/4y6n_1/site.mol2,bindingdb_scpdb
4y9x,,,Kd,=,121000.0,nM,0.00012100000000000001,121000.0,3.91721462968355,5.08278537031645,,src/data/scPDB 2/4y9x_1/ligand.sdf,src/data/scPDB 2/4y9x_1/site.mol2,bindingdb_scpdb
1kt8,,,Kd,=,640.0,nM,6.4e-07,640.0,6.1938200260161125,2.806179973983887,,src/data/scPDB 2/1kt8_2/ligand.sdf,src/data/scPDB 2/1kt8_2/site.mol2,bindingdb_scpdb
1ld8,,,Kd,=,640.0,nM,6.4e-07,640.0,6.1938200260161125,2.806179973983887,,src/data/scPDB 2/1ld8_1/ligand.sdf,src/data/scPDB 2/1ld8_1/site.mol2,bindingdb_scpdb
1osf,,,Kd,=,640.0,nM,6.4e-07,640.0,6.1938200260161125,2.806179973983887,,src/data/scPDB 2/1osf_1/ligand.sdf,src/data/scPDB 2/1osf_1/site.mol2,bindingdb_scpdb
1rx0,,,Kd,=,640.0,nM,6.4e-07,640.0,6.1938200260161125,2.806179973983887,,src/data/scPDB 2/1rx0_4/ligand.sdf,src/data/scPDB 2/1rx0_4/site.mol2,bindingdb_scpdb
1sa5,,,Kd,=,640.0,nM,6.4e-07,640.0,6.1938200260161125,2.806179973983887,,src/data/scPDB 2/1sa5_1/ligand.sdf,src/data/scPDB 2/1sa5_1/site.mol2,bindingdb_scpdb
1w19,,,Kd,=,640.0,nM,6.4e-07,640.0,6.1938200260161125,2.806179973983887,,src/data/scPDB 2/1w19_3/ligand.sdf,src/data/scPDB 2/1w19_3/site.mol2,bindingdb_scpdb
1w29,,,Kd,=,640.0,nM,6.4e-07,640.0,6.1938200260161125,2.806179973983887,,src/data/scPDB 2/1w29_2/ligand.sdf,src/data/scPDB 2/1w29_2/site.mol2,bindingdb_scpdb
1x01,,,Kd,=,640.0,nM,6.4e-07,640.0,6.1938200260161125,2.806179973983887,,src/data/scPDB 2/1x01_2/ligand.sdf,src/data/scPDB 2/1x01_2/site.mol2,bindingdb_scpdb
1xg5,,,Kd,=,640.0,nM,6.4e-07,640.0,6.1938200260161125,2.806179973983887,,src/data/scPDB 2/1xg5_3/ligand.sdf,src/data/scPDB 2/1xg5_3/site.mol2,bindingdb_scpdb
2cww,,,Kd,=,640.0,nM,6.4e-07,640.0,6.1938200260161125,2.806179973983887,,src/data/scPDB 2/2cww_2/ligand.sdf,src/data/scPDB 2/2cww_2/site.mol2,bindingdb_scpdb
2gtb,,,Kd,=,640.0,nM,6.4e-07,640.0,6.1938200260161125,2.806179973983887,,src/data/scPDB 2/2gtb_1/ligand.sdf,src/data/scPDB 2/2gtb_1/site.mol2,bindingdb_scpdb
2oyf,,,Kd,=,640.0,nM,6.4e-07,640.0,6.1938200260161125,2.806179973983887,,src/data/scPDB 2/2oyf_1/ligand.sdf,src/data/scPDB 2/2oyf_1/site.mol2,bindingdb_scpdb
2qd5,,,Kd,=,640.0,nM,6.4e-07,640.0,6.1938200260161125,2.806179973983887,,src/data/scPDB 2/2qd5_1/ligand.sdf,src/data/scPDB 2/2qd5_1/site.mol2,bindingdb_scpdb
2qwq,,,Kd,=,640.0,nM,6.4e-07,640.0,6.1938200260161125,2.806179973983887,,src/data/scPDB 2/2qwq_1/ligand.sdf,src/data/scPDB 2/2qwq_1/site.mol2,bindingdb_scpdb
3ag6,,,Kd,=,640.0,nM,6.4e-07,640.0,6.1938200260161125,2.806179973983887,,src/data/scPDB 2/3ag6_1/ligand.sdf,src/data/scPDB 2/3ag6_1/site.mol2,bindingdb_scpdb
3cos,,,Kd,=,640.0,nM,6.4e-07,640.0,6.1938200260161125,2.806179973983887,,src/data/scPDB 2/3cos_3/ligand.sdf,src/data/scPDB 2/3cos_3/site.mol2,bindingdb_scpdb
3e4a,,,Kd,=,640.0,nM,6.4e-07,640.0,6.1938200260161125,2.806179973983887,,src/data/scPDB 2/3e4a_2/ligand.sdf,src/data/scPDB 2/3e4a_2/site.mol2,bindingdb_scpdb
3ec7,,,Kd,=,640.0,nM,6.4e-07,640.0,6.1938200260161125,2.806179973983887,,src/data/scPDB 2/3ec7_5/ligand.sdf,src/data/scPDB 2/3ec7_5/site.mol2,bindingdb_scpdb
3i1l,,,Kd,=,640.0,nM,6.4e-07,640.0,6.1938200260161125,2.806179973983887,,src/data/scPDB 2/3i1l_1/ligand.sdf,src/data/scPDB 2/3i1l_1/site.mol2,bindingdb_scpdb
3i6i,,,Kd,=,640.0,nM,6.4e-07,640.0,6.1938200260161125,2.806179973983887,,src/data/scPDB 2/3i6i_1/ligand.sdf,src/data/scPDB 2/3i6i_1/site.mol2,bindingdb_scpdb
3jv7,,,Kd,=,640.0,nM,6.4e-07,640.0,6.1938200260161125,2.806179973983887,,src/data/scPDB 2/3jv7_4/ligand.sdf,src/data/scPDB 2/3jv7_4/site.mol2,bindingdb_scpdb
3k90,,,Kd,=,640.0,nM,6.4e-07,640.0,6.1938200260161125,2.806179973983887,,src/data/scPDB 2/3k90_1/ligand.sdf,src/data/scPDB 2/3k90_1/site.mol2,bindingdb_scpdb
3lqs,,,Kd,=,640.0,nM,6.4e-07,640.0,6.1938200260161125,2.806179973983887,,src/data/scPDB 2/3lqs_1/ligand.sdf,src/data/scPDB 2/3lqs_1/site.mol2,bindingdb_scpdb
3nf6,,,Kd,=,640.0,nM,6.4e-07,640.0,6.1938200260161125,2.806179973983887,,src/data/scPDB 2/3nf6_2/ligand.sdf,src/data/scPDB 2/3nf6_2/site.mol2,bindingdb_scpdb
3pns,,,Kd,=,640.0,nM,6.4e-07,640.0,6.1938200260161125,2.806179973983887,,src/data/scPDB 2/3pns_10/ligand.sdf,src/data/scPDB 2/3pns_10/site.mol2,bindingdb_scpdb
3rj5,,,Kd,=,640.0,nM,6.4e-07,640.0,6.1938200260161125,2.806179973983887,,src/data/scPDB 2/3rj5_1/ligand.sdf,src/data/scPDB 2/3rj5_1/site.mol2,bindingdb_scpdb
3zbz,,,Kd,=,640.0,nM,6.4e-07,640.0,6.1938200260161125,2.806179973983887,,src/data/scPDB 2/3zbz_1/ligand.sdf,src/data/scPDB 2/3zbz_1/site.mol2,bindingdb_scpdb
3zsv,,,Kd,=,640.0,nM,6.4e-07,640.0,6.1938200260161125,2.806179973983887,,src/data/scPDB 2/3zsv_1/ligand.sdf,src/data/scPDB 2/3zsv_1/site.mol2,bindingdb_scpdb
4ahv,,,Kd,=,640.0,nM,6.4e-07,640.0,6.1938200260161125,2.806179973983887,,src/data/scPDB 2/4ahv_2/ligand.sdf,src/data/scPDB 2/4ahv_2/site.mol2,bindingdb_scpdb
4ce9,,,Kd,=,640.0,nM,6.4e-07,640.0,6.1938200260161125,2.806179973983887,,src/data/scPDB 2/4ce9_2/ligand.sdf,src/data/scPDB 2/4ce9_2/site.mol2,bindingdb_scpdb
4cea,,,Kd,=,640.0,nM,6.4e-07,640.0,6.1938200260161125,2.806179973983887,,src/data/scPDB 2/4cea_2/ligand.sdf,src/data/scPDB 2/4cea_2/site.mol2,bindingdb_scpdb
4cgd,,,Kd,=,640.0,nM,6.4e-07,640.0,6.1938200260161125,2.806179973983887,,src/data/scPDB 2/4cgd_2/ligand.sdf,src/data/scPDB 2/4cgd_2/site.mol2,bindingdb_scpdb
4kwh,,,Kd,=,640.0,nM,6.4e-07,640.0,6.1938200260161125,2.806179973983887,,src/data/scPDB 2/4kwh_2/ligand.sdf,src/data/scPDB 2/4kwh_2/site.mol2,bindingdb_scpdb
4zoh,,,Kd,=,640.0,nM,6.4e-07,640.0,6.1938200260161125,2.806179973983887,,src/data/scPDB 2/4zoh_1/ligand.sdf,src/data/scPDB 2/4zoh_1/site.mol2,bindingdb_scpdb
5eio,,,Kd,=,640.0,nM,6.4e-07,640.0,6.1938200260161125,2.806179973983887,,src/data/scPDB 2/5eio_1/ligand.sdf,src/data/scPDB 2/5eio_1/site.mol2,bindingdb_scpdb
5ex0,,,Kd,=,640.0,nM,6.4e-07,640.0,6.1938200260161125,2.806179973983887,,src/data/scPDB 2/5ex0_1/ligand.sdf,src/data/scPDB 2/5ex0_1/site.mol2,bindingdb_scpdb
3hzl,,,Ki,=,46000.0,nM,4.6e-05,46000.0,4.337242168318426,4.662757831681574,,src/data/scPDB 2/3hzl_1/ligand.sdf,src/data/scPDB 2/3hzl_1/site.mol2,bindingdb_scpdb
4hsj,,,Ki,=,46000.0,nM,4.6e-05,46000.0,4.337242168318426,4.662757831681574,,src/data/scPDB 2/4hsj_1/ligand.sdf,src/data/scPDB 2/4hsj_1/site.mol2,bindingdb_scpdb
1oip,,,Kd,=,2420.0,nM,2.42e-06,2420.0,5.616184634019569,3.383815365980431,,src/data/scPDB 2/1oip_1/ligand.sdf,src/data/scPDB 2/1oip_1/site.mol2,bindingdb_scpdb
3w68,,,Kd,=,2420.0,nM,2.42e-06,2420.0,5.616184634019569,3.383815365980431,,src/data/scPDB 2/3w68_2/ligand.sdf,src/data/scPDB 2/3w68_2/site.mol2,bindingdb_scpdb
2xhx,,,Kd,=,250.0,nM,2.5000000000000004e-07,250.0,6.6020599913279625,2.3979400086720375,,src/data/scPDB 2/2xhx_1/ligand.sdf,src/data/scPDB 2/2xhx_1/site.mol2,bindingdb_scpdb
3ty3,,,Ki,=,1300000.0,nM,0.0013000000000000002,1300000.0,2.886056647693163,6.113943352306837,,src/data/scPDB 2/3ty3_1/ligand.sdf,src/data/scPDB 2/3ty3_1/site.mol2,bindingdb_scpdb
2onp,,,Ki,=,6201000.0,nM,0.006201000000000001,6201000.0,2.2075382686530496,6.79246173134695,,src/data/scPDB 2/2onp_2/ligand.sdf,src/data/scPDB 2/2onp_2/site.mol2,bindingdb_scpdb
3n83,,,Ki,=,6201000.0,nM,0.006201000000000001,6201000.0,2.2075382686530496,6.79246173134695,,src/data/scPDB 2/3n83_4/ligand.sdf,src/data/scPDB 2/3n83_4/site.mol2,bindingdb_scpdb
3uhm,,,Ki,=,6201000.0,nM,0.006201000000000001,6201000.0,2.2075382686530496,6.79246173134695,,src/data/scPDB 2/3uhm_1/ligand.sdf,src/data/scPDB 2/3uhm_1/site.mol2,bindingdb_scpdb
4gll,,,Ki,=,6201000.0,nM,0.006201000000000001,6201000.0,2.2075382686530496,6.79246173134695,,src/data/scPDB 2/4gll_1/ligand.sdf,src/data/scPDB 2/4gll_1/site.mol2,bindingdb_scpdb
4lja,,,Ki,=,6201000.0,nM,0.006201000000000001,6201000.0,2.2075382686530496,6.79246173134695,,src/data/scPDB 2/4lja_1/ligand.sdf,src/data/scPDB 2/4lja_1/site.mol2,bindingdb_scpdb
2b04,,,Ki,=,7000.0,nM,7.000000000000001e-06,7000.0,5.154901959985743,3.845098040014257,,src/data/scPDB 2/2b04_1/ligand.sdf,src/data/scPDB 2/2b04_1/site.mol2,bindingdb_scpdb
2lfo,,,Ki,=,7000.0,nM,7.000000000000001e-06,7000.0,5.154901959985743,3.845098040014257,,src/data/scPDB 2/2lfo_1/ligand.sdf,src/data/scPDB 2/2lfo_1/site.mol2,bindingdb_scpdb
2mm3,,,Ki,=,7000.0,nM,7.000000000000001e-06,7000.0,5.154901959985743,3.845098040014257,,src/data/scPDB 2/2mm3_1/ligand.sdf,src/data/scPDB 2/2mm3_1/site.mol2,bindingdb_scpdb
1h2b,,,Ki,=,5410.0,nM,5.410000000000001e-06,5410.0,5.266802734893431,3.7331972651065692,,src/data/scPDB 2/1h2b_2/ligand.sdf,src/data/scPDB 2/1h2b_2/site.mol2,bindingdb_scpdb
5kp2,,,Ki,=,5410.0,nM,5.410000000000001e-06,5410.0,5.266802734893431,3.7331972651065692,,src/data/scPDB 2/5kp2_1/ligand.sdf,src/data/scPDB 2/5kp2_1/site.mol2,bindingdb_scpdb
2jjp,,,Ki,=,12800.0,nM,1.2800000000000001e-05,12800.0,4.892790030352131,4.107209969647869,,src/data/scPDB 2/2jjp_1/ligand.sdf,src/data/scPDB 2/2jjp_1/site.mol2,bindingdb_scpdb
3ea4,,,Ki,=,8530.0,nM,8.530000000000001e-06,8530.0,5.069050968832477,3.930949031167523,,src/data/scPDB 2/3ea4_1/ligand.sdf,src/data/scPDB 2/3ea4_1/site.mol2,bindingdb_scpdb
3kvv,,,Ki,=,13000.0,nM,1.3000000000000001e-05,13000.0,4.886056647693163,4.113943352306837,,src/data/scPDB 2/3kvv_9/ligand.sdf,src/data/scPDB 2/3kvv_9/site.mol2,bindingdb_scpdb
3nai,,,Ki,=,13000.0,nM,1.3000000000000001e-05,13000.0,4.886056647693163,4.113943352306837,,src/data/scPDB 2/3nai_1/ligand.sdf,src/data/scPDB 2/3nai_1/site.mol2,bindingdb_scpdb
4ws0,,,Ki,=,13000.0,nM,1.3000000000000001e-05,13000.0,4.886056647693163,4.113943352306837,,src/data/scPDB 2/4ws0_1/ligand.sdf,src/data/scPDB 2/4ws0_1/site.mol2,bindingdb_scpdb
1sqb,,,Ki,=,298.0,nM,2.98e-07,298.0,6.525783735923745,2.4742162640762553,,src/data/scPDB 2/1sqb_1/ligand.sdf,src/data/scPDB 2/1sqb_1/site.mol2,bindingdb_scpdb
4b63,,,Kd,=,250000.0,nM,0.00025,250000.0,3.6020599913279625,5.3979400086720375,,src/data/scPDB 2/4b63_1/ligand.sdf,src/data/scPDB 2/4b63_1/site.mol2,bindingdb_scpdb
4b67,,,Kd,=,250000.0,nM,0.00025,250000.0,3.6020599913279625,5.3979400086720375,,src/data/scPDB 2/4b67_1/ligand.sdf,src/data/scPDB 2/4b67_1/site.mol2,bindingdb_scpdb
4nzh,,,Kd,=,250000.0,nM,0.00025,250000.0,3.6020599913279625,5.3979400086720375,,src/data/scPDB 2/4nzh_1/ligand.sdf,src/data/scPDB 2/4nzh_1/site.mol2,bindingdb_scpdb
4tlx,,,Kd,=,250000.0,nM,0.00025,250000.0,3.6020599913279625,5.3979400086720375,,src/data/scPDB 2/4tlx_2/ligand.sdf,src/data/scPDB 2/4tlx_2/site.mol2,bindingdb_scpdb
4tlz,,,Kd,=,250000.0,nM,0.00025,250000.0,3.6020599913279625,5.3979400086720375,,src/data/scPDB 2/4tlz_4/ligand.sdf,src/data/scPDB 2/4tlz_4/site.mol2,bindingdb_scpdb
5cku,,,Kd,=,250000.0,nM,0.00025,250000.0,3.6020599913279625,5.3979400086720375,,src/data/scPDB 2/5cku_1/ligand.sdf,src/data/scPDB 2/5cku_1/site.mol2,bindingdb_scpdb
4bgi,,,Ki,=,71000.0,nM,7.1e-05,71000.0,4.1487416512809245,4.8512583487190755,,src/data/scPDB 2/4bgi_5/ligand.sdf,src/data/scPDB 2/4bgi_5/site.mol2,bindingdb_scpdb
1z44,,,Kd,=,123000.0,nM,0.000123,123000.0,3.910094888560602,5.089905111439398,,src/data/scPDB 2/1z44_3/ligand.sdf,src/data/scPDB 2/1z44_3/site.mol2,bindingdb_scpdb
2zvp,,,Kd,=,123000.0,nM,0.000123,123000.0,3.910094888560602,5.089905111439398,,src/data/scPDB 2/2zvp_2/ligand.sdf,src/data/scPDB 2/2zvp_2/site.mol2,bindingdb_scpdb
2zyv,,,Kd,=,123000.0,nM,0.000123,123000.0,3.910094888560602,5.089905111439398,,src/data/scPDB 2/2zyv_3/ligand.sdf,src/data/scPDB 2/2zyv_3/site.mol2,bindingdb_scpdb
2zyw,,,Kd,=,123000.0,nM,0.000123,123000.0,3.910094888560602,5.089905111439398,,src/data/scPDB 2/2zyw_2/ligand.sdf,src/data/scPDB 2/2zyw_2/site.mol2,bindingdb_scpdb
3q3n,,,Kd,=,123000.0,nM,0.000123,123000.0,3.910094888560602,5.089905111439398,,src/data/scPDB 2/3q3n_2/ligand.sdf,src/data/scPDB 2/3q3n_2/site.mol2,bindingdb_scpdb
5bxj,,,Kd,=,123000.0,nM,0.000123,123000.0,3.910094888560602,5.089905111439398,,src/data/scPDB 2/5bxj_1/ligand.sdf,src/data/scPDB 2/5bxj_1/site.mol2,bindingdb_scpdb
2jpr,,,Kd,=,800000.0,nM,0.0008,800000.0,3.0969100130080562,5.903089986991944,,src/data/scPDB 2/2jpr_1/ligand.sdf,src/data/scPDB 2/2jpr_1/site.mol2,bindingdb_scpdb
1xrp,,,Ki,=,86000.0,nM,8.6e-05,86000.0,4.0655015487564325,4.9344984512435675,,src/data/scPDB 2/1xrp_1/ligand.sdf,src/data/scPDB 2/1xrp_1/site.mol2,bindingdb_scpdb
2fzn,,,Ki,=,86000.0,nM,8.6e-05,86000.0,4.0655015487564325,4.9344984512435675,,src/data/scPDB 2/2fzn_1/ligand.sdf,src/data/scPDB 2/2fzn_1/site.mol2,bindingdb_scpdb
3axb,,,Ki,=,86000.0,nM,8.6e-05,86000.0,4.0655015487564325,4.9344984512435675,,src/data/scPDB 2/3axb_1/ligand.sdf,src/data/scPDB 2/3axb_1/site.mol2,bindingdb_scpdb
3e2s,,,Ki,=,86000.0,nM,8.6e-05,86000.0,4.0655015487564325,4.9344984512435675,,src/data/scPDB 2/3e2s_1/ligand.sdf,src/data/scPDB 2/3e2s_1/site.mol2,bindingdb_scpdb
3kig,,,Ki,=,66.0,nM,6.600000000000001e-08,66.0,7.180456064458131,1.8195439355418688,,src/data/scPDB 2/3kig_1/ligand.sdf,src/data/scPDB 2/3kig_1/site.mol2,bindingdb_scpdb
1ism,,,Ki,=,8000000.0,nM,0.008,8000000.0,2.0969100130080562,6.903089986991944,,src/data/scPDB 2/1ism_1/ligand.sdf,src/data/scPDB 2/1ism_1/site.mol2,bindingdb_scpdb
2h4j,,,Ki,=,8000000.0,nM,0.008,8000000.0,2.0969100130080562,6.903089986991944,,src/data/scPDB 2/2h4j_1/ligand.sdf,src/data/scPDB 2/2h4j_1/site.mol2,bindingdb_scpdb
2z77,,,Ki,=,8000000.0,nM,0.008,8000000.0,2.0969100130080562,6.903089986991944,,src/data/scPDB 2/2z77_2/ligand.sdf,src/data/scPDB 2/2z77_2/site.mol2,bindingdb_scpdb
2zb7,,,Ki,=,8000000.0,nM,0.008,8000000.0,2.0969100130080562,6.903089986991944,,src/data/scPDB 2/2zb7_1/ligand.sdf,src/data/scPDB 2/2zb7_1/site.mol2,bindingdb_scpdb
3i9j,,,Ki,=,8000000.0,nM,0.008,8000000.0,2.0969100130080562,6.903089986991944,,src/data/scPDB 2/3i9j_1/ligand.sdf,src/data/scPDB 2/3i9j_1/site.mol2,bindingdb_scpdb
4a3u,,,Ki,=,8000000.0,nM,0.008,8000000.0,2.0969100130080562,6.903089986991944,,src/data/scPDB 2/4a3u_1/ligand.sdf,src/data/scPDB 2/4a3u_1/site.mol2,bindingdb_scpdb
4aoj,,,Kd,=,0.204,nM,2.04e-10,0.204,9.6903698325741,-0.6903698325741012,,src/data/scPDB 2/4aoj_3/ligand.sdf,src/data/scPDB 2/4aoj_3/site.mol2,bindingdb_scpdb
4nvq,,,Kd,=,393.0,nM,3.9300000000000004e-07,393.0,6.405607449624574,2.5943925503754266,,src/data/scPDB 2/4nvq_2/ligand.sdf,src/data/scPDB 2/4nvq_2/site.mol2,bindingdb_scpdb
3qwi,,,Ki,=,7670.0,nM,7.670000000000001e-06,7670.0,5.115204636051018,3.884795363948981,,src/data/scPDB 2/3qwi_2/ligand.sdf,src/data/scPDB 2/3qwi_2/site.mol2,bindingdb_scpdb
4fiz,,,Ki,=,7670.0,nM,7.670000000000001e-06,7670.0,5.115204636051018,3.884795363948981,,src/data/scPDB 2/4fiz_1/ligand.sdf,src/data/scPDB 2/4fiz_1/site.mol2,bindingdb_scpdb
3q9y,,,Ki,=,60.0,nM,6.000000000000001e-08,60.0,7.221848749616356,1.7781512503836436,,src/data/scPDB 2/3q9y_1/ligand.sdf,src/data/scPDB 2/3q9y_1/site.mol2,bindingdb_scpdb
3q9z,,,Ki,=,60.0,nM,6.000000000000001e-08,60.0,7.221848749616356,1.7781512503836436,,src/data/scPDB 2/3q9z_1/ligand.sdf,src/data/scPDB 2/3q9z_1/site.mol2,bindingdb_scpdb
4l8m,,,Kd,=,17.0,nM,1.7e-08,17.0,7.769551078621726,1.2304489213782739,,src/data/scPDB 2/4l8m_1/ligand.sdf,src/data/scPDB 2/4l8m_1/site.mol2,bindingdb_scpdb
3anp,,,Ki,=,2170.0,nM,2.17e-06,2170.0,5.66354026615147,3.3364597338485296,,src/data/scPDB 2/3anp_1/ligand.sdf,src/data/scPDB 2/3anp_1/site.mol2,bindingdb_scpdb
4ku5,,,Ki,=,2170.0,nM,2.17e-06,2170.0,5.66354026615147,3.3364597338485296,,src/data/scPDB 2/4ku5_1/ligand.sdf,src/data/scPDB 2/4ku5_1/site.mol2,bindingdb_scpdb
1e7c,,,Ki,=,2640.0,nM,2.64e-06,2640.0,5.578396073130168,3.4216039268698313,,src/data/scPDB 2/1e7c_5/ligand.sdf,src/data/scPDB 2/1e7c_5/site.mol2,bindingdb_scpdb
1hbk,,,Ki,=,2640.0,nM,2.64e-06,2640.0,5.578396073130168,3.4216039268698313,,src/data/scPDB 2/1hbk_1/ligand.sdf,src/data/scPDB 2/1hbk_1/site.mol2,bindingdb_scpdb
1qju,,,Ki,=,2640.0,nM,2.64e-06,2640.0,5.578396073130168,3.4216039268698313,,src/data/scPDB 2/1qju_1/ligand.sdf,src/data/scPDB 2/1qju_1/site.mol2,bindingdb_scpdb
1qjx,,,Ki,=,2640.0,nM,2.64e-06,2640.0,5.578396073130168,3.4216039268698313,,src/data/scPDB 2/1qjx_1/ligand.sdf,src/data/scPDB 2/1qjx_1/site.mol2,bindingdb_scpdb
1qjy,,,Ki,=,2640.0,nM,2.64e-06,2640.0,5.578396073130168,3.4216039268698313,,src/data/scPDB 2/1qjy_1/ligand.sdf,src/data/scPDB 2/1qjy_1/site.mol2,bindingdb_scpdb
2bxi,,,Ki,=,2640.0,nM,2.64e-06,2640.0,5.578396073130168,3.4216039268698313,,src/data/scPDB 2/2bxi_1/ligand.sdf,src/data/scPDB 2/2bxi_1/site.mol2,bindingdb_scpdb
2bxo,,,Ki,=,2640.0,nM,2.64e-06,2640.0,5.578396073130168,3.4216039268698313,,src/data/scPDB 2/2bxo_1/ligand.sdf,src/data/scPDB 2/2bxo_1/site.mol2,bindingdb_scpdb
2xvw,,,Ki,=,2640.0,nM,2.64e-06,2640.0,5.578396073130168,3.4216039268698313,,src/data/scPDB 2/2xvw_2/ligand.sdf,src/data/scPDB 2/2xvw_2/site.mol2,bindingdb_scpdb
4ku3,,,Ki,=,2640.0,nM,2.64e-06,2640.0,5.578396073130168,3.4216039268698313,,src/data/scPDB 2/4ku3_1/ligand.sdf,src/data/scPDB 2/4ku3_1/site.mol2,bindingdb_scpdb
4l8u,,,Ki,=,2640.0,nM,2.64e-06,2640.0,5.578396073130168,3.4216039268698313,,src/data/scPDB 2/4l8u_1/ligand.sdf,src/data/scPDB 2/4l8u_1/site.mol2,bindingdb_scpdb
4x6r,,,Ki,=,2640.0,nM,2.64e-06,2640.0,5.578396073130168,3.4216039268698313,,src/data/scPDB 2/4x6r_1/ligand.sdf,src/data/scPDB 2/4x6r_1/site.mol2,bindingdb_scpdb
4qxp,,,Kd,=,130.0,nM,1.3e-07,130.0,6.886056647693163,2.113943352306837,,src/data/scPDB 2/4qxp_2/ligand.sdf,src/data/scPDB 2/4qxp_2/site.mol2,bindingdb_scpdb
4jc5,,,Kd,=,3300.0,nM,3.3e-06,3300.0,5.481486060122112,3.5185139398778875,,src/data/scPDB 2/4jc5_1/ligand.sdf,src/data/scPDB 2/4jc5_1/site.mol2,bindingdb_scpdb
4hxy,,,Kd,=,9000.0,nM,9e-06,9000.0,5.045757490560675,3.9542425094393248,,src/data/scPDB 2/4hxy_2/ligand.sdf,src/data/scPDB 2/4hxy_2/site.mol2,bindingdb_scpdb
4im0,,,Kd,=,79.0,nM,7.9e-08,79.0,7.102372908709558,1.8976270912904414,,src/data/scPDB 2/4im0_1/ligand.sdf,src/data/scPDB 2/4im0_1/site.mol2,bindingdb_scpdb
4iwq,,,Kd,=,79.0,nM,7.9e-08,79.0,7.102372908709558,1.8976270912904414,,src/data/scPDB 2/4iwq_1/ligand.sdf,src/data/scPDB 2/4iwq_1/site.mol2,bindingdb_scpdb
3vw9,,,Ki,=,11.0,nM,1.1000000000000001e-08,11.0,7.958607314841775,1.0413926851582251,,src/data/scPDB 2/3vw9_1/ligand.sdf,src/data/scPDB 2/3vw9_1/site.mol2,bindingdb_scpdb
4ksp,,,Kd,=,480.0,nM,4.800000000000001e-07,480.0,6.318758762624412,2.681241237375587,,src/data/scPDB 2/4ksp_2/ligand.sdf,src/data/scPDB 2/4ksp_2/site.mol2,bindingdb_scpdb
4gv7,,,Ki,=,990000.0,nM,0.00099,990000.0,3.0043648054024503,5.99563519459755,,src/data/scPDB 2/4gv7_2/ligand.sdf,src/data/scPDB 2/4gv7_2/site.mol2,bindingdb_scpdb
3f9m,,,Kd,=,360.0,nM,3.6000000000000005e-07,360.0,6.443697499232712,2.5563025007672873,,src/data/scPDB 2/3f9m_1/ligand.sdf,src/data/scPDB 2/3f9m_1/site.mol2,bindingdb_scpdb
4fr8,,,Ki,=,6470000.0,nM,0.00647,6470000.0,2.1890957193312994,6.810904280668701,,src/data/scPDB 2/4fr8_2/ligand.sdf,src/data/scPDB 2/4fr8_2/site.mol2,bindingdb_scpdb
5aun,,,Ki,=,6470000.0,nM,0.00647,6470000.0,2.1890957193312994,6.810904280668701,,src/data/scPDB 2/5aun_1/ligand.sdf,src/data/scPDB 2/5aun_1/site.mol2,bindingdb_scpdb
2ozr,,,Ki,=,96000.0,nM,9.6e-05,96000.0,4.017728766960432,4.982271233039568,,src/data/scPDB 2/2ozr_7/ligand.sdf,src/data/scPDB 2/2ozr_7/site.mol2,bindingdb_scpdb
3kec,,,Ki,=,96000.0,nM,9.6e-05,96000.0,4.017728766960432,4.982271233039568,,src/data/scPDB 2/3kec_1/ligand.sdf,src/data/scPDB 2/3kec_1/site.mol2,bindingdb_scpdb
4a7b,,,Ki,=,96000.0,nM,9.6e-05,96000.0,4.017728766960432,4.982271233039568,,src/data/scPDB 2/4a7b_2/ligand.sdf,src/data/scPDB 2/4a7b_2/site.mol2,bindingdb_scpdb
2ziq,,,Ki,=,1000.0,nM,1.0000000000000002e-06,1000.0,6.0,3.0,,src/data/scPDB 2/2ziq_1/ligand.sdf,src/data/scPDB 2/2ziq_1/site.mol2,bindingdb_scpdb
3q7d,,,Ki,=,3400000.0,nM,0.0034000000000000002,3400000.0,2.4685210829577446,6.531478917042255,,src/data/scPDB 2/3q7d_1/ligand.sdf,src/data/scPDB 2/3q7d_1/site.mol2,bindingdb_scpdb
3ufy,,,Ki,=,3400000.0,nM,0.0034000000000000002,3400000.0,2.4685210829577446,6.531478917042255,,src/data/scPDB 2/3ufy_1/ligand.sdf,src/data/scPDB 2/3ufy_1/site.mol2,bindingdb_scpdb
4l3j,,,Ki,=,20.0,nM,2e-08,20.0,7.698970004336019,1.3010299956639813,,src/data/scPDB 2/4l3j_1/ligand.sdf,src/data/scPDB 2/4l3j_1/site.mol2,bindingdb_scpdb
4l3l,,,Ki,=,20.0,nM,2e-08,20.0,7.698970004336019,1.3010299956639813,,src/data/scPDB 2/4l3l_1/ligand.sdf,src/data/scPDB 2/4l3l_1/site.mol2,bindingdb_scpdb
4l42,,,Ki,=,20.0,nM,2e-08,20.0,7.698970004336019,1.3010299956639813,,src/data/scPDB 2/4l42_1/ligand.sdf,src/data/scPDB 2/4l42_1/site.mol2,bindingdb_scpdb
4l43,,,Ki,=,20.0,nM,2e-08,20.0,7.698970004336019,1.3010299956639813,,src/data/scPDB 2/4l43_1/ligand.sdf,src/data/scPDB 2/4l43_1/site.mol2,bindingdb_scpdb
4l44,,,Ki,=,20.0,nM,2e-08,20.0,7.698970004336019,1.3010299956639813,,src/data/scPDB 2/4l44_1/ligand.sdf,src/data/scPDB 2/4l44_1/site.mol2,bindingdb_scpdb
1kgi,,,Kd,=,110.0,nM,1.1e-07,110.0,6.958607314841775,2.041392685158225,,src/data/scPDB 2/1kgi_2/ligand.sdf,src/data/scPDB 2/1kgi_2/site.mol2,bindingdb_scpdb
1nq1,,,Kd,=,200.0,nM,2.0000000000000002e-07,200.0,6.698970004336019,2.3010299956639813,,src/data/scPDB 2/1nq1_1/ligand.sdf,src/data/scPDB 2/1nq1_1/site.mol2,bindingdb_scpdb
3d57,,,Kd,=,200.0,nM,2.0000000000000002e-07,200.0,6.698970004336019,2.3010299956639813,,src/data/scPDB 2/3d57_1/ligand.sdf,src/data/scPDB 2/3d57_1/site.mol2,bindingdb_scpdb
4ddr,,,Ki,=,2800.0,nM,2.8000000000000003e-06,2800.0,5.552841968657781,3.4471580313422194,,src/data/scPDB 2/4ddr_1/ligand.sdf,src/data/scPDB 2/4ddr_1/site.mol2,bindingdb_scpdb
1r09,,,Ki,=,5700000.0,nM,0.0057,5700000.0,2.2441251443275085,6.7558748556724915,,src/data/scPDB 2/1r09_1/ligand.sdf,src/data/scPDB 2/1r09_1/site.mol2,bindingdb_scpdb
1rpz,,,Ki,=,5700000.0,nM,0.0057,5700000.0,2.2441251443275085,6.7558748556724915,,src/data/scPDB 2/1rpz_1/ligand.sdf,src/data/scPDB 2/1rpz_1/site.mol2,bindingdb_scpdb
1wbv,,,Ki,=,5700000.0,nM,0.0057,5700000.0,2.2441251443275085,6.7558748556724915,,src/data/scPDB 2/1wbv_1/ligand.sdf,src/data/scPDB 2/1wbv_1/site.mol2,bindingdb_scpdb
2icy,,,Ki,=,5700000.0,nM,0.0057,5700000.0,2.2441251443275085,6.7558748556724915,,src/data/scPDB 2/2icy_1/ligand.sdf,src/data/scPDB 2/2icy_1/site.mol2,bindingdb_scpdb
2jhf,,,Ki,=,5700000.0,nM,0.0057,5700000.0,2.2441251443275085,6.7558748556724915,,src/data/scPDB 2/2jhf_1/ligand.sdf,src/data/scPDB 2/2jhf_1/site.mol2,bindingdb_scpdb
2ohx,,,Ki,=,5700000.0,nM,0.0057,5700000.0,2.2441251443275085,6.7558748556724915,,src/data/scPDB 2/2ohx_1/ligand.sdf,src/data/scPDB 2/2ohx_1/site.mol2,bindingdb_scpdb
2oxi,,,Ki,=,5700000.0,nM,0.0057,5700000.0,2.2441251443275085,6.7558748556724915,,src/data/scPDB 2/2oxi_2/ligand.sdf,src/data/scPDB 2/2oxi_2/site.mol2,bindingdb_scpdb
2wi2,,,Ki,=,5700000.0,nM,0.0057,5700000.0,2.2441251443275085,6.7558748556724915,,src/data/scPDB 2/2wi2_1/ligand.sdf,src/data/scPDB 2/2wi2_1/site.mol2,bindingdb_scpdb
2xiy,,,Ki,=,5700000.0,nM,0.0057,5700000.0,2.2441251443275085,6.7558748556724915,,src/data/scPDB 2/2xiy_1/ligand.sdf,src/data/scPDB 2/2xiy_1/site.mol2,bindingdb_scpdb
2y1o,,,Ki,=,5700000.0,nM,0.0057,5700000.0,2.2441251443275085,6.7558748556724915,,src/data/scPDB 2/2y1o_1/ligand.sdf,src/data/scPDB 2/2y1o_1/site.mol2,bindingdb_scpdb
2y66,,,Ki,=,5700000.0,nM,0.0057,5700000.0,2.2441251443275085,6.7558748556724915,,src/data/scPDB 2/2y66_1/ligand.sdf,src/data/scPDB 2/2y66_1/site.mol2,bindingdb_scpdb
2ync,,,Ki,=,5700000.0,nM,0.0057,5700000.0,2.2441251443275085,6.7558748556724915,,src/data/scPDB 2/2ync_1/ligand.sdf,src/data/scPDB 2/2ync_1/site.mol2,bindingdb_scpdb
3bc4,,,Ki,=,5700000.0,nM,0.0057,5700000.0,2.2441251443275085,6.7558748556724915,,src/data/scPDB 2/3bc4_1/ligand.sdf,src/data/scPDB 2/3bc4_1/site.mol2,bindingdb_scpdb
3f2p,,,Ki,=,5700000.0,nM,0.0057,5700000.0,2.2441251443275085,6.7558748556724915,,src/data/scPDB 2/3f2p_1/ligand.sdf,src/data/scPDB 2/3f2p_1/site.mol2,bindingdb_scpdb
3fnq,,,Ki,=,5700000.0,nM,0.0057,5700000.0,2.2441251443275085,6.7558748556724915,,src/data/scPDB 2/3fnq_1/ligand.sdf,src/data/scPDB 2/3fnq_1/site.mol2,bindingdb_scpdb
3fv4,,,Ki,=,5700000.0,nM,0.0057,5700000.0,2.2441251443275085,6.7558748556724915,,src/data/scPDB 2/3fv4_1/ligand.sdf,src/data/scPDB 2/3fv4_1/site.mol2,bindingdb_scpdb
3g70,,,Ki,=,5700000.0,nM,0.0057,5700000.0,2.2441251443275085,6.7558748556724915,,src/data/scPDB 2/3g70_1/ligand.sdf,src/data/scPDB 2/3g70_1/site.mol2,bindingdb_scpdb
3g72,,,Ki,=,5700000.0,nM,0.0057,5700000.0,2.2441251443275085,6.7558748556724915,,src/data/scPDB 2/3g72_1/ligand.sdf,src/data/scPDB 2/3g72_1/site.mol2,bindingdb_scpdb
3inw,,,Ki,=,5700000.0,nM,0.0057,5700000.0,2.2441251443275085,6.7558748556724915,,src/data/scPDB 2/3inw_1/ligand.sdf,src/data/scPDB 2/3inw_1/site.mol2,bindingdb_scpdb
3inx,,,Ki,=,5700000.0,nM,0.0057,5700000.0,2.2441251443275085,6.7558748556724915,,src/data/scPDB 2/3inx_1/ligand.sdf,src/data/scPDB 2/3inx_1/site.mol2,bindingdb_scpdb
3m2n,,,Ki,=,5700000.0,nM,0.0057,5700000.0,2.2441251443275085,6.7558748556724915,,src/data/scPDB 2/3m2n_1/ligand.sdf,src/data/scPDB 2/3m2n_1/site.mol2,bindingdb_scpdb
3p5a,,,Ki,=,5700000.0,nM,0.0057,5700000.0,2.2441251443275085,6.7558748556724915,,src/data/scPDB 2/3p5a_1/ligand.sdf,src/data/scPDB 2/3p5a_1/site.mol2,bindingdb_scpdb
3pbz,,,Ki,=,5700000.0,nM,0.0057,5700000.0,2.2441251443275085,6.7558748556724915,,src/data/scPDB 2/3pbz_1/ligand.sdf,src/data/scPDB 2/3pbz_1/site.mol2,bindingdb_scpdb
3pcz,,,Ki,=,5700000.0,nM,0.0057,5700000.0,2.2441251443275085,6.7558748556724915,,src/data/scPDB 2/3pcz_1/ligand.sdf,src/data/scPDB 2/3pcz_1/site.mol2,bindingdb_scpdb
3psy,,,Ki,=,5700000.0,nM,0.0057,5700000.0,2.2441251443275085,6.7558748556724915,,src/data/scPDB 2/3psy_1/ligand.sdf,src/data/scPDB 2/3psy_1/site.mol2,bindingdb_scpdb
3q9b,,,Ki,=,5700000.0,nM,0.0057,5700000.0,2.2441251443275085,6.7558748556724915,,src/data/scPDB 2/3q9b_2/ligand.sdf,src/data/scPDB 2/3q9b_2/site.mol2,bindingdb_scpdb
3qpp,,,Ki,=,5700000.0,nM,0.0057,5700000.0,2.2441251443275085,6.7558748556724915,,src/data/scPDB 2/3qpp_1/ligand.sdf,src/data/scPDB 2/3qpp_1/site.mol2,bindingdb_scpdb
3qyk,,,Ki,=,5700000.0,nM,0.0057,5700000.0,2.2441251443275085,6.7558748556724915,,src/data/scPDB 2/3qyk_1/ligand.sdf,src/data/scPDB 2/3qyk_1/site.mol2,bindingdb_scpdb
3qyw,,,Ki,=,5700000.0,nM,0.0057,5700000.0,2.2441251443275085,6.7558748556724915,,src/data/scPDB 2/3qyw_1/ligand.sdf,src/data/scPDB 2/3qyw_1/site.mol2,bindingdb_scpdb
3sl4,,,Ki,=,5700000.0,nM,0.0057,5700000.0,2.2441251443275085,6.7558748556724915,,src/data/scPDB 2/3sl4_4/ligand.sdf,src/data/scPDB 2/3sl4_4/site.mol2,bindingdb_scpdb
3t7p,,,Ki,=,5700000.0,nM,0.0057,5700000.0,2.2441251443275085,6.7558748556724915,,src/data/scPDB 2/3t7p_1/ligand.sdf,src/data/scPDB 2/3t7p_1/site.mol2,bindingdb_scpdb
3t87,,,Ki,=,5700000.0,nM,0.0057,5700000.0,2.2441251443275085,6.7558748556724915,,src/data/scPDB 2/3t87_1/ligand.sdf,src/data/scPDB 2/3t87_1/site.mol2,bindingdb_scpdb
3t8c,,,Ki,=,5700000.0,nM,0.0057,5700000.0,2.2441251443275085,6.7558748556724915,,src/data/scPDB 2/3t8c_1/ligand.sdf,src/data/scPDB 2/3t8c_1/site.mol2,bindingdb_scpdb
3t8d,,,Ki,=,5700000.0,nM,0.0057,5700000.0,2.2441251443275085,6.7558748556724915,,src/data/scPDB 2/3t8d_1/ligand.sdf,src/data/scPDB 2/3t8d_1/site.mol2,bindingdb_scpdb
3tof,,,Ki,=,5700000.0,nM,0.0057,5700000.0,2.2441251443275085,6.7558748556724915,,src/data/scPDB 2/3tof_1/ligand.sdf,src/data/scPDB 2/3tof_1/site.mol2,bindingdb_scpdb
3tog,,,Ki,=,5700000.0,nM,0.0057,5700000.0,2.2441251443275085,6.7558748556724915,,src/data/scPDB 2/3tog_2/ligand.sdf,src/data/scPDB 2/3tog_2/site.mol2,bindingdb_scpdb
3toh,,,Ki,=,5700000.0,nM,0.0057,5700000.0,2.2441251443275085,6.7558748556724915,,src/data/scPDB 2/3toh_1/ligand.sdf,src/data/scPDB 2/3toh_1/site.mol2,bindingdb_scpdb
3vxj,,,Ki,=,5700000.0,nM,0.0057,5700000.0,2.2441251443275085,6.7558748556724915,,src/data/scPDB 2/3vxj_1/ligand.sdf,src/data/scPDB 2/3vxj_1/site.mol2,bindingdb_scpdb
3zl6,,,Ki,=,5700000.0,nM,0.0057,5700000.0,2.2441251443275085,6.7558748556724915,,src/data/scPDB 2/3zl6_2/ligand.sdf,src/data/scPDB 2/3zl6_2/site.mol2,bindingdb_scpdb
3zov,,,Ki,=,5700000.0,nM,0.0057,5700000.0,2.2441251443275085,6.7558748556724915,,src/data/scPDB 2/3zov_1/ligand.sdf,src/data/scPDB 2/3zov_1/site.mol2,bindingdb_scpdb
4a06,,,Ki,=,5700000.0,nM,0.0057,5700000.0,2.2441251443275085,6.7558748556724915,,src/data/scPDB 2/4a06_2/ligand.sdf,src/data/scPDB 2/4a06_2/site.mol2,bindingdb_scpdb
4a9n,,,Ki,=,5700000.0,nM,0.0057,5700000.0,2.2441251443275085,6.7558748556724915,,src/data/scPDB 2/4a9n_2/ligand.sdf,src/data/scPDB 2/4a9n_2/site.mol2,bindingdb_scpdb
4akn,,,Ki,=,5700000.0,nM,0.0057,5700000.0,2.2441251443275085,6.7558748556724915,,src/data/scPDB 2/4akn_2/ligand.sdf,src/data/scPDB 2/4akn_2/site.mol2,bindingdb_scpdb
4aw0,,,Ki,=,5700000.0,nM,0.0057,5700000.0,2.2441251443275085,6.7558748556724915,,src/data/scPDB 2/4aw0_2/ligand.sdf,src/data/scPDB 2/4aw0_2/site.mol2,bindingdb_scpdb
4aw1,,,Ki,=,5700000.0,nM,0.0057,5700000.0,2.2441251443275085,6.7558748556724915,,src/data/scPDB 2/4aw1_2/ligand.sdf,src/data/scPDB 2/4aw1_2/site.mol2,bindingdb_scpdb
4b10,,,Ki,=,5700000.0,nM,0.0057,5700000.0,2.2441251443275085,6.7558748556724915,,src/data/scPDB 2/4b10_3/ligand.sdf,src/data/scPDB 2/4b10_3/site.mol2,bindingdb_scpdb
4b11,,,Ki,=,5700000.0,nM,0.0057,5700000.0,2.2441251443275085,6.7558748556724915,,src/data/scPDB 2/4b11_6/ligand.sdf,src/data/scPDB 2/4b11_6/site.mol2,bindingdb_scpdb
4b12,,,Ki,=,5700000.0,nM,0.0057,5700000.0,2.2441251443275085,6.7558748556724915,,src/data/scPDB 2/4b12_4/ligand.sdf,src/data/scPDB 2/4b12_4/site.mol2,bindingdb_scpdb
4b14,,,Ki,=,5700000.0,nM,0.0057,5700000.0,2.2441251443275085,6.7558748556724915,,src/data/scPDB 2/4b14_2/ligand.sdf,src/data/scPDB 2/4b14_2/site.mol2,bindingdb_scpdb
4b77,,,Ki,=,5700000.0,nM,0.0057,5700000.0,2.2441251443275085,6.7558748556724915,,src/data/scPDB 2/4b77_1/ligand.sdf,src/data/scPDB 2/4b77_1/site.mol2,bindingdb_scpdb
4bek,,,Ki,=,5700000.0,nM,0.0057,5700000.0,2.2441251443275085,6.7558748556724915,,src/data/scPDB 2/4bek_1/ligand.sdf,src/data/scPDB 2/4bek_1/site.mol2,bindingdb_scpdb
4bfd,,,Ki,=,5700000.0,nM,0.0057,5700000.0,2.2441251443275085,6.7558748556724915,,src/data/scPDB 2/4bfd_1/ligand.sdf,src/data/scPDB 2/4bfd_1/site.mol2,bindingdb_scpdb
4c68,,,Ki,=,5700000.0,nM,0.0057,5700000.0,2.2441251443275085,6.7558748556724915,,src/data/scPDB 2/4c68_3/ligand.sdf,src/data/scPDB 2/4c68_3/site.mol2,bindingdb_scpdb
4ceq,,,Ki,=,5700000.0,nM,0.0057,5700000.0,2.2441251443275085,6.7558748556724915,,src/data/scPDB 2/4ceq_2/ligand.sdf,src/data/scPDB 2/4ceq_2/site.mol2,bindingdb_scpdb
4cjf,,,Ki,=,5700000.0,nM,0.0057,5700000.0,2.2441251443275085,6.7558748556724915,,src/data/scPDB 2/4cjf_1/ligand.sdf,src/data/scPDB 2/4cjf_1/site.mol2,bindingdb_scpdb
4ct1,,,Ki,=,5700000.0,nM,0.0057,5700000.0,2.2441251443275085,6.7558748556724915,,src/data/scPDB 2/4ct1_1/ligand.sdf,src/data/scPDB 2/4ct1_1/site.mol2,bindingdb_scpdb
4ctk,,,Ki,=,5700000.0,nM,0.0057,5700000.0,2.2441251443275085,6.7558748556724915,,src/data/scPDB 2/4ctk_1/ligand.sdf,src/data/scPDB 2/4ctk_1/site.mol2,bindingdb_scpdb
4d4s,,,Ki,=,5700000.0,nM,0.0057,5700000.0,2.2441251443275085,6.7558748556724915,,src/data/scPDB 2/4d4s_1/ligand.sdf,src/data/scPDB 2/4d4s_1/site.mol2,bindingdb_scpdb
4dz7,,,Ki,=,5700000.0,nM,0.0057,5700000.0,2.2441251443275085,6.7558748556724915,,src/data/scPDB 2/4dz7_1/ligand.sdf,src/data/scPDB 2/4dz7_1/site.mol2,bindingdb_scpdb
4fpy,,,Ki,=,5700000.0,nM,0.0057,5700000.0,2.2441251443275085,6.7558748556724915,,src/data/scPDB 2/4fpy_1/ligand.sdf,src/data/scPDB 2/4fpy_1/site.mol2,bindingdb_scpdb
4fri,,,Ki,=,5700000.0,nM,0.0057,5700000.0,2.2441251443275085,6.7558748556724915,,src/data/scPDB 2/4fri_1/ligand.sdf,src/data/scPDB 2/4fri_1/site.mol2,bindingdb_scpdb
4frj,,,Ki,=,5700000.0,nM,0.0057,5700000.0,2.2441251443275085,6.7558748556724915,,src/data/scPDB 2/4frj_1/ligand.sdf,src/data/scPDB 2/4frj_1/site.mol2,bindingdb_scpdb
4g09,,,Ki,=,5700000.0,nM,0.0057,5700000.0,2.2441251443275085,6.7558748556724915,,src/data/scPDB 2/4g09_1/ligand.sdf,src/data/scPDB 2/4g09_1/site.mol2,bindingdb_scpdb
4gto,,,Ki,=,5700000.0,nM,0.0057,5700000.0,2.2441251443275085,6.7558748556724915,,src/data/scPDB 2/4gto_1/ligand.sdf,src/data/scPDB 2/4gto_1/site.mol2,bindingdb_scpdb
4gtp,,,Ki,=,5700000.0,nM,0.0057,5700000.0,2.2441251443275085,6.7558748556724915,,src/data/scPDB 2/4gtp_1/ligand.sdf,src/data/scPDB 2/4gtp_1/site.mol2,bindingdb_scpdb
4gv4,,,Ki,=,5700000.0,nM,0.0057,5700000.0,2.2441251443275085,6.7558748556724915,,src/data/scPDB 2/4gv4_1/ligand.sdf,src/data/scPDB 2/4gv4_1/site.mol2,bindingdb_scpdb
4h49,,,Ki,=,5700000.0,nM,0.0057,5700000.0,2.2441251443275085,6.7558748556724915,,src/data/scPDB 2/4h49_1/ligand.sdf,src/data/scPDB 2/4h49_1/site.mol2,bindingdb_scpdb
4i03,,,Ki,=,5700000.0,nM,0.0057,5700000.0,2.2441251443275085,6.7558748556724915,,src/data/scPDB 2/4i03_1/ligand.sdf,src/data/scPDB 2/4i03_1/site.mol2,bindingdb_scpdb
4ifv,,,Ki,=,5700000.0,nM,0.0057,5700000.0,2.2441251443275085,6.7558748556724915,,src/data/scPDB 2/4ifv_1/ligand.sdf,src/data/scPDB 2/4ifv_1/site.mol2,bindingdb_scpdb
4ig0,,,Ki,=,5700000.0,nM,0.0057,5700000.0,2.2441251443275085,6.7558748556724915,,src/data/scPDB 2/4ig0_2/ligand.sdf,src/data/scPDB 2/4ig0_2/site.mol2,bindingdb_scpdb
4ito,,,Ki,=,5700000.0,nM,0.0057,5700000.0,2.2441251443275085,6.7558748556724915,,src/data/scPDB 2/4ito_1/ligand.sdf,src/data/scPDB 2/4ito_1/site.mol2,bindingdb_scpdb
4j0p,,,Ki,=,5700000.0,nM,0.0057,5700000.0,2.2441251443275085,6.7558748556724915,,src/data/scPDB 2/4j0p_1/ligand.sdf,src/data/scPDB 2/4j0p_1/site.mol2,bindingdb_scpdb
4j0t,,,Ki,=,5700000.0,nM,0.0057,5700000.0,2.2441251443275085,6.7558748556724915,,src/data/scPDB 2/4j0t_1/ligand.sdf,src/data/scPDB 2/4j0t_1/site.mol2,bindingdb_scpdb
4j0v,,,Ki,=,5700000.0,nM,0.0057,5700000.0,2.2441251443275085,6.7558748556724915,,src/data/scPDB 2/4j0v_1/ligand.sdf,src/data/scPDB 2/4j0v_1/site.mol2,bindingdb_scpdb
4j0y,,,Ki,=,5700000.0,nM,0.0057,5700000.0,2.2441251443275085,6.7558748556724915,,src/data/scPDB 2/4j0y_1/ligand.sdf,src/data/scPDB 2/4j0y_1/site.mol2,bindingdb_scpdb
4j1c,,,Ki,=,5700000.0,nM,0.0057,5700000.0,2.2441251443275085,6.7558748556724915,,src/data/scPDB 2/4j1c_1/ligand.sdf,src/data/scPDB 2/4j1c_1/site.mol2,bindingdb_scpdb
4j1e,,,Ki,=,5700000.0,nM,0.0057,5700000.0,2.2441251443275085,6.7558748556724915,,src/data/scPDB 2/4j1e_1/ligand.sdf,src/data/scPDB 2/4j1e_1/site.mol2,bindingdb_scpdb
4j1h,,,Ki,=,5700000.0,nM,0.0057,5700000.0,2.2441251443275085,6.7558748556724915,,src/data/scPDB 2/4j1h_1/ligand.sdf,src/data/scPDB 2/4j1h_1/site.mol2,bindingdb_scpdb
4j1i,,,Ki,=,5700000.0,nM,0.0057,5700000.0,2.2441251443275085,6.7558748556724915,,src/data/scPDB 2/4j1i_1/ligand.sdf,src/data/scPDB 2/4j1i_1/site.mol2,bindingdb_scpdb
4kfb,,,Ki,=,5700000.0,nM,0.0057,5700000.0,2.2441251443275085,6.7558748556724915,,src/data/scPDB 2/4kfb_2/ligand.sdf,src/data/scPDB 2/4kfb_2/site.mol2,bindingdb_scpdb
4l7g,,,Ki,=,5700000.0,nM,0.0057,5700000.0,2.2441251443275085,6.7558748556724915,,src/data/scPDB 2/4l7g_1/ligand.sdf,src/data/scPDB 2/4l7g_1/site.mol2,bindingdb_scpdb
4l7h,,,Ki,=,5700000.0,nM,0.0057,5700000.0,2.2441251443275085,6.7558748556724915,,src/data/scPDB 2/4l7h_1/ligand.sdf,src/data/scPDB 2/4l7h_1/site.mol2,bindingdb_scpdb
4meo,,,Ki,=,5700000.0,nM,0.0057,5700000.0,2.2441251443275085,6.7558748556724915,,src/data/scPDB 2/4meo_1/ligand.sdf,src/data/scPDB 2/4meo_1/site.mol2,bindingdb_scpdb
4mk7,,,Ki,=,5700000.0,nM,0.0057,5700000.0,2.2441251443275085,6.7558748556724915,,src/data/scPDB 2/4mk7_2/ligand.sdf,src/data/scPDB 2/4mk7_2/site.mol2,bindingdb_scpdb
4mqy,,,Ki,=,5700000.0,nM,0.0057,5700000.0,2.2441251443275085,6.7558748556724915,,src/data/scPDB 2/4mqy_1/ligand.sdf,src/data/scPDB 2/4mqy_1/site.mol2,bindingdb_scpdb
4o95,,,Ki,=,5700000.0,nM,0.0057,5700000.0,2.2441251443275085,6.7558748556724915,,src/data/scPDB 2/4o95_1/ligand.sdf,src/data/scPDB 2/4o95_1/site.mol2,bindingdb_scpdb
4pzr,,,Ki,=,5700000.0,nM,0.0057,5700000.0,2.2441251443275085,6.7558748556724915,,src/data/scPDB 2/4pzr_1/ligand.sdf,src/data/scPDB 2/4pzr_1/site.mol2,bindingdb_scpdb
4pzs,,,Ki,=,5700000.0,nM,0.0057,5700000.0,2.2441251443275085,6.7558748556724915,,src/data/scPDB 2/4pzs_1/ligand.sdf,src/data/scPDB 2/4pzs_1/site.mol2,bindingdb_scpdb
4pzt,,,Ki,=,5700000.0,nM,0.0057,5700000.0,2.2441251443275085,6.7558748556724915,,src/data/scPDB 2/4pzt_1/ligand.sdf,src/data/scPDB 2/4pzt_1/site.mol2,bindingdb_scpdb
1gth,,,Ki,=,212000.0,nM,0.000212,212000.0,3.6736641390712483,5.326335860928752,,src/data/scPDB 2/1gth_9/ligand.sdf,src/data/scPDB 2/1gth_9/site.mol2,bindingdb_scpdb
1ksl,,,Ki,=,212000.0,nM,0.000212,212000.0,3.6736641390712483,5.326335860928752,,src/data/scPDB 2/1ksl_1/ligand.sdf,src/data/scPDB 2/1ksl_1/site.mol2,bindingdb_scpdb
1oe5,,,Ki,=,212000.0,nM,0.000212,212000.0,3.6736641390712483,5.326335860928752,,src/data/scPDB 2/1oe5_1/ligand.sdf,src/data/scPDB 2/1oe5_1/site.mol2,bindingdb_scpdb
1tgy,,,Ki,=,212000.0,nM,0.000212,212000.0,3.6736641390712483,5.326335860928752,,src/data/scPDB 2/1tgy_1/ligand.sdf,src/data/scPDB 2/1tgy_1/site.mol2,bindingdb_scpdb
1y1s,,,Ki,=,212000.0,nM,0.000212,212000.0,3.6736641390712483,5.326335860928752,,src/data/scPDB 2/1y1s_2/ligand.sdf,src/data/scPDB 2/1y1s_2/site.mol2,bindingdb_scpdb
2xrf,,,Ki,=,212000.0,nM,0.000212,212000.0,3.6736641390712483,5.326335860928752,,src/data/scPDB 2/2xrf_1/ligand.sdf,src/data/scPDB 2/2xrf_1/site.mol2,bindingdb_scpdb
3bje,,,Ki,=,212000.0,nM,0.000212,212000.0,3.6736641390712483,5.326335860928752,,src/data/scPDB 2/3bje_1/ligand.sdf,src/data/scPDB 2/3bje_1/site.mol2,bindingdb_scpdb
3qpb,,,Ki,=,212000.0,nM,0.000212,212000.0,3.6736641390712483,5.326335860928752,,src/data/scPDB 2/3qpb_15/ligand.sdf,src/data/scPDB 2/3qpb_15/site.mol2,bindingdb_scpdb
3slf,,,Ki,=,212000.0,nM,0.000212,212000.0,3.6736641390712483,5.326335860928752,,src/data/scPDB 2/3slf_3/ligand.sdf,src/data/scPDB 2/3slf_3/site.mol2,bindingdb_scpdb
1p9l,,,Ki,=,15200.0,nM,1.52e-05,15200.0,4.818156412055227,4.181843587944773,,src/data/scPDB 2/1p9l_1/ligand.sdf,src/data/scPDB 2/1p9l_1/site.mol2,bindingdb_scpdb
3ojo,,,Ki,=,15200.0,nM,1.52e-05,15200.0,4.818156412055227,4.181843587944773,,src/data/scPDB 2/3ojo_2/ligand.sdf,src/data/scPDB 2/3ojo_2/site.mol2,bindingdb_scpdb
4wbo,,,Kd,=,20000.0,nM,2e-05,20000.0,4.698970004336019,4.301029995663981,,src/data/scPDB 2/4wbo_4/ligand.sdf,src/data/scPDB 2/4wbo_4/site.mol2,bindingdb_scpdb
3etd,,,Kd,=,1100.0,nM,1.1e-06,1100.0,5.958607314841775,3.041392685158225,,src/data/scPDB 2/3etd_15/ligand.sdf,src/data/scPDB 2/3etd_15/site.mol2,bindingdb_scpdb
5xr8,,,Ki,=,0.39,nM,3.9000000000000005e-10,0.39,9.4089353929735,-0.4089353929735008,,src/data/scPDB 2/5xr8_1/ligand.sdf,src/data/scPDB 2/5xr8_1/site.mol2,bindingdb_scpdb
4pxz,,,Ki,=,32.0,nM,3.2e-08,32.0,7.494850021680094,1.505149978319906,,src/data/scPDB 2/4pxz_1/ligand.sdf,src/data/scPDB 2/4pxz_1/site.mol2,bindingdb_scpdb
4kw5,,,Kd,=,14200.0,nM,1.4200000000000001e-05,14200.0,4.847711655616943,4.152288344383057,,src/data/scPDB 2/4kw5_3/ligand.sdf,src/data/scPDB 2/4kw5_3/site.mol2,bindingdb_scpdb
3v35,,,Kd,=,85400.0,nM,8.54e-05,85400.0,4.068542129310995,4.931457870689005,,src/data/scPDB 2/3v35_2/ligand.sdf,src/data/scPDB 2/3v35_2/site.mol2,bindingdb_scpdb
3w55,,,Kd,=,3.8,nM,3.8e-09,3.8,8.42021640338319,0.5797835966168101,,src/data/scPDB 2/3w55_1/ligand.sdf,src/data/scPDB 2/3w55_1/site.mol2,bindingdb_scpdb
1cf3,,,Kd,=,2300.0,nM,2.3e-06,2300.0,5.638272163982407,3.361727836017593,,src/data/scPDB 2/1cf3_1/ligand.sdf,src/data/scPDB 2/1cf3_1/site.mol2,bindingdb_scpdb
1gal,,,Kd,=,2300.0,nM,2.3e-06,2300.0,5.638272163982407,3.361727836017593,,src/data/scPDB 2/1gal_1/ligand.sdf,src/data/scPDB 2/1gal_1/site.mol2,bindingdb_scpdb
1gpe,,,Kd,=,2300.0,nM,2.3e-06,2300.0,5.638272163982407,3.361727836017593,,src/data/scPDB 2/1gpe_1/ligand.sdf,src/data/scPDB 2/1gpe_1/site.mol2,bindingdb_scpdb
1h81,,,Kd,=,2300.0,nM,2.3e-06,2300.0,5.638272163982407,3.361727836017593,,src/data/scPDB 2/1h81_2/ligand.sdf,src/data/scPDB 2/1h81_2/site.mol2,bindingdb_scpdb
1nd5,,,Kd,=,2300.0,nM,2.3e-06,2300.0,5.638272163982407,3.361727836017593,,src/data/scPDB 2/1nd5_4/ligand.sdf,src/data/scPDB 2/1nd5_4/site.mol2,bindingdb_scpdb
2c6c,,,Kd,=,2300.0,nM,2.3e-06,2300.0,5.638272163982407,3.361727836017593,,src/data/scPDB 2/2c6c_1/ligand.sdf,src/data/scPDB 2/2c6c_1/site.mol2,bindingdb_scpdb
2dw0,,,Kd,=,2300.0,nM,2.3e-06,2300.0,5.638272163982407,3.361727836017593,,src/data/scPDB 2/2dw0_2/ligand.sdf,src/data/scPDB 2/2dw0_2/site.mol2,bindingdb_scpdb
2wea,,,Kd,=,2300.0,nM,2.3e-06,2300.0,5.638272163982407,3.361727836017593,,src/data/scPDB 2/2wea_1/ligand.sdf,src/data/scPDB 2/2wea_1/site.mol2,bindingdb_scpdb
2x72,,,Kd,=,2300.0,nM,2.3e-06,2300.0,5.638272163982407,3.361727836017593,,src/data/scPDB 2/2x72_1/ligand.sdf,src/data/scPDB 2/2x72_1/site.mol2,bindingdb_scpdb
2x93,,,Kd,=,2300.0,nM,2.3e-06,2300.0,5.638272163982407,3.361727836017593,,src/data/scPDB 2/2x93_1/ligand.sdf,src/data/scPDB 2/2x93_1/site.mol2,bindingdb_scpdb
2x94,,,Kd,=,2300.0,nM,2.3e-06,2300.0,5.638272163982407,3.361727836017593,,src/data/scPDB 2/2x94_1/ligand.sdf,src/data/scPDB 2/2x94_1/site.mol2,bindingdb_scpdb
2y74,,,Kd,=,2300.0,nM,2.3e-06,2300.0,5.638272163982407,3.361727836017593,,src/data/scPDB 2/2y74_1/ligand.sdf,src/data/scPDB 2/2y74_1/site.mol2,bindingdb_scpdb
3evj,,,Kd,=,2300.0,nM,2.3e-06,2300.0,5.638272163982407,3.361727836017593,,src/data/scPDB 2/3evj_1/ligand.sdf,src/data/scPDB 2/3evj_1/site.mol2,bindingdb_scpdb
1s64,,,Ki,=,0.3,nM,3e-10,0.3,9.522878745280337,-0.5228787452803376,,src/data/scPDB 2/1s64_4/ligand.sdf,src/data/scPDB 2/1s64_4/site.mol2,bindingdb_scpdb
1szc,,,Kd,=,7300.0,nM,7.3e-06,7300.0,5.136677139879544,3.863322860120456,,src/data/scPDB 2/1szc_1/ligand.sdf,src/data/scPDB 2/1szc_1/site.mol2,bindingdb_scpdb
4zzj,,,Kd,=,7300.0,nM,7.3e-06,7300.0,5.136677139879544,3.863322860120456,,src/data/scPDB 2/4zzj_1/ligand.sdf,src/data/scPDB 2/4zzj_1/site.mol2,bindingdb_scpdb
1sv5,,,Kd,=,1460.0,nM,1.46e-06,1460.0,5.835647144215563,3.164352855784437,,src/data/scPDB 2/1sv5_1/ligand.sdf,src/data/scPDB 2/1sv5_1/site.mol2,bindingdb_scpdb
3m8p,,,Kd,=,1460.0,nM,1.46e-06,1460.0,5.835647144215563,3.164352855784437,,src/data/scPDB 2/3m8p_1/ligand.sdf,src/data/scPDB 2/3m8p_1/site.mol2,bindingdb_scpdb
3mec,,,Kd,=,1460.0,nM,1.46e-06,1460.0,5.835647144215563,3.164352855784437,,src/data/scPDB 2/3mec_1/ligand.sdf,src/data/scPDB 2/3mec_1/site.mol2,bindingdb_scpdb
3na1,,,Ki,=,130.0,nM,1.3e-07,130.0,6.886056647693163,2.113943352306837,,src/data/scPDB 2/3na1_2/ligand.sdf,src/data/scPDB 2/3na1_2/site.mol2,bindingdb_scpdb
1q4l,,,Kd,=,40.0,nM,4e-08,40.0,7.3979400086720375,1.6020599913279623,,src/data/scPDB 2/1q4l_1/ligand.sdf,src/data/scPDB 2/1q4l_1/site.mol2,bindingdb_scpdb
2qds,,,Ki,=,7900.0,nM,7.9e-06,7900.0,5.102372908709558,3.8976270912904414,,src/data/scPDB 2/2qds_1/ligand.sdf,src/data/scPDB 2/2qds_1/site.mol2,bindingdb_scpdb
2ewp,,,Kd,=,13600.0,nM,1.36e-05,13600.0,4.866461091629782,4.133538908370218,,src/data/scPDB 2/2ewp_4/ligand.sdf,src/data/scPDB 2/2ewp_4/site.mol2,bindingdb_scpdb
4eh6,,,Kd,=,336000.0,nM,0.00033600000000000004,336000.0,3.4736607226101563,5.526339277389844,,src/data/scPDB 2/4eh6_1/ligand.sdf,src/data/scPDB 2/4eh6_1/site.mol2,bindingdb_scpdb
2vss,,,Kd,=,227500.0,nM,0.00022750000000000003,227500.0,3.6430185990068686,5.356981400993131,,src/data/scPDB 2/2vss_2/ligand.sdf,src/data/scPDB 2/2vss_2/site.mol2,bindingdb_scpdb
4rgs,,,Kd,=,227500.0,nM,0.00022750000000000003,227500.0,3.6430185990068686,5.356981400993131,,src/data/scPDB 2/4rgs_1/ligand.sdf,src/data/scPDB 2/4rgs_1/site.mol2,bindingdb_scpdb
2j9m,,,Kd,=,307.0,nM,3.0700000000000004e-07,307.0,6.512861624522813,2.4871383754771865,,src/data/scPDB 2/2j9m_1/ligand.sdf,src/data/scPDB 2/2j9m_1/site.mol2,bindingdb_scpdb
2p1o,,,Kd,=,1360.0,nM,1.3600000000000001e-06,1360.0,5.866461091629782,3.1335389083702174,,src/data/scPDB 2/2p1o_1/ligand.sdf,src/data/scPDB 2/2p1o_1/site.mol2,bindingdb_scpdb
3c6n,,,Kd,=,1360.0,nM,1.3600000000000001e-06,1360.0,5.866461091629782,3.1335389083702174,,src/data/scPDB 2/3c6n_1/ligand.sdf,src/data/scPDB 2/3c6n_1/site.mol2,bindingdb_scpdb
3c6p,,,Kd,=,1360.0,nM,1.3600000000000001e-06,1360.0,5.866461091629782,3.1335389083702174,,src/data/scPDB 2/3c6p_1/ligand.sdf,src/data/scPDB 2/3c6p_1/site.mol2,bindingdb_scpdb
4aqk,,,Kd,=,1360.0,nM,1.3600000000000001e-06,1360.0,5.866461091629782,3.1335389083702174,,src/data/scPDB 2/4aqk_1/ligand.sdf,src/data/scPDB 2/4aqk_1/site.mol2,bindingdb_scpdb
4z1f,,,Kd,=,240.0,nM,2.4000000000000003e-07,240.0,6.619788758288394,2.380211241711606,,src/data/scPDB 2/4z1f_1/ligand.sdf,src/data/scPDB 2/4z1f_1/site.mol2,bindingdb_scpdb
2y9x,,,Ki,=,8000.0,nM,8.000000000000001e-06,8000.0,5.096910013008056,3.9030899869919438,,src/data/scPDB 2/2y9x_4/ligand.sdf,src/data/scPDB 2/2y9x_4/site.mol2,bindingdb_scpdb
4er7,,,Kd,=,3.4,nM,3.4000000000000003e-09,3.4,8.468521082957745,0.5314789170422551,,src/data/scPDB 2/4er7_1/ligand.sdf,src/data/scPDB 2/4er7_1/site.mol2,bindingdb_scpdb
2yn8,,,Ki,=,260.0,nM,2.6e-07,260.0,6.585026652029182,2.4149733479708178,,src/data/scPDB 2/2yn8_1/ligand.sdf,src/data/scPDB 2/2yn8_1/site.mol2,bindingdb_scpdb
3a4o,,,Ki,=,260.0,nM,2.6e-07,260.0,6.585026652029182,2.4149733479708178,,src/data/scPDB 2/3a4o_1/ligand.sdf,src/data/scPDB 2/3a4o_1/site.mol2,bindingdb_scpdb
3a60,,,Ki,=,260.0,nM,2.6e-07,260.0,6.585026652029182,2.4149733479708178,,src/data/scPDB 2/3a60_2/ligand.sdf,src/data/scPDB 2/3a60_2/site.mol2,bindingdb_scpdb
3bkb,,,Ki,=,260.0,nM,2.6e-07,260.0,6.585026652029182,2.4149733479708178,,src/data/scPDB 2/3bkb_1/ligand.sdf,src/data/scPDB 2/3bkb_1/site.mol2,bindingdb_scpdb
3cbl,,,Ki,=,260.0,nM,2.6e-07,260.0,6.585026652029182,2.4149733479708178,,src/data/scPDB 2/3cbl_1/ligand.sdf,src/data/scPDB 2/3cbl_1/site.mol2,bindingdb_scpdb
3d7t,,,Ki,=,260.0,nM,2.6e-07,260.0,6.585026652029182,2.4149733479708178,,src/data/scPDB 2/3d7t_1/ligand.sdf,src/data/scPDB 2/3d7t_1/site.mol2,bindingdb_scpdb
4bf2,,,Ki,=,260.0,nM,2.6e-07,260.0,6.585026652029182,2.4149733479708178,,src/data/scPDB 2/4bf2_1/ligand.sdf,src/data/scPDB 2/4bf2_1/site.mol2,bindingdb_scpdb
4c34,,,Ki,=,260.0,nM,2.6e-07,260.0,6.585026652029182,2.4149733479708178,,src/data/scPDB 2/4c34_1/ligand.sdf,src/data/scPDB 2/4c34_1/site.mol2,bindingdb_scpdb
4erw,,,Ki,=,260.0,nM,2.6e-07,260.0,6.585026652029182,2.4149733479708178,,src/data/scPDB 2/4erw_1/ligand.sdf,src/data/scPDB 2/4erw_1/site.mol2,bindingdb_scpdb
4u97,,,Ki,=,260.0,nM,2.6e-07,260.0,6.585026652029182,2.4149733479708178,,src/data/scPDB 2/4u97_2/ligand.sdf,src/data/scPDB 2/4u97_2/site.mol2,bindingdb_scpdb
4u9a,,,Ki,=,260.0,nM,2.6e-07,260.0,6.585026652029182,2.4149733479708178,,src/data/scPDB 2/4u9a_1/ligand.sdf,src/data/scPDB 2/4u9a_1/site.mol2,bindingdb_scpdb
4yzc,,,Ki,=,260.0,nM,2.6e-07,260.0,6.585026652029182,2.4149733479708178,,src/data/scPDB 2/4yzc_1/ligand.sdf,src/data/scPDB 2/4yzc_1/site.mol2,bindingdb_scpdb
